CASE_ID,ACCIDENT_YEAR,PROC_DATE,JURIS,COLLISION_DATE,COLLISION_TIME,OFFICER_ID,REPORTING_DISTRICT,DAY_OF_WEEK,CHP_SHIFT,POPULATION,CNTY_CITY_LOC,SPECIAL_COND,BEAT_TYPE,CHP_BEAT_TYPE,CITY_DIVISION_LAPD,CHP_BEAT_CLASS,BEAT_NUMBER,PRIMARY_RD,SECONDARY_RD,DISTANCE,DIRECTION,INTERSECTION,WEATHER_1,WEATHER_2,STATE_HWY_IND,CALTRANS_COUNTY,CALTRANS_DISTRICT,STATE_ROUTE,ROUTE_SUFFIX,POSTMILE_PREFIX,POSTMILE,LOCATION_TYPE,RAMP_INTERSECTION,SIDE_OF_HWY,TOW_AWAY,COLLISION_SEVERITY,NUMBER_KILLED,NUMBER_INJURED,PARTY_COUNT,PRIMARY_COLL_FACTOR,PCF_CODE_OF_VIOL,PCF_VIOL_CATEGORY,PCF_VIOLATION,PCF_VIOL_SUBSECTION,HIT_AND_RUN,TYPE_OF_COLLISION,MVIW,PED_ACTION,ROAD_SURFACE,ROAD_COND_1,ROAD_COND_2,LIGHTING,CONTROL_DEVICE,CHP_ROAD_TYPE,PEDESTRIAN_ACCIDENT,BICYCLE_ACCIDENT,MOTORCYCLE_ACCIDENT,TRUCK_ACCIDENT,NOT_PRIVATE_PROPERTY,ALCOHOL_INVOLVED,STWD_VEHTYPE_AT_FAULT,CHP_VEHTYPE_AT_FAULT,COUNT_SEVERE_INJ,COUNT_VISIBLE_INJ,COUNT_COMPLAINT_PAIN,COUNT_PED_KILLED,COUNT_PED_INJURED,COUNT_BICYCLIST_KILLED,COUNT_BICYCLIST_INJURED,COUNT_MC_KILLED,COUNT_MC_INJURED,PRIMARY_RAMP,SECONDARY_RAMP,LATITUDE,LONGITUDE,COUNTY,CITY,POINT_X,POINT_Y
6378247,2014,2014-06-16,4203,2014-02-01,2205,6969,,6,5,5,4203,0,0,0,,0,004,"STATE ST","HALEY ST",150.00,N,N,A,-,N,,,,,,,,,,N,3,0,1,2,A,-,17,22517,,N,B,G,A,A,H,-,C,D,0,,Y,,,Y,,-,,0,1,0,0,0,0,1,0,0,"- ","- ",34.25,-119.4144,"SANTA BARBARA","SANTA BARBARA",-119.69591111,34.417063919999997
6378259,2014,2014-06-16,4203,2014-02-01,1923,6114,4203,6,5,5,4203,0,0,0,,0,005,"W ALAMAR AV","STATE ST",270.00,W,N,A,-,N,,,,,,,,,,Y,3,0,1,2,A,-,"- ",,,N,C,C,A,A,H,-,C,D,0,,,,,Y,Y,-,,0,1,0,0,0,0,0,0,0,"- ","- ",34.261699999999998,-119.4329,"SANTA BARBARA","SANTA BARBARA",-119.72477000000001,34.438540000000003
6378263,2014,2016-03-05,4203,2014-02-01,2054,5751,,6,5,5,4203,0,0,0,,0,003,"GARDEN ST","RT 101",0.00,,Y,A,-,Y,SB,5,101,-,-,13.357,R,4,S,N,3,0,1,2,A,-,12,21453,A,N,H,G,A,A,H,-,C,A,0,,Y,,,Y,Y,L,04,0,1,0,0,0,0,1,0,0,"- ",SO,34.255139999999997,-119.41219,"SANTA BARBARA","SANTA BARBARA",-119.6874827,34.419272149999998
6378267,2014,2014-06-16,4203,2014-02-04,1009,2661,,2,5,5,4203,0,0,0,,0,006,"MODOC RD","HACIENDA DR",280.00,S,N,A,-,N,,,,,,,,,,N,3,0,1,2,A,-,08,22107,,N,B,G,A,A,H,-,A,D,0,,Y,,,Y,,-,,0,1,0,0,0,0,1,0,0,"- ","- ",34.253,-119.4258,"SANTA BARBARA","SANTA BARBARA",-119.73277219000001,34.425466440000001
6378388,2014,2014-06-18,4203,2014-02-06,1017,2661,,4,5,5,4203,0,0,0,,0,005,"BATH ST","CONSTANCE AV",0.00,,Y,B,-,N,,,,,,,,,,N,4,0,2,2,A,-,09,21801,A,N,B,C,A,B,H,-,A,D,0,,,,,Y,,-,,0,0,2,0,0,0,0,0,0,"- ","- ",34.255800000000001,-119.4332,"SANTA BARBARA","SANTA BARBARA",-119.72576992,34.433080099999998
6378392,2014,2014-06-18,4203,2014-02-08,0147,2264,30,6,5,5,4203,0,0,0,,0,001,"N ALISOS ST","E MONTICITO ST",90.00,S,N,A,-,N,,,,,,,,,,Y,3,0,1,2,A,-,01,23152,A,N,A,E,A,A,H,-,C,D,0,,,,,Y,Y,-,,0,1,0,0,0,0,0,0,0,"- ","- ",34.253100000000003,-119.04053,"SANTA BARBARA","SANTA BARBARA",-119.68143899,34.425353729999998
6378396,2014,2014-06-18,4203,2014-02-08,1737,2058,40,6,5,5,4203,0,0,0,,0,003,"STATE ST","GUTIERREZ ST",354.00,S,N,B,-,N,,,,,,,,,,N,2,0,2,3,A,-,05,21650,,N,A,C,A,A,H,-,B,D,0,,Y,,,Y,,L,04,1,1,0,0,0,0,2,0,0,"- ","- ",34.245440000000002,-119.41355,"SANTA BARBARA","SANTA BARBARA",-119.69334648,34.415224119999998
6378400,2014,2014-06-18,4203,2014-02-06,2251,3433,,4,5,5,4203,0,0,0,,0,003,"E GUTIERREZ ST","STATE ST",0.00,,Y,B,-,N,,,,,,,,,,N,2,0,1,2,A,-,11,21453,D,F,G,B,B,B,H,-,C,A,0,Y,,,,Y,Y,N,60,1,0,0,0,1,0,0,0,0,"- ","- ",34.245699999999999,-119.41391,"SANTA BARBARA","SANTA BARBARA",-119.69421991,34.415870050000002
6388442,2014,2016-01-14,9755,2014-02-10,1645,017884,,1,2,9,4200,0,1,3,,2,041,"RT 246","REFUGIO RD",300.00,E,N,A,-,Y,SB,5,246,-,-,32.180,H,-,E,N,4,0,1,2,A,-,03,22350,,N,C,C,A,A,H,-,A,A,0,,,,,Y,,B,07,0,0,1,0,0,0,0,0,0,"- ","- ",34.606679999999997,-120.09674,"SANTA BARBARA",UNINCORPORATED,-120.09710434,34.606599969999998
6388749,2014,2014-06-05,9755,2014-01-24,2142,020202,,5,2,9,4200,0,3,5,,2,050,"CONSTELLATION RD","CONSTELLATION WY",12.00,N,N,A,-,N,,,,,,,,,,N,3,0,1,2,A,-,11,21954,A,N,G,B,E,A,H,-,C,A,0,Y,,,,Y,,N,60,0,1,0,0,1,0,0,0,0,"- ","- ",34.701419999999999,-120.46595000000001,"SANTA BARBARA",UNINCORPORATED,-120.46583025,34.701638639999999
6388757,2014,2016-06-07,9755,2014-01-21,1330,015973,,2,1,9,4200,0,1,3,,1,042,"RT 246","RT 154",10.00,W,N,B,-,Y,SB,5,246,-,R,34.590,H,-,E,N,4,0,2,2,A,-,03,22350,,N,C,C,A,A,D,E,A,A,0,,,,,Y,,A,01,0,0,2,0,0,0,0,0,0,"- ","- ",34.610329999999998,-120.05465,"SANTA BARBARA",UNINCORPORATED,-120.05532406,34.610440339999997
6388829,2014,2016-03-05,9760,2014-01-03,1235,018572,,5,1,5,4203,0,1,2,,2,020,"RT 101","STATE ST",50.00,N,N,A,-,Y,SB,5,101,-,-,18.120,H,-,S,N,4,0,1,3,A,-,07,21658,A,N,B,C,A,A,H,-,A,D,1,,,,,Y,,A,01,0,0,1,0,0,0,0,0,0,"- ","- ",34.440130000000003,-119.75572,"SANTA BARBARA","SANTA BARBARA",-119.75589856000001,34.440285209999999
6389275,2014,2016-03-05,4200,2014-02-12,0949,4708,10,3,5,3,4205,0,0,0,,0,040,"RT 101","LINDEN AV",0.00,,Y,A,-,Y,SB,5,101,-,-,3.170,R,1,S,N,4,0,1,2,A,-,10,21950,A,N,G,B,B,A,H,-,A,D,0,Y,,,,Y,,A,01,0,0,1,0,1,0,0,0,0,SF,"- ",,,"SANTA BARBARA",CARPINTERIA,-119.51838424,34.401635339999999
6390386,2014,2016-03-05,4202,2014-01-30,0511,239,LOMPO,4,5,4,4202,0,0,0,,0,015,"RT 246","3RD ST",55.00,E,N,A,-,Y,SB,5,246,-,-,29.450,H,-,E,Y,4,0,2,2,A,-,03,22350,,N,C,C,A,A,H,-,C,A,0,,,,Y,Y,,A,01,0,0,2,0,0,0,0,0,0,"- ","- ",,,"SANTA BARBARA",LOMPOC,-120.14156149999999,34.59603748
6390845,2014,2014-06-19,9760,2014-02-17,1020,15658,,1,1,9,4200,0,3,5,,2,005,"MADRID RD","EMBARCADERO DEL MAR",0.00,,Y,B,-,N,,,,,,,,,,N,3,0,1,2,A,-,12,22450,A,N,D,G,A,A,H,-,A,A,0,,Y,,,Y,Y,L,04,0,1,0,0,0,0,1,0,0,"- ","- ",34.412320000000001,-119.85702000000001,"SANTA BARBARA",UNINCORPORATED,-119.85703989,34.412460080000002
6390846,2014,2014-06-18,9760,2014-02-10,1240,16739,,1,1,9,4200,0,3,5,,2,002,"HOLLISTER AV","AUHAY DR",65.00,E,N,A,-,N,,,,,,,,,,Y,4,0,4,4,A,-,03,22350,,N,C,C,A,A,H,-,A,A,0,,,,,Y,,A,01,0,0,4,0,0,0,0,0,0,"- ","- ",34.43947,-119.77455,"SANTA BARBARA",UNINCORPORATED,-119.78156289,34.438109050000001
6390848,2014,2016-03-05,9760,2014-02-11,0656,17140,,2,1,9,4200,0,1,2,,2,010,"RT 101","EVANS AV",1584.00,S,N,A,-,Y,SB,5,101,-,R,7.960,H,-,S,Y,4,0,2,3,A,-,03,22350,,N,C,C,A,A,H,-,A,D,1,,,,,Y,,A,01,0,0,2,0,0,0,0,0,0,"- ","- ",34.419460000000001,-119.59444000000001,"SANTA BARBARA",UNINCORPORATED,-119.59637334,34.419842770000002
6390849,2014,2016-03-05,9760,2014-02-11,0745,17097,,2,1,9,4200,0,1,2,,2,010,"RT 101","SHEFFIELD DR",1056.00,S,N,A,-,Y,SB,5,101,-,-,8.760,H,-,S,Y,4,0,1,3,A,-,03,22350,,N,B,C,A,A,H,-,A,D,1,,,,,Y,,A,01,0,0,1,0,0,0,0,0,0,"- ","- ",34.42098,-119.60924,"SANTA BARBARA",UNINCORPORATED,-119.60984362000001,34.421147099999999
6390951,2014,2014-06-16,9750,2014-02-21,1825,015334,,5,2,9,4200,0,3,5,,2,020,"PATTERSON RD","MARTIN AV",213.00,E,N,A,-,N,,,,,,,,,,Y,4,0,1,2,A,-,03,22350,,N,C,E,A,A,H,-,C,D,0,,,,,Y,,A,01,0,0,1,0,0,0,0,0,0,"- ","- ",34.8688,-120.4337,"SANTA BARBARA",UNINCORPORATED,-120.43362027000001,34.8687592
6363675,2014,2014-06-11,9750,2014-01-27,1525,014358,,1,2,9,4200,0,2,4,,1,024,"CLARK AV","PACIFIC ST",0.00,,Y,A,-,N,,,,,,,,,,N,4,0,1,2,A,-,06,21951,,N,G,B,B,A,H,-,A,A,0,Y,,,,Y,,A,07,0,0,1,0,1,0,0,0,0,"- ","- ",34.865369999999999,-120.44482000000001,"SANTA BARBARA",UNINCORPORATED,-120.44468994,34.865150030000002
6363679,2014,2014-06-11,9750,2014-01-16,1600,013267,,4,2,9,4200,0,3,5,,2,020,"RICE RANCH RD","VIA ARLETA",125.00,W,N,A,-,N,,,,,,,,,,Y,3,0,1,1,A,-,08,22107,,N,E,I,A,A,H,-,A,D,0,,,,,Y,,A,07,0,1,0,0,0,0,0,0,0,"- ","- ",34.856920000000002,-120.41612000000001,"SANTA BARBARA",UNINCORPORATED,-120.41629082999999,34.85702758
6363828,2014,2014-06-23,4203,2014-01-28,0953,2520,4203,2,5,5,4203,0,0,0,,0,006,"BARRANCA AV","DEL SOL AV",0.00,,Y,A,-,N,,,,,,,,,,Y,2,0,1,2,A,-,09,21802,B,N,D,C,A,A,H,-,A,D,0,,,,,Y,,-,,1,0,0,0,0,0,0,0,0,"- ","- ",,,"SANTA BARBARA","SANTA BARBARA",-119.70491989999999,34.402760069999999
6363832,2014,2014-06-23,4203,2014-01-27,1256,6700,56,1,5,5,4203,0,0,0,,0,005,"CALLE REAL","STATE ST",255.00,N,N,A,-,N,,,,,,,,,,Y,3,0,1,1,A,-,03,22350,,N,B,I,A,A,H,-,A,D,0,,,,,Y,,A,01,0,1,0,0,0,0,0,0,0,"- ","- ",34.262729999999998,-119.45173,"SANTA BARBARA","SANTA BARBARA",-119.75480930000001,34.440803860000003
6363836,2014,2014-06-23,4203,2014-01-29,1343,2661,,3,5,5,4203,0,0,0,,0,005,"ALAMAR AV","BATH ST",32.00,E,N,A,-,N,,,,,,,,,,N,4,0,1,2,A,-,09,21804,A,N,D,C,A,A,C,-,A,A,0,,,,,Y,,-,,0,0,1,0,0,0,0,0,0,"- ","- ",,,"SANTA BARBARA","SANTA BARBARA",-119.72615,34.433349999999997
6363840,2014,2015-08-10,4203,2014-01-09,0925,9480,,4,5,5,4203,0,0,0,,0,005,"CALLE REAL","LOS POSITAS RD",0.00,,Y,A,-,N,,,,,,,,,,N,3,0,1,2,A,-,"- ",,,N,C,C,A,A,H,-,A,A,0,,,,,Y,,-,,0,1,0,0,0,0,0,0,0,"- ","- ",34.254309999999997,-119.44032,"SANTA BARBARA","SANTA BARBARA",-119.73373986999999,34.428590020000001
6366019,2014,2016-03-05,9760,2014-01-28,0750,17674,,2,1,5,4203,0,1,2,,2,011,"RT 101","GARDEN ST",300.00,N,N,A,-,Y,SB,5,101,-,-,13.720,H,-,S,Y,4,0,1,2,A,-,03,22350,,N,C,C,A,A,H,-,A,D,1,,,,,Y,,D,22,0,0,1,0,0,0,0,0,0,"- ","- ",34.415570000000002,-119.69216,"SANTA BARBARA","SANTA BARBARA",-119.69224297,34.41581223
6366022,2014,2016-03-05,9760,2014-01-16,1850,019819,,4,2,9,4200,0,1,2,,1,030,"RT 101","HOLLISTER AV",528.00,N,N,A,-,Y,SB,5,101,-,-,27.010,H,-,N,Y,4,0,1,2,A,-,07,21658,A,N,B,C,A,A,H,-,C,D,5,,,,,Y,,D,22,0,0,1,0,0,0,0,0,0,"- ","- ",34.255899999999997,-119.5444,"SANTA BARBARA",UNINCORPORATED,-119.90989813,34.43271627
6366023,2014,2016-01-14,9760,2014-01-14,1150,17307,,2,1,9,4200,0,1,3,,1,015,"RT 150","RINCON HILL RD",1584.00,N,N,A,-,Y,SB,5,150,-,-,0.800,H,-,E,Y,4,0,1,3,A,-,17,23114,A,N,E,J,A,A,H,-,A,D,0,,,,,Y,,D,22,0,0,1,0,0,0,0,0,0,"- ","- ",34.382719999999999,-119.47259,"SANTA BARBARA",UNINCORPORATED,-119.4718518,34.385629119999997
6366025,2014,2016-03-05,9760,2014-01-16,1825,019534,,4,2,5,4203,0,1,2,,2,020,"RT 101","TURNPIKE RD",250.00,S,N,A,-,Y,SB,5,101,-,-,20.010,H,-,N,Y,4,0,1,6,A,-,03,22350,,M,C,C,A,A,H,-,C,A,1,,,,Y,Y,,A,08,0,0,1,0,0,0,0,0,0,"- ","- ",34.436709999999998,-119.75363,"SANTA BARBARA","SANTA BARBARA",-119.78844295,34.442413719999998
6366267,2014,2016-03-05,9760,2014-01-31,0606,19069,,5,1,5,4203,0,1,2,,2,011,"RT 101","JUNIPERO ST",550.00,S,N,A,-,Y,SB,5,101,-,-,16.130,H,-,S,Y,2,0,4,4,C,-,18,,,N,D,C,A,A,C,-,D,D,1,,,,,Y,Y,-,"- ",2,1,1,0,0,0,0,0,0,"- ","- ",34.253700000000002,-119.43340000000001,"SANTA BARBARA","SANTA BARBARA",-119.72644468999999,34.42669137
6379680,2014,2014-06-14,4200,2014-02-10,0809,3806,6,1,5,2,4206,0,0,0,,0,,"ALISAL RD","OAK ST",0.00,,Y,B,-,N,,,,,,,,,,N,4,0,1,2,A,-,09,21802,A,N,D,G,A,A,H,-,A,A,0,,Y,,,Y,,D,22,0,0,1,0,0,0,1,0,0,"- ","- ",,,"SANTA BARBARA",SOLVANG,-120.13931993,34.593140009999999
6381502,2014,2016-03-05,9750,2014-02-12,0745,014449,,3,1,5,4204,0,1,2,,2,001,"RT 101","RT 135",1584.00,S,N,A,-,Y,SB,5,101,-,-,90.350,H,-,S,Y,4,0,2,2,A,-,08,22107,,N,C,C,A,A,H,-,A,D,0,,,,,Y,,A,07,0,0,2,0,0,0,0,0,0,"- ","- ",34.977179999999997,-120.42910000000001,"SANTA BARBARA","SANTA MARIA",-120.42837599000001,34.976118540000002
6381506,2014,2016-03-05,9750,2014-02-12,0035,017616,,3,3,5,4204,0,1,2,,2,001,"RT 101","STOWELL RD",280.00,N,N,A,-,Y,SB,5,101,-,-,87.670,H,-,S,Y,3,0,1,1,A,-,08,22107,,N,E,I,A,A,H,-,C,D,0,,,,Y,Y,,F,26,0,1,0,0,0,0,0,0,0,"- ","- ",34.939230000000002,-120.41802,"SANTA BARBARA","SANTA MARIA",-120.41789444,34.939306860000002
6381510,2014,2016-01-14,9750,2014-02-06,1630,013267,,4,2,9,4200,0,1,3,,1,062,"RT 166","SIERRA MADRE RD",2640.00,W,N,C,-,Y,SB,5,166,-,-,34.020,H,-,E,Y,4,0,1,1,A,-,03,22350,,N,E,I,A,B,H,-,A,D,0,,,,,Y,,D,22,0,0,1,0,0,0,0,0,0,"- ","- ",35.1096,-120.09925,"SANTA BARBARA",UNINCORPORATED,-120.11731383,35.100354600000003
6381518,2014,2014-06-17,9750,2014-02-07,0740,013267,,5,1,9,4200,0,3,5,,2,020,"RICE RANCH RD","ORCUTT RD",300.00,E,N,A,-,N,,,,,,,,,,Y,4,0,1,3,A,-,03,22350,,N,C,C,A,A,H,-,A,D,0,,,,,Y,,A,01,0,0,1,0,0,0,0,0,0,"- ","- ",34.8581,-120.43535,"SANTA BARBARA",UNINCORPORATED,-120.43637,34.858600000000003
6381859,2014,2014-06-18,9760,2014-02-10,1625,16739,,1,2,9,4200,0,3,5,,2,002,"VIA EL ENCANTADOR","ANITA LN",550.00,N,N,A,-,N,,,,,,,,,,N,4,0,1,2,A,-,21,22106,,N,G,B,F,A,H,-,A,D,0,Y,,,,Y,,A,07,0,0,1,0,1,0,0,0,0,"- ","- ",34.431939999999997,-119.79686,"SANTA BARBARA",UNINCORPORATED,-119.79684107,34.43286002
6381871,2014,2016-03-05,9760,2014-02-11,0655,17307,,2,1,9,4200,0,1,2,,2,010,"RT 101","EVANS AV",1584.00,S,N,A,-,Y,SB,5,101,-,R,7.960,H,-,S,Y,3,0,3,4,A,-,03,22350,,N,C,C,A,A,H,-,A,D,1,,,,,Y,,A,07,0,1,2,0,0,0,0,0,0,"- ","- ",34.419460000000001,-119.59444000000001,"SANTA BARBARA",UNINCORPORATED,-119.59637334,34.419842770000002
6382151,2014,2014-06-18,9760,2014-02-05,0810,017674,,3,1,3,4205,0,1,2,,2,010,"RT 101","CASITAS PASS RD",150.00,S,N,A,-,N,,,101,,,,,,,N,4,0,1,4,A,-,03,22350,,N,C,C,A,A,H,-,A,D,0,,,,,Y,,A,01,0,0,1,0,0,0,0,0,0,"- ","- ",34.395159999999997,-119.51043,"SANTA BARBARA",CARPINTERIA,-119.51037477,34.395197699999997
6382323,2014,2014-06-17,9750,2014-02-20,1650,016469,,4,2,9,4200,0,2,4,,1,024,"CLARK AV","DYER ST",0.00,,Y,A,-,N,,,,,,,,,,Y,4,0,2,2,A,-,08,22107,,N,B,C,A,A,H,-,A,A,0,,,,,Y,,D,22,0,0,2,0,0,0,0,0,0,"- ","- ",34.865070000000003,-120.44231000000001,"SANTA BARBARA",UNINCORPORATED,-120.44215989999999,34.865120089999998
6382389,2014,2016-03-05,9760,2014-01-30,1240,012518,,4,1,9,4200,0,1,3,,1,022,"RT 154","SAN ANTONIO CREEK RD",13200.00,W,N,B,C,Y,SB,5,154,-,-,27.610,H,-,W,Y,3,0,2,2,A,-,03,22350,,N,A,C,A,B,H,-,A,D,0,,,,,Y,,A,08,0,1,1,0,0,0,0,0,0,"- ","- ",34.4895,-119.7839,"SANTA BARBARA",UNINCORPORATED,-119.7835748,34.489904959999997
6382393,2014,2014-06-06,9760,2014-01-27,2030,018991,,1,2,9,4200,0,3,5,,2,005,"SUENO RD","CAMINO DEL SUR",526.00,E,N,A,-,N,,,,,,,,,,N,4,0,1,2,A,-,09,21804,A,N,D,G,A,A,H,-,D,D,0,,Y,,,Y,,A,01,0,0,1,0,0,0,1,0,0,"- ","- ",34.412640000000003,-119.86082,"SANTA BARBARA",UNINCORPORATED,-119.86082729,34.412646510000002
6393614,2014,2014-06-17,4200,2014-02-24,0803,3683,14,1,5,4,4214,0,0,0,,0,050,"N FAIRVIEW AV","ENCINA RD",0.00,,Y,B,-,N,,,,,,,,,,Y,4,0,1,2,A,-,09,21801,A,N,A,C,A,A,H,-,A,A,0,,,,,Y,,A,07,0,0,1,0,0,0,0,0,0,"- ","- ",,,"SANTA BARBARA",GOLETA,-119.83067993,34.443070030000001
6395742,2014,2016-03-05,9750,2014-02-14,0708,016469,,5,1,9,4200,0,1,2,,2,001,"RT 101","DONOVAN RD",1584.00,S,N,A,-,Y,SB,5,101,-,-,89.390,H,-,N,N,4,0,1,1,C,-,18,,,N,E,I,A,A,H,-,A,D,0,,,,,Y,,-,"- ",0,0,1,0,0,0,0,0,0,"- ","- ",34.96293,-120.41985,"SANTA BARBARA",UNINCORPORATED,-120.42047079,34.96374883
6396329,2014,2014-06-17,4204,2014-01-31,0100,90228,26,5,5,5,4204,0,0,0,,0,001,FESLER,THORNBURG,135.00,W,N,A,-,N,,,,,,,,,,N,4,0,1,2,C,-,18,,,N,G,B,E,A,H,-,C,D,0,Y,,,,Y,Y,-,"- ",0,0,1,0,1,0,0,0,0,"- ","- ",,,"SANTA BARBARA","SANTA MARIA",-120.44076038999999,34.956510000000002
6396333,2014,2016-01-14,4204,2014-01-24,1555,90081,57,5,5,5,4204,0,0,0,,0,002,BROADWAY,"STOWELL RD",100.00,N,N,A,-,Y,SB,5,135,-,-,14.800,H,-,S,Y,4,0,2,3,A,-,03,22350,,N,C,C,A,A,H,-,A,A,0,,,,,Y,,A,08,0,0,2,0,0,0,0,0,0,"- ","- ",,,"SANTA BARBARA","SANTA MARIA",-120.4360923,34.938808559999998
6396337,2014,2014-06-06,4204,2014-01-30,0742,90200,11,4,5,5,4204,0,0,0,,0,001,"CARLOTTI DR","PADEN ST",65.00,N,N,B,C,N,,,,,,,,,,N,4,0,1,2,A,-,03,22350,,N,C,C,A,B,H,-,A,D,0,,,,,Y,,A,01,0,0,1,0,0,0,0,0,0,"- ","- ",,,"SANTA BARBARA","SANTA MARIA",-120.42222581999999,34.971748499999997
6396484,2014,2016-01-14,4204,2014-02-12,1643,22104,68,3,5,5,4204,0,0,0,,0,003,BROADWAY,"PLAZA DR",0.00,,Y,A,-,Y,SB,5,135,-,-,14.700,H,-,N,Y,4,0,1,2,A,-,21,22106,,N,C,C,A,A,H,-,A,A,0,,,,,Y,,A,01,0,0,1,0,0,0,0,0,0,"- ","- ",,,"SANTA BARBARA","SANTA MARIA",-120.43593227,34.937366240000003
6396488,2014,2014-06-24,4204,2014-02-18,0825,90246,02,2,5,5,4204,0,0,0,,0,001,"PREISKER LN",CEDAR,12.00,N,N,A,-,N,,,,,,,,,,Y,4,0,3,2,A,-,03,22350,,N,C,C,A,A,H,-,A,D,0,,,,,Y,,A,01,0,0,3,0,0,0,0,0,0,"- ","- ",,,"SANTA BARBARA","SANTA MARIA",-120.4352591,34.981132950000003
6396492,2014,2014-06-24,4204,2014-02-17,1340,22270,03,1,5,5,4204,0,0,0,,0,075,INGER,MCCLELLAND,0.00,,Y,A,-,N,,,,,,,,,,Y,4,0,1,2,A,-,09,21800,,N,D,C,A,A,H,-,A,D,0,,,,,Y,,-,,0,0,1,0,0,0,0,0,0,"- ","- ",,,"SANTA BARBARA","SANTA MARIA",-120.43375992,34.926560080000002
6396496,2014,2014-06-24,4204,2014-02-16,0119,90139,72,7,5,5,4204,0,0,0,,0,003,"S BLOSSER RD",CARMEN,30.00,N,N,A,-,N,,,,,,,,,,Y,3,0,1,2,A,-,03,22350,,N,E,I,D,A,H,-,C,A,0,Y,,,,Y,,A,01,0,1,0,0,0,0,0,0,0,"- ","- ",,,"SANTA BARBARA","SANTA MARIA",-120.45402,34.924322400000001
6396516,2014,2014-06-24,4204,2014-02-23,0322,90139,19,7,5,5,4204,0,0,0,,0,001,"E DONOVAN",PEPPERWOOD,93.00,W,N,A,-,N,,,,,,,,,,Y,4,0,1,1,A,-,08,22107,,N,F,I,A,A,H,-,E,D,0,,,,,Y,,A,01,0,0,1,0,0,0,0,0,0,"- ","- ",,,"SANTA BARBARA","SANTA MARIA",-120.4191103,34.96763
6396547,2014,2014-06-24,4204,2014-02-10,1344,22104,76,1,5,5,4204,0,0,0,,0,003,"BETTERAVIA RD","AUTO PLAZA LN",156.00,E,N,A,-,N,,,,,,,,,,Y,4,0,4,2,A,-,03,22350,,N,C,C,A,A,H,-,A,A,0,,,,,Y,,A,01,0,0,4,0,0,0,0,0,0,"- ","- ",,,"SANTA BARBARA","SANTA MARIA",-120.42353989999999,34.923580190000003
6366270,2014,2016-03-05,9760,2014-02-05,0800,17306,,3,1,3,4205,0,1,2,,2,010,"RT 101","SANTA MONICA CREEK",2112.00,N,N,A,-,Y,SB,5,101,-,-,4.180,H,-,N,N,4,0,1,4,A,-,01,23153,A,N,C,C,A,A,H,-,A,D,1,,,,,Y,Y,D,22,0,0,1,0,0,0,0,0,0,"- ","- ",34.405189999999997,-119.53592999999999,"SANTA BARBARA",CARPINTERIA,-119.53546905,34.405066050000002
6366271,2014,2016-03-05,9760,2014-01-29,1320,17140,,3,1,5,4203,0,1,2,,2,011,"RT 101","MICHELTORENA ST",528.00,N,N,A,-,Y,SB,5,101,-,R,15.320,R,2,N,Y,3,0,1,1,A,-,01,23152,A,N,F,A,A,A,H,-,A,D,1,,,,,Y,Y,D,22,0,1,0,0,0,0,0,0,0,"- ","- ",34.422139999999999,-119.71468,"SANTA BARBARA","SANTA BARBARA",-119.71466909,34.421491949999997
6400447,2014,2014-07-01,4200,2014-03-01,1444,3637,10,6,5,3,4205,0,0,0,,0,030,"CARPINTERIA AV","LINDEN AV",0.00,,Y,B,-,N,,,,,,,,,,Y,4,0,1,2,A,-,"- ",,,N,C,C,A,B,H,-,A,A,0,,,,,Y,,-,,0,0,1,0,0,0,0,0,0,"- ","- ",,,"SANTA BARBARA",CARPINTERIA,-119.51839991999999,34.39893008
6401386,2014,2016-03-05,9750,2014-02-06,1230,16874,,4,1,5,4204,0,1,2,,2,001,"RT 101","BETTERAVIA RD",3696.00,S,N,C,-,Y,SB,5,101,-,-,85.890,H,-,S,Y,4,0,1,2,A,-,03,22350,,N,C,C,A,B,D,-,A,D,0,,,,,Y,,A,01,0,0,1,0,0,0,0,0,0,"- ","- ",34.915550000000003,-120.41679999999999,"SANTA BARBARA","SANTA MARIA",-120.41811097,34.913549920000001
6401390,2014,2016-01-14,9750,2014-02-06,1510,17379,,4,2,9,4200,0,1,3,,1,021,"RT 135","LAKEVIEW RD",325.00,N,N,B,C,Y,SB,5,135,-,-,11.790,H,-,S,Y,4,0,5,2,A,-,03,22350,,N,C,C,A,B,H,-,A,D,5,,,,,Y,,A,07,0,0,5,0,0,0,0,0,0,"- ","- ",34.096089999999997,-120.43657,"SANTA BARBARA",UNINCORPORATED,-120.43660868000001,34.89538795
6401394,2014,2016-03-05,9750,2014-02-09,1420,14358,,7,2,5,4204,0,1,2,,2,001,"RT 101","DONOVAN RD",1584.00,S,N,A,-,Y,SB,5,101,-,-,89.390,H,-,S,Y,4,0,2,1,A,-,08,22107,,N,E,I,A,A,H,-,A,D,0,,,,,Y,,A,07,0,0,2,0,0,0,0,0,0,"- ","- ",34.963880000000003,-120.42061,"SANTA BARBARA","SANTA MARIA",-120.42067105,34.96377081