CASE_ID,ACCIDENT_YEAR,PROC_DATE,JURIS,COLLISION_DATE,COLLISION_TIME,OFFICER_ID,REPORTING_DISTRICT,DAY_OF_WEEK,CHP_SHIFT,POPULATION,CNTY_CITY_LOC,SPECIAL_COND,BEAT_TYPE,CHP_BEAT_TYPE,CITY_DIVISION_LAPD,CHP_BEAT_CLASS,BEAT_NUMBER,PRIMARY_RD,SECONDARY_RD,DISTANCE,DIRECTION,INTERSECTION,WEATHER_1,WEATHER_2,STATE_HWY_IND,CALTRANS_COUNTY,CALTRANS_DISTRICT,STATE_ROUTE,ROUTE_SUFFIX,POSTMILE_PREFIX,POSTMILE,LOCATION_TYPE,RAMP_INTERSECTION,SIDE_OF_HWY,TOW_AWAY,COLLISION_SEVERITY,NUMBER_KILLED,NUMBER_INJURED,PARTY_COUNT,PRIMARY_COLL_FACTOR,PCF_CODE_OF_VIOL,PCF_VIOL_CATEGORY,PCF_VIOLATION,PCF_VIOL_SUBSECTION,HIT_AND_RUN,TYPE_OF_COLLISION,MVIW,PED_ACTION,ROAD_SURFACE,ROAD_COND_1,ROAD_COND_2,LIGHTING,CONTROL_DEVICE,CHP_ROAD_TYPE,PEDESTRIAN_ACCIDENT,BICYCLE_ACCIDENT,MOTORCYCLE_ACCIDENT,TRUCK_ACCIDENT,NOT_PRIVATE_PROPERTY,ALCOHOL_INVOLVED,STWD_VEHTYPE_AT_FAULT,CHP_VEHTYPE_AT_FAULT,COUNT_SEVERE_INJ,COUNT_VISIBLE_INJ,COUNT_COMPLAINT_PAIN,COUNT_PED_KILLED,COUNT_PED_INJURED,COUNT_BICYCLIST_KILLED,COUNT_BICYCLIST_INJURED,COUNT_MC_KILLED,COUNT_MC_INJURED,PRIMARY_RAMP,SECONDARY_RAMP,LATITUDE,LONGITUDE,COUNTY,CITY,POINT_X,POINT_Y
6401407,2014,2016-03-05,4200,2014-01-18,1745,4652,,6,5,2,4206,0,0,0,,0,,"RT 246","SKYTT MESA DR",953.00,E,N,A,-,Y,SB,5,246,-,-,28.790,H,-,W,N,2,0,1,1,A,-,08,22107,,N,H,A,A,A,C,E,B,D,0,,Y,,,Y,Y,L,04,1,0,0,0,0,0,1,0,0,"- ","- ",,,"SANTA BARBARA",SOLVANG,-120.15214654,34.594147800000002
6401747,2014,2014-06-23,4202,2014-02-28,1055,22,LOMPO,5,5,4,4202,0,0,0,,0,,"CHESTNUT AV","D ST",0.00,,Y,C,-,N,,,,,,,,,,Y,4,0,1,2,A,-,09,21802,,N,D,C,A,B,H,-,A,D,0,,,,,Y,,A,01,0,0,1,0,0,0,0,0,0,"- ","- ",,,"SANTA BARBARA",LOMPOC,-120.45277994999999,34.642190110000001
6403045,2014,2014-06-20,4204,2014-03-02,1908,22104,79,7,5,5,4204,0,0,0,,0,003,"BETTERAVIA RD","A ST",1000.00,W,N,B,-,N,,,,,,,,,,Y,4,0,4,2,A,-,01,23153,A,N,B,C,A,A,H,-,D,A,0,,,,,Y,Y,D,22,0,0,4,0,0,0,0,0,0,"- ","- ",,,"SANTA BARBARA","SANTA MARIA",-120.46734451,34.920780890000003
6403062,2014,2016-03-05,9755,2014-02-24,1848,019464,,1,2,9,4200,0,3,5,,2,050,"MISSION GATE RD","RT 246",10.00,N,N,A,-,Y,SB,5,246,-,R,11.360,I,6,W,N,4,0,1,2,A,-,03,22350,,N,C,C,A,A,H,-,D,A,0,,,,,Y,,A,07,0,0,1,0,0,0,0,0,0,"- ","- ",34.663620000000002,-120.42234999999999,"SANTA BARBARA",UNINCORPORATED,-120.42221541000001,34.663523060000003
6403275,2014,2014-06-20,4204,2014-02-15,1243,23656,98,6,5,5,4204,0,0,0,,0,002,JONES,"SUEY RD",117.00,W,N,A,-,N,,,,,,,,,,Y,4,0,1,1,A,-,01,23152,E,N,A,I,A,A,H,-,A,A,0,,,,,Y,,D,22,0,0,1,0,0,0,0,0,0,"- ","- ",,,"SANTA BARBARA","SANTA MARIA",-120.40956027999999,34.94576
6396551,2014,2016-01-14,4204,2014-02-10,1055,90200,69,1,5,5,4204,0,0,0,,0,003,BROADWAY,"BATTLES RD",150.00,S,N,B,-,Y,SB,5,135,-,-,14.250,H,-,N,Y,4,0,1,2,A,-,03,22350,,N,C,C,A,A,H,-,A,A,0,,,,,Y,,A,01,0,0,1,0,0,0,0,0,0,"- ","- ",,,"SANTA BARBARA","SANTA MARIA",-120.43594131,34.931034029999999
6396559,2014,2015-10-09,4204,2014-02-11,1739,23323,37,2,5,5,4204,0,0,0,,0,002,"MAIN ST",NICHOLSON,0.00,,Y,A,-,N,,,,,,,,,,N,4,0,1,2,A,-,08,22107,,N,B,C,A,A,H,-,A,A,0,,,,,Y,,A,01,0,0,1,0,0,0,0,0,0,"- ","- ",,,"SANTA BARBARA","SANTA MARIA",-120.41639997999999,34.952980029999999
6396637,2014,2016-03-05,9760,2014-02-18,1220,16739,,2,1,4,4214,0,1,2,,1,030,"RT 101","LOS CARNEROS RD",1056.00,S,N,A,-,Y,SB,5,101,-,-,23.140,H,-,N,Y,3,0,1,1,A,-,08,22107,,N,E,I,A,A,H,-,A,D,1,,,,,Y,,D,22,0,1,0,0,0,0,0,0,0,"- ","- ",34.438630000000003,-119.84305000000001,"SANTA BARBARA",GOLETA,-119.84296976,34.438612040000002
6397742,2014,2016-01-11,9750,2014-03-02,1230,013766,,7,1,9,4200,0,1,3,,1,022,"RT 1","SAN ANTONIO ROAD EAST",9504.00,N,N,B,C,Y,SB,5,1,-,M,34.770,H,-,S,Y,4,0,1,1,A,-,08,22107,,N,E,I,A,B,H,-,A,D,0,,,,,Y,,D,22,0,0,1,0,0,0,0,0,0,"- ","- ",34.787089999999999,-120.46193,"SANTA BARBARA",UNINCORPORATED,-120.46151242000001,34.787464100000001
6398122,2014,2016-03-05,9750,2014-02-26,1056,14820,,3,1,5,4204,0,1,2,,2,001,"RT 101","ALVIN AV",339.00,S,N,C,-,Y,SB,5,101,-,-,89.190,H,-,N,Y,4,0,1,1,A,-,03,22350,,N,E,I,A,B,H,-,A,D,0,,,,,Y,,A,01,0,0,1,0,0,0,0,0,0,"- ","- ",34.959310000000002,-120.41794,"SANTA BARBARA","SANTA MARIA",-120.41884971,34.961152830000003
6398199,2014,2014-06-24,4200,2014-02-19,2154,3083,14,3,5,4,4214,0,0,0,,0,080,"PHELPS RD","CANNON GREEN DR",369.00,E,N,A,-,N,,,,,,,,,,Y,3,0,2,1,A,-,03,22350,,N,F,A,A,A,H,-,C,D,0,,,,,Y,Y,A,07,0,2,0,0,0,0,0,0,0,"- ","- ",,,"SANTA BARBARA",GOLETA,-119.8821561,34.424607680000001
6398853,2014,2015-12-14,4203,2014-02-19,0941,2661,,3,5,5,4203,0,0,0,,0,005,"LAS POSITAS RD","CALLE REAL",280.00,N,N,A,-,N,,,,,,,,,,N,4,0,1,2,A,-,03,22350,,N,C,C,A,A,H,-,A,A,0,,,,,Y,,-,,0,0,1,0,0,0,0,0,0,"- ","- ",34.2545,-119.441,"SANTA BARBARA","SANTA BARBARA",-119.73365445,34.429354369999999
6398961,2014,2014-06-25,4203,2014-02-20,0849,2661,,4,5,5,4203,0,0,0,,0,005,"STATE ST","PUEBLO ST",226.00,N,N,A,-,N,,,,,,,,,,Y,4,0,2,3,A,-,05,21651,A,N,B,C,A,A,H,-,A,A,0,,,,,Y,,-,,0,0,2,0,0,0,0,0,0,"- ","- ",34.262,-119.438,"SANTA BARBARA","SANTA BARBARA",-119.71908438,34.43399788
6398989,2014,2014-06-25,4203,2014-02-22,1343,7187,4,6,5,5,4203,0,0,0,,0,004,"MICHELTORENA ST",MICHELTORENA,9.00,N,N,A,-,N,,,,,,,,,,Y,2,0,1,1,A,-,01,23152,A,N,-,I,A,A,H,-,C,A,0,,,,,Y,Y,-,,1,0,0,0,0,0,0,0,0,"- ","- ",34.252270000000003,-119.42421,"SANTA BARBARA","SANTA BARBARA",-119.72071523,34.414593760000002
6398993,2014,2014-06-25,4203,2014-02-12,1502,2661,,3,5,5,4203,0,0,0,,0,004,"MICHELTORENA ST","BATH ST",129.00,W,N,A,-,N,,,,,,,,,,Y,4,0,1,2,A,-,21,22106,,N,C,C,A,A,H,-,A,A,0,,,,,Y,,-,,0,0,1,0,0,0,0,0,0,"- ","- ",34.252099999999999,-119.4243,"SANTA BARBARA","SANTA BARBARA",-119.71192164999999,34.422753579999998
6399002,2014,2014-06-26,4203,2014-02-19,0929,6700,44,3,5,5,4203,0,0,0,,0,003,"ANACAPA ST","ORTEGA ST",0.00,,Y,A,B,N,,,,,,,,,,N,3,0,1,2,A,-,08,22100,B,N,D,G,A,A,-,-,A,-,0,,Y,,,Y,,A,01,0,1,0,0,0,0,1,0,0,"- ","- ",34.25112,-119.41489,"SANTA BARBARA","SANTA BARBARA",-119.69687988,34.419780070000002
6384300,2014,2016-01-14,4204,2014-02-13,1711,90251,16,4,5,5,4204,0,0,0,,0,001,BROADWAY,"HARDING AV",45.00,S,N,A,-,Y,SB,5,135,-,-,16.710,H,-,N,Y,4,0,1,2,A,-,03,22350,,N,C,C,A,A,H,-,A,D,0,,,,,Y,Y,D,22,0,0,1,0,0,0,0,0,0,"- ","- ",,,"SANTA BARBARA","SANTA MARIA",-120.43563113,34.96672435
6384304,2014,2014-06-16,4204,2014-02-12,1756,90241,25,3,5,5,4204,0,0,0,,0,001,"BLOSSER RD",FESLER,0.00,,Y,A,-,N,,,,,,,,,,Y,4,0,1,2,A,-,03,22350,,N,C,C,A,A,H,-,C,D,0,,,,,Y,,A,01,0,0,1,0,0,0,0,0,0,"- ","- ",,,"SANTA BARBARA","SANTA MARIA",-120.45355988,34.95696006
6384312,2014,2016-03-05,4204,2014-01-27,0921,23601,05,1,5,5,4204,0,0,0,,0,001,BROADWAY,"RT 101",0.00,,Y,A,-,Y,SB,5,101,-,-,90.850,R,4,S,Y,4,0,2,2,A,-,07,21658,A,N,B,C,A,A,H,-,A,A,0,,,,,Y,,D,22,0,0,2,0,0,0,0,0,0,"- ","- ",,,"SANTA BARBARA","SANTA MARIA",-120.43222999,34.982671279999998
6384316,2014,2016-01-14,4204,2014-02-05,1416,23397,68,3,5,5,4204,0,0,0,,0,003,BROADWAY,"ENOS DR",50.00,N,N,A,-,Y,SB,5,135,-,-,14.480,H,-,N,N,4,0,1,3,A,-,03,22350,,N,C,C,A,A,H,-,A,D,0,,,,,Y,,A,01,0,0,1,0,0,0,0,0,0,"- ","- ",,,"SANTA BARBARA","SANTA MARIA",-120.43591988999999,34.934252489999999
6384320,2014,2014-07-26,4204,2014-01-29,1131,90241,68,3,5,5,4204,0,0,0,,0,003,"BATTLES RD",MCCLELLAND,0.00,,Y,A,-,N,,,,,,,,,,Y,3,0,2,3,A,-,09,21802,A,N,D,C,A,A,H,-,A,A,0,,,,,Y,,A,01,0,1,1,0,0,0,0,0,0,"- ","- ",,,"SANTA BARBARA","SANTA MARIA",-120.43489993,34.931470099999999
6385282,2014,2014-06-12,4203,2014-02-14,0020,9018,,5,5,5,4203,0,0,0,,0,002,"CASTILLO ST","W MONTECITO ST",12.00,N,N,A,-,N,,,,,,,,,,N,3,0,1,2,A,-,08,22107,,N,D,G,A,A,H,-,C,A,0,,Y,,,Y,,-,,0,1,0,0,0,0,1,0,0,"- ","- ",34.24389,-119.41515,"SANTA BARBARA","SANTA BARBARA",-119.69752003000001,34.410701590000002
6417340,2014,2016-03-05,9760,2014-03-01,1125,17603,,6,1,9,4200,0,1,2,,2,010,"RT 101","RT 150",1056.00,S,N,C,-,Y,SB,5,101,-,R,0.320,H,-,N,Y,3,0,1,1,A,-,03,22350,,N,E,I,A,B,H,-,A,D,1,,,,,Y,,A,01,0,1,0,0,0,0,0,0,0,"- ","- ",34.385280000000002,-119.48804,"SANTA BARBARA",UNINCORPORATED,-119.48146647999999,34.379931599999999
6417344,2014,2014-06-24,9760,2014-03-03,1135,15658,,1,1,9,4200,0,3,5,,2,005,"CERVANTES RD","CAMINO PESCADERO",0.00,,Y,A,-,N,,,,,,,,,,Y,3,0,2,3,A,-,09,21802,A,N,D,C,A,-,A,H,A,A,0,,,,,Y,,A,01,0,1,1,0,0,0,0,0,0,"- ","- ",34.4163,-119.85869,"SANTA BARBARA",UNINCORPORATED,-119.85869998,34.416440049999999
6417412,2014,2014-06-24,4204,2014-03-02,2109,23601,33,7,5,5,4204,0,0,0,,0,002,"MAIN ST","PINE ST",0.00,,Y,A,-,N,,,,,,,,,,N,2,0,1,2,A,-,10,21950,A,N,G,B,B,A,H,-,C,A,0,Y,,,,Y,,A,01,1,0,0,0,1,0,0,0,0,"- ","- ",,,"SANTA BARBARA","SANTA MARIA",-120.43889987999999,34.953170020000002
6417437,2014,2016-01-11,9755,2014-03-02,0653,017910,,7,1,9,4200,0,1,3,,1,055,"RT 1","TIMBER LN",3168.00,S,N,B,C,Y,SB,5,1,-,M,28.770,H,-,S,Y,4,0,1,1,A,-,03,22350,,N,E,I,A,B,H,-,B,D,0,,,,,Y,,A,01,0,0,1,0,0,0,0,0,0,"- ","- ",34.738030000000002,-120.50812000000001,"SANTA BARBARA",UNINCORPORATED,-120.50830122000001,34.738165129999999
6418954,2014,2014-06-23,4202,2014-03-19,1017,292,,3,5,4,4202,0,0,0,,0,,"LEMON AV","D ST",24.00,W,N,A,-,N,,,,,,,,,,Y,4,0,1,2,A,-,03,22350,,N,C,E,A,A,H,-,A,A,0,,,,,Y,,A,01,0,0,1,0,0,0,0,0,0,"- ","- ",,,"SANTA BARBARA",LOMPOC,-120.45270977,34.652550939999998
6403417,2014,2016-03-05,9750,2014-03-01,1648,015334,,6,2,9,4200,0,1,2,,2,002,"RT 101","CLARK AV",618.00,S,N,B,-,Y,SB,5,101,-,-,82.060,H,-,N,Y,3,0,1,1,A,-,08,22107,,N,E,I,A,B,H,-,A,D,1,,,,,Y,,D,22,0,1,0,0,0,0,0,0,0,"- ","- ",34.86504,-120.39559,"SANTA BARBARA",UNINCORPORATED,-120.39475394999999,34.863957820000003
6404496,2014,2016-03-05,9750,2014-02-24,0017,017548,,1,3,5,4204,0,1,2,,2,001,"RT 101",ALVIN,141.00,N,N,E,-,Y,SB,5,101,-,-,89.160,H,-,N,Y,2,0,1,1,A,-,01,23152,A,N,E,I,A,A,H,-,D,D,0,,,,,Y,Y,A,07,1,0,0,0,0,0,0,0,0,"- ","- ",34.960769999999997,-120.41866,"SANTA BARBARA","SANTA MARIA",-120.41862338,34.960756859999996
6405221,2014,2016-03-05,9750,2014-03-19,1720,017379,,3,2,5,4204,0,1,2,,2,001,"RT 101","DONOVAN RD",850.00,S,N,A,-,Y,SB,5,101,-,-,89.530,H,-,N,Y,4,0,1,2,A,-,03,22350,,N,C,C,A,A,H,-,A,D,0,,,,,Y,,D,22,0,0,1,0,0,0,0,0,0,"- ","- ",34.96754,-120.42269,"SANTA BARBARA","SANTA MARIA",-120.42159114,34.965571910000001
6405225,2014,2014-06-25,9750,2014-03-19,1610,017379,,3,2,9,4200,0,3,5,,2,030,"PHILBRIC RD","E MAIN ST",25.00,S,N,A,-,N,,,,,,,,,,Y,4,0,1,2,A,-,05,21460,A,N,B,C,A,A,H,-,A,D,0,,,,,Y,,A,07,0,0,1,0,0,0,0,0,0,"- ","- ",34.945279999999997,-120.37376999999999,"SANTA BARBARA",UNINCORPORATED,-120.37366316000001,34.945071570000003
6405792,2014,2014-06-10,9760,2014-01-16,1925,18583,,4,2,9,4200,0,3,5,,2,002,"MODOC RD","VIA LAGUNA",0.00,,Y,A,-,N,,,,,,,,,,N,4,0,1,2,A,-,14,21201,D,N,D,G,A,A,H,-,D,D,0,,Y,,,Y,,L,04,0,0,1,0,0,0,1,0,0,"- ","- ",34.435400000000001,-119.75144,"SANTA BARBARA",UNINCORPORATED,-119.75132987000001,34.435510000000001
6405808,2014,2014-06-05,9760,2014-01-25,0045,18995,,6,3,9,4200,0,3,5,,2,005,"EMBARCADERO DEL NORTE","PARDALL RD",5.00,N,N,A,-,N,,,,,,,,,,N,2,0,1,2,A,-,11,21950,B,N,G,B,D,A,H,-,C,D,0,Y,,,,Y,Y,N,60,1,0,0,0,1,0,0,0,0,"- ","- ",34.413110000000003,-119.8554,"SANTA BARBARA",UNINCORPORATED,-119.85538969,34.413103730000003
6405871,2014,2016-03-05,9760,2014-02-06,1430,17307,,4,2,5,4203,0,1,2,,2,011,"RT 101","GARDEN ST",1584.00,N,N,C,-,Y,SB,5,101,-,-,13.800,H,-,N,Y,3,0,2,4,A,-,03,22350,,N,C,C,A,B,H,-,A,D,1,,,,,Y,,A,08,0,1,1,0,0,0,0,0,0,"- ","- ",34.417520000000003,-119.69268,"SANTA BARBARA","SANTA BARBARA",-119.69333632,34.415060619999998
6405907,2014,2014-06-27,9760,2014-02-08,1410,018572,,6,2,9,4200,0,3,5,,2,005,"EL COLEGIO RD","CAMINO DEL SUR",0.00,,Y,B,-,N,,,,,,,,,,N,3,0,1,2,A,-,12,21453,A,N,H,G,A,A,H,-,A,A,0,,Y,,,Y,,A,01,0,1,0,0,0,0,1,0,0,"- ","- ",34.417209999999997,-119.86245,"SANTA BARBARA",UNINCORPORATED,-119.86253997,34.417310110000003
6405911,2014,2014-06-27,9760,2014-02-07,1240,19446,,5,1,9,4200,0,3,5,,2,001,"SAN YSIDRO RD","BOLERO DR",368.00,,N,B,-,N,,,,,,,,,,N,3,0,1,2,A,-,03,22350,,N,G,B,E,A,D,-,A,A,0,Y,,,,Y,,A,01,0,1,0,0,1,0,0,0,0,"- ","- ",34.440899999999999,-119.63160000000001,"SANTA BARBARA",UNINCORPORATED,-119.63163987999999,34.440170019999996
6408001,2014,2014-06-20,4200,2014-03-12,1638,3116,14,3,5,4,4214,0,0,0,,0,060,"DEARBORN PL","HOLLISTER AV",261.00,N,N,A,-,N,,,,,,,,,,Y,3,0,1,2,A,-,09,21801,A,N,D,C,A,A,H,-,A,D,0,,,,,Y,,D,22,0,1,0,0,0,0,0,0,0,"- ","- ",,,"SANTA BARBARA",GOLETA,-119.81811455,34.436025069999999
6408004,2014,2016-03-05,4200,2014-03-10,0809,3683,14,1,5,4,4214,0,0,0,,0,060,"HOLLISTER AV","RT 217",41.00,W,N,A,-,Y,SB,5,217,-,-,2.440,R,4,E,Y,4,0,2,2,A,-,03,22350,,N,C,C,A,A,H,-,A,D,0,,,,,Y,,A,01,0,0,2,0,0,0,0,0,0,"- ",EO,,,"SANTA BARBARA",GOLETA,-119.81579067,34.437929310000001
6399006,2014,2014-06-26,4203,2014-02-17,1425,6700,46,1,5,5,4203,0,0,0,,0,003,"MICHELTORENA ST","SANTA BARBARA ST",170.00,E,N,A,-,N,,,,,,,,,,N,3,0,1,2,A,-,11,21954,A,N,-,B,D,A,H,-,A,D,0,Y,,,,Y,,N,60,0,1,0,0,1,0,0,0,0,"- ","- ",34.254330000000003,-119.42203000000001,"SANTA BARBARA","SANTA BARBARA",-119.70565578999999,34.42865604
6399010,2014,2014-06-26,4203,2014-02-17,1305,2520,,1,5,5,4203,0,0,0,,0,001,"MILPAS ST","QUINIENTOS ST",0.00,,Y,A,-,N,,,,,,,,,,N,4,0,1,2,A,-,03,22350,,N,C,C,A,A,H,-,A,A,0,,,,,Y,,-,,0,0,1,0,0,0,0,0,0,"- ","- ",34.251199999999997,-119.405,"SANTA BARBARA","SANTA BARBARA",-119.67889987,34.421620060000002
6399014,2014,2014-06-26,4203,2014-02-16,1108,6377,,7,5,5,4203,0,0,0,,0,006,"SAN ANDRES ST","W ISLAY ST",42.00,S,N,A,-,N,,,,,,,,,,N,3,0,1,2,D,-,00,,,N,B,G,A,A,H,-,A,D,0,,Y,,,Y,,-,"- ",0,1,0,0,0,0,1,0,0,"- ","- ",34.2517,-119.4311,"SANTA BARBARA","SANTA BARBARA",-119.71991694,34.421522510000003
6399018,2014,2014-07-08,4203,2014-02-13,1225,4732,,4,5,5,4203,0,0,0,,0,002,"HOT SPRINGS RD","HERMOSILLO RD",730.00,S,N,A,-,N,,,,,,,,,,N,4,0,1,3,A,-,03,22350,,N,C,C,A,A,H,-,A,D,0,,,,,Y,,-,,0,0,1,0,0,0,0,0,0,"- ","- ",34.252409999999998,-119.3942,"SANTA BARBARA","SANTA BARBARA",-119.65091221,34.42374899
6399022,2014,2014-06-26,4203,2014-02-14,1043,2661,,5,5,5,4203,0,0,0,,0,003,"E VICTORIA ST","GARDEN ST",87.00,W,N,A,-,N,,,,,,,,,,N,2,0,1,2,A,-,17,22517,,N,B,G,A,A,H,-,A,D,0,,Y,,,Y,,-,,1,0,0,0,0,0,1,0,0,"- ","- ",34.253399999999999,-119.4213,"SANTA BARBARA","SANTA BARBARA",-119.70257110999999,34.42728116
6399023,2014,2014-06-24,4203,2014-02-20,1709,2661,,4,5,5,4203,0,0,0,,0,002,"CASTILLO ST","YANONALI ST",101.00,N,N,A,-,N,,,,,,,,,,Y,4,0,1,2,A,-,03,22350,,N,C,C,A,A,H,-,A,D,0,,,,,Y,,-,,0,0,1,0,0,0,0,0,0,"- ","- ",34.243400000000001,-119.4148,"SANTA BARBARA","SANTA BARBARA",-119.69644378,34.409950719999998
6399027,2014,2014-06-24,4203,2014-02-20,2143,4937,,4,5,5,4203,0,0,0,,0,006,MICHELTORENA,"DUTTON AV",0.00,,Y,A,-,N,,,,,,,,,,N,4,0,1,2,A,-,10,21950,A,N,-,B,B,A,H,-,C,A,0,Y,,,,Y,Y,-,,0,0,1,0,1,0,0,0,0,"- ","- ",34.4193,-119.4256,"SANTA BARBARA","SANTA BARBARA",-119.71558998,34.419310109999998
6399031,2014,2014-06-24,4203,2014-02-18,1400,4732,,2,5,5,4203,0,0,0,,0,003,"STATE ST","MISSION ST",0.00,,Y,A,-,N,,,,,,,,,,N,3,0,1,2,C,-,18,,,N,D,G,A,A,H,-,A,A,0,,Y,,,Y,,-,"- ",0,1,0,0,0,0,1,0,0,"- ","- ",34.255110000000002,-119.42527,"SANTA BARBARA","SANTA BARBARA",-119.71470997,34.430830010000001
6399088,2014,2016-01-11,9750,2014-02-20,2330,016874,,4,3,9,4200,0,1,3,,1,022,"RT 1","GRACIOSA RD",1584.00,S,N,A,-,Y,SB,5,1,-,R,31.440,H,-,S,Y,4,0,2,1,A,-,01,23152,A,N,E,I,A,A,H,-,D,D,0,,,,,Y,Y,A,07,0,0,2,0,0,0,0,0,0,"- ","- ",34.806269999999998,-120.44580000000001,"SANTA BARBARA",UNINCORPORATED,-120.44575392,34.80635642
6399633,2014,2014-06-05,4203,2014-01-25,1712,3140,,6,5,5,4203,0,0,0,,0,005,"LAS POSITAS RD","CALLE REAL",60.00,E,N,A,-,N,,,,,,,,,,N,4,0,2,2,A,-,17,21451,A,N,B,C,A,A,H,-,A,A,0,,,,,Y,,-,,0,0,2,0,0,0,0,0,0,"- ","- ",34.254280000000001,-119.44011999999999,"SANTA BARBARA","SANTA BARBARA",-119.73371447,34.428753380000003
6399661,2014,2014-06-05,4203,2014-01-15,1430,7193,,3,5,5,4203,0,0,0,,0,005,"DE LA VINA ST","JUNIPERO ST",315.00,N,N,A,-,N,,,,,,,,,,N,4,0,1,3,A,-,"- ",,,N,-,C,A,A,H,-,A,-,0,,,,,Y,,-,,0,0,1,0,0,0,0,0,0,"- ","- ",34.255800000000001,-119.43209,"SANTA BARBARA","SANTA BARBARA",-119.72263556,34.433239700000001
6419133,2014,2014-06-21,4202,2014-03-04,1536,292,,2,5,4,4202,0,0,0,,0,,"CENTRAL AV","H ST",352.00,E,N,A,-,N,,,,,,,,,,Y,4,0,1,3,A,-,09,21804,A,N,D,C,A,A,H,-,A,A,0,,,,,Y,,A,01,0,0,1,0,0,0,0,0,0,"- ","- ",,,"SANTA BARBARA",LOMPOC,-120.45769,34.660769999999999
6419137,2014,2016-01-11,4202,2014-03-05,1417,292,,3,5,4,4202,0,0,0,,0,,"RT 1","CENTRAL AV",947.00,N,N,A,-,Y,SB,5,1,-,-,22.250,H,-,S,Y,4,0,1,3,A,-,03,22350,,F,C,C,A,A,H,-,A,A,0,,,,,Y,,A,01,0,0,1,0,0,0,0,0,0,"- ","- ",,,"SANTA BARBARA",LOMPOC,-120.4578297,34.663430890000001
6419685,2014,2014-06-13,4204,2014-02-01,1712,18751,08,6,5,5,4204,0,0,0,,0,001,DONOVAN,WESTERN,35.00,W,N,A,-,N,,,,,,,,,,Y,3,0,4,2,A,-,01,23153,B,F,C,C,A,A,H,-,A,A,0,,,,,Y,Y,-,,0,1,3,0,0,0,0,0,0,"- ","- ",,,"SANTA BARBARA","SANTA MARIA",-120.44995676000001,34.96780201
6419689,2014,2016-01-14,4204,2014-02-05,1511,22807,33,3,5,5,4204,0,0,0,,0,002,"MAIN ST",DEPOT,0.00,,Y,B,-,Y,SB,5,166,-,-,7.420,I,5,W,N,4,0,1,2,A,-,08,22107,,N,B,C,A,A,H,-,A,A,0,,,,,Y,,A,01,0,0,1,0,0,0,0,0,0,"- ","- ",,,"SANTA BARBARA","SANTA MARIA",-120.44396162,34.953286820000002
6419693,2014,2014-06-13,4204,2014-02-07,1353,21846,49,5,5,5,4204,0,0,0,,0,002,"MAIN ST","NICHOLSON ST",0.00,,Y,B,-,N,,,,,,,,,,N,4,0,1,2,A,-,03,22350,,N,C,C,A,A,H,-,A,A,0,,,,,Y,,A,01,0,0,1,0,0,0,0,0,0,"- ","- ",,,"SANTA BARBARA","SANTA MARIA",-120.41639997999999,34.952980029999999
6419921,2014,2016-03-05,9760,2014-03-12,1924,018431,,3,2,9,4200,0,1,2,,2,010,"RT 101","SANTA CLAUS LN",2376.00,S,N,A,-,Y,SB,5,101,-,R,4.870,H,-,S,Y,3,0,2,2,A,-,07,21658,A,N,B,C,A,A,H,-,C,D,1,,,,Y,Y,,A,01,0,2,0,0,0,0,0,0,0,"- ","- ",34.40645,-119.54662,"SANTA BARBARA",UNINCORPORATED,-119.54716093,34.406632590000001
6419941,2014,2016-03-05,9760,2014-03-19,1758,17314,,3,2,9,4200,0,1,2,,1,030,"RT 101","LOS CARNEROS RD",300.00,S,N,A,-,Y,SB,5,101,-,-,23.660,H,-,N,Y,3,0,2,2,A,-,03,22350,,N,C,C,A,A,H,-,A,D,1,,,,,Y,,D,22,0,1,1,0,0,0,0,0,0,"- ","- ",34.261670000000002,-119.50529,"SANTA BARBARA",UNINCORPORATED,-119.85199419,34.437826530000002
6419963,2014,2014-06-13,9750,2014-02-05,0905,014820,,3,1,9,4200,0,2,4,,1,024,"CLARK AV","ORCUTT RD",0.00,,Y,A,-,N,,,,,,,,,,N,3,0,1,2,A,-,03,22350,,F,H,G,A,A,H,-,A,A,0,,Y,,,Y,,A,07,0,1,0,0,0,0,1,0,0,"- ","- ",34.865169999999999,-120.43536,"SANTA BARBARA",UNINCORPORATED,-120.4353199,34.865060059999998
6419967,2014,2014-06-13,9750,2014-02-04,0735,014449,,2,1,9,4200,0,3,5,,2,010,"BETTERAVIA RD","BROWN RD",0.00,,Y,B,-,N,,,,,,,,,,Y,4,0,3,2,A,-,09,21801,A,M,A,C,A,A,H,-,A,D,0,,,,,Y,,A,01,0,0,3,0,0,0,0,0,0,"- ","- ",34.935110000000002,-120.54652,"SANTA BARBARA",UNINCORPORATED,-120.54642995,34.935200080000001