CASE_ID,ACCIDENT_YEAR,PROC_DATE,JURIS,COLLISION_DATE,COLLISION_TIME,OFFICER_ID,REPORTING_DISTRICT,DAY_OF_WEEK,CHP_SHIFT,POPULATION,CNTY_CITY_LOC,SPECIAL_COND,BEAT_TYPE,CHP_BEAT_TYPE,CITY_DIVISION_LAPD,CHP_BEAT_CLASS,BEAT_NUMBER,PRIMARY_RD,SECONDARY_RD,DISTANCE,DIRECTION,INTERSECTION,WEATHER_1,WEATHER_2,STATE_HWY_IND,CALTRANS_COUNTY,CALTRANS_DISTRICT,STATE_ROUTE,ROUTE_SUFFIX,POSTMILE_PREFIX,POSTMILE,LOCATION_TYPE,RAMP_INTERSECTION,SIDE_OF_HWY,TOW_AWAY,COLLISION_SEVERITY,NUMBER_KILLED,NUMBER_INJURED,PARTY_COUNT,PRIMARY_COLL_FACTOR,PCF_CODE_OF_VIOL,PCF_VIOL_CATEGORY,PCF_VIOLATION,PCF_VIOL_SUBSECTION,HIT_AND_RUN,TYPE_OF_COLLISION,MVIW,PED_ACTION,ROAD_SURFACE,ROAD_COND_1,ROAD_COND_2,LIGHTING,CONTROL_DEVICE,CHP_ROAD_TYPE,PEDESTRIAN_ACCIDENT,BICYCLE_ACCIDENT,MOTORCYCLE_ACCIDENT,TRUCK_ACCIDENT,NOT_PRIVATE_PROPERTY,ALCOHOL_INVOLVED,STWD_VEHTYPE_AT_FAULT,CHP_VEHTYPE_AT_FAULT,COUNT_SEVERE_INJ,COUNT_VISIBLE_INJ,COUNT_COMPLAINT_PAIN,COUNT_PED_KILLED,COUNT_PED_INJURED,COUNT_BICYCLIST_KILLED,COUNT_BICYCLIST_INJURED,COUNT_MC_KILLED,COUNT_MC_INJURED,PRIMARY_RAMP,SECONDARY_RAMP,LATITUDE,LONGITUDE,COUNTY,CITY,POINT_X,POINT_Y
6419971,2014,2014-06-13,9750,2014-02-02,2015,014753,,7,2,9,4200,0,3,5,,2,010,"BETTERAVIA RD","BROWN RD",0.00,,Y,B,-,N,,,,,,,,,,Y,4,0,3,2,A,-,09,21801,A,N,A,C,A,B,H,-,D,D,0,,,,,Y,,A,07,0,0,3,0,0,0,0,0,0,"- ","- ",34.935029999999998,-120.54631999999999,"SANTA BARBARA",UNINCORPORATED,-120.54642995,34.935200080000001
6420147,2014,2015-02-02,4204,2014-02-05,2114,23323,50,3,5,5,4204,0,0,0,,0,002,"BOONE ST",RUSSELL,0.00,,Y,A,-,N,,,,,,,,,,Y,3,0,1,4,A,-,01,23152,A,N,B,E,A,A,H,-,C,A,0,,,,,Y,Y,-,,0,1,0,0,0,0,0,0,0,"- ","- ",,,"SANTA BARBARA","SANTA MARIA",-120.45175988,34.947300069999997
6400006,2014,2016-03-05,4200,2014-03-07,1644,3540,11,5,5,2,4212,0,0,0,,0,,"RT 246","RT 101",0.00,,Y,A,-,Y,SB,5,246,-,-,26.250,I,5,E,Y,4,0,1,3,A,-,03,22350,,N,C,C,A,A,H,-,A,A,0,,,,,Y,,A,07,0,0,1,0,0,0,0,0,0,"- ",FR,,,"SANTA BARBARA",BUELLTON,-120.19066999,34.61228526
6400208,2014,2014-04-12,4203,2014-02-20,1630,0758,,4,5,5,4203,0,0,0,,0,002,"CORONA DEL MAR","ORILLA DEL MAR DR",132.00,N,N,A,-,N,,,,,,,,,,N,4,0,1,2,A,-,09,21804,A,N,D,C,A,A,H,-,A,D,0,,,,,Y,,-,,0,0,1,0,0,0,0,0,0,"- ","- ",34.256900000000002,-119.4016,"SANTA BARBARA","SANTA BARBARA",-119.67134848000001,34.417938380000002
6431406,2014,2016-03-05,9760,2014-03-28,1628,19029,,5,2,9,4200,0,1,2,,2,010,"RT 101","SAN YSIDRO RD",2640.00,N,N,A,-,Y,SB,5,101,-,-,10.520,H,-,S,N,4,0,1,2,A,-,03,22350,,N,C,C,A,A,H,-,A,D,1,,,,,Y,,D,22,0,0,1,0,0,0,0,0,0,"- ","- ",34.251399999999997,-119.3753,"SANTA BARBARA",UNINCORPORATED,-119.63969784,34.420861700000003
6431430,2014,2016-03-05,9760,2014-03-21,1925,19277,,5,2,9,4200,0,1,2,,2,010,"RT 101","SANTA YNEZ AV",150.00,S,N,A,-,Y,SB,5,101,-,-,3.620,H,-,S,Y,3,0,2,3,A,-,03,22350,,N,C,C,A,A,H,-,D,D,1,,,,,Y,,A,01,0,2,0,0,0,0,0,0,0,"- ","- ",34.303069999999998,-119.52697000000001,"SANTA BARBARA",UNINCORPORATED,-119.52603427,34.403083270000003
6433257,2014,2016-03-05,9760,2014-02-23,1610,18991,,7,2,9,4200,0,1,2,,2,010,"RT 101","EVANS AV",2.00,S,N,A,-,Y,SB,5,101,-,R,8.260,H,-,S,N,3,0,1,2,A,-,03,22350,,N,F,A,A,A,H,-,A,D,1,,,Y,,Y,,C,02,0,1,0,0,0,0,0,0,1,"- ","- ",34.42109,-119.60155,"SANTA BARBARA",UNINCORPORATED,-119.60137985,34.421145879999997
6433874,2014,2014-07-17,4200,2014-04-10,1542,2892,,4,5,3,4205,0,0,0,,0,,"CARPINTERIA AV","REYNOLDS AV",528.00,E,N,A,-,N,,,,,,,,,,Y,4,0,1,2,A,-,08,22107,,N,D,C,A,A,H,-,A,D,0,,,,,Y,,A,01,0,0,1,0,0,0,0,0,0,"- ","- ",,,"SANTA BARBARA",CARPINTERIA,-119.52360973,34.401582670000003
6435058,2014,2016-03-05,9750,2014-03-25,1505,014449,,2,2,5,4204,0,1,2,,2,001,"RT 101","DONOVAN RD",3168.00,S,N,A,-,Y,SB,5,101,-,-,89.390,H,-,N,Y,4,0,1,1,A,-,08,22107,,N,E,I,A,A,H,-,A,D,0,,,,,Y,,A,07,0,0,1,0,0,0,0,0,0,"- ","- ",34.962710000000001,-120.41968,"SANTA BARBARA","SANTA MARIA",-120.42047079,34.96374883
6435062,2014,2016-01-14,9750,2014-03-25,1040,014645,,2,1,9,4200,0,1,3,,1,021,"RT 135","RICE RANCH RD",3432.00,S,N,A,-,Y,SB,5,135,-,-,9.350,H,-,S,N,4,0,1,2,A,-,07,21658,A,M,F,A,A,A,H,-,A,D,5,,,,,Y,,A,01,0,0,1,0,0,0,0,0,0,"- ","- ",34.856670000000001,-120.44947000000001,"SANTA BARBARA",UNINCORPORATED,-120.43762551,34.790488549999999
6435093,2014,2016-03-05,9750,2014-03-28,1645,013267,,5,2,9,4200,0,1,2,,2,003,"RT 101","BELL ST",2640.00,S,N,A,-,Y,SB,5,101,-,-,70.390,H,-,N,Y,4,0,2,1,A,-,08,22107,,N,F,A,A,A,H,-,A,D,1,,,,,Y,,A,01,0,0,2,0,0,0,0,0,0,"- ","- ",34.737929999999999,-120.26325,"SANTA BARBARA",UNINCORPORATED,-120.26304510999999,34.73798626
6435097,2014,2014-07-01,9750,2014-03-29,1400,017379,,6,2,9,4200,0,3,5,,2,020,"VIA ALTA","BRADLEY RD",2.00,E,N,A,-,N,,,,,,,,,,N,3,0,1,2,A,-,09,21802,A,N,D,G,A,A,H,-,A,D,0,,Y,,,Y,,A,07,0,1,0,0,0,0,1,0,0,"- ","- ",34.86009,-120.4187,"SANTA BARBARA",UNINCORPORATED,-120.41880333,34.86007
6435268,2014,2016-04-04,9750,2014-04-02,0010,014753,,3,3,9,4200,0,1,2,,2,002,"RT 101","PALMER RD",1848.00,S,N,C,F,Y,SB,5,101,-,-,75.540,H,-,N,Y,4,0,1,1,A,-,08,22107,,N,F,A,A,B,H,-,D,D,1,,,,Y,Y,,F,26,0,0,1,0,0,0,0,0,0,"- ","- ",34.788930000000001,-120.32738000000001,"SANTA BARBARA",UNINCORPORATED,-120.32794222,34.789176349999998
6420198,2014,2016-01-11,4202,2014-01-31,1445,291,,5,5,4,4202,0,0,0,,0,,"RT 1","PINE AV",370.00,S,N,A,-,Y,SB,5,1,-,-,21.270,H,-,N,N,4,0,1,2,A,-,03,22350,,N,C,C,A,A,H,-,A,A,0,,,,,Y,,A,01,0,0,1,0,0,0,0,0,0,"- ","- ",,,"SANTA BARBARA",LOMPOC,-120.45773033,34.649211379999997
6420482,2014,2016-01-11,9755,2014-02-21,0844,17910,,5,1,9,4200,0,1,3,,1,051,"RT 1","JALAMA RD",27984.00,S,N,A,-,Y,SB,5,1,-,-,9.700,H,-,S,Y,3,0,1,1,A,-,08,22107,,N,F,A,A,A,H,-,A,D,0,,,,,Y,,A,01,0,1,0,0,0,0,0,0,0,"- ","- ",34.539360000000002,-120.35319,"SANTA BARBARA",UNINCORPORATED,-120.35304578,34.538900150000003
6420486,2014,2014-06-13,9755,2014-02-14,1350,12436,,5,1,9,4200,0,3,5,,2,040,"SAGUNTO ST","FARADAY ST",264.00,E,N,A,-,N,,,,,,,,,,N,4,0,1,2,A,-,03,22350,,N,B,C,A,A,H,-,A,D,0,,,,,Y,,A,01,0,0,1,0,0,0,0,0,0,"- ","- ",34.612870000000001,-120.0788,"SANTA BARBARA",UNINCORPORATED,-120.07914307,34.612870000000001
6420498,2014,2016-03-05,9755,2014-02-22,1710,17884,,6,2,9,4200,0,1,2,,2,004,"RT 101","SANTA ROSA RD",14784.00,S,N,A,-,Y,SB,5,101,-,-,53.520,H,-,N,Y,4,0,1,1,A,-,08,22107,,N,E,I,A,A,H,-,A,D,1,,,,,Y,,A,07,0,0,1,0,0,0,0,0,0,"- ","- ",34.560780000000001,-120.19083999999999,"SANTA BARBARA",UNINCORPORATED,-120.18997896,34.56236011
6420502,2014,2014-06-13,9755,2014-02-18,0655,16390,,2,1,9,4200,0,3,5,,2,040,"BASELINE AV","MORA AV",2640.00,W,N,E,-,N,,,,,,,,,,Y,4,0,1,1,A,-,08,22107,,N,E,I,A,A,H,-,B,D,0,,,,,Y,,A,01,0,0,1,0,0,0,0,0,0,"- ","- ",34.6355,-120.0609,"SANTA BARBARA",UNINCORPORATED,-120.06041127,34.635465150000002
6420506,2014,2015-08-10,9755,2014-02-22,0000,20202,,6,3,9,4200,0,3,5,,2,050,"SAN MIGUELITO RD","WILLOW AV",3168.00,S,N,A,-,N,,,,,,,,,,Y,3,0,2,1,A,-,08,22107,,N,E,I,A,A,H,-,D,D,0,,,,,Y,,A,01,0,1,1,0,0,0,0,0,0,"- ","- ",34.621870000000001,-120.45939,"SANTA BARBARA",UNINCORPORATED,-120.45886365,34.62272806
6420518,2014,2014-06-13,9755,2014-02-09,2232,17967,,7,3,9,4200,0,3,5,,2,040,"CALZADA AV","CIMARRON DR",0.00,,Y,A,-,N,,,,,,,,,,Y,4,0,1,2,A,-,09,21802,A,N,D,D,A,A,H,-,D,A,0,,,,,Y,,A,01,0,0,1,0,0,0,0,0,0,"- ","- ",34.62059,-120.08923,"SANTA BARBARA",UNINCORPORATED,-120.08927992,34.621130059999999
6420530,2014,2016-03-05,9755,2014-02-13,1248,12436,,4,1,9,4200,0,1,3,,1,053,"RT 246","DOMINGOS RD",3696.00,E,N,A,-,Y,SB,5,246,-,R,21.550,H,-,E,Y,3,0,1,1,A,-,04,21703,,N,F,A,A,A,G,-,A,A,0,,,Y,,Y,,C,02,0,1,0,0,0,0,0,0,1,"- ","- ",34.624479999999998,-120.26484000000001,"SANTA BARBARA",UNINCORPORATED,-120.26674896999999,34.625265370000001
6420561,2014,2014-06-07,4204,2014-02-21,1507,23656,62,5,5,5,4204,0,0,0,,0,002,"MORRISON AV",PINE,0.00,,Y,A,-,N,,,,,,,,,,Y,4,0,1,3,A,-,11,21950,B,N,C,C,B,A,H,-,A,A,0,Y,,,,Y,,N,60,0,0,1,0,0,0,0,0,0,"- ","- ",,,"SANTA BARBARA","SANTA MARIA",-120.43911995000001,34.943120110000002
6420565,2014,2016-06-07,4204,2014-02-21,2350,22085,,5,5,5,4204,0,0,0,,0,,MAIN,"RT 101",6.00,W,N,A,-,Y,SB,5,166,-,-,8.892,I,5,W,N,4,0,1,2,A,-,10,21950,A,F,G,B,B,A,H,-,C,A,0,Y,,,,Y,,A,01,0,0,1,0,1,0,0,0,0,"- ",SF,,,"SANTA BARBARA","SANTA MARIA",-120.41805821,34.9530569
6420569,2014,2016-01-14,4204,2014-02-17,1142,23601,88,1,5,5,4204,0,0,0,,0,003,"RT 135","MILLER ST",0.00,,Y,A,-,Y,SB,5,135,-,-,12.740,H,-,N,Y,4,0,1,2,A,-,04,21703,,N,C,C,A,A,H,-,A,A,0,,,,,Y,,A,01,0,0,1,0,0,0,0,0,0,"- ","- ",,,"SANTA BARBARA","SANTA MARIA",-120.43586162,34.90909782
6420573,2014,2016-01-14,4204,2014-02-20,1447,23656,,4,5,5,4204,0,0,0,,0,,MAIN,WESTERN,0.00,,Y,A,-,Y,SB,5,166,-,-,7.120,I,5,W,N,4,0,1,2,A,-,12,21453,A,N,D,C,A,A,H,-,A,A,0,,,,,Y,,A,07,0,0,1,0,0,0,0,0,0,"- ","- ",,,"SANTA BARBARA","SANTA MARIA",-120.44938037999999,34.953322659999998
6420577,2014,2014-06-07,4204,2014-02-19,1345,18261,11,3,5,5,4204,0,0,0,,0,001,"CARLOTTI DR","DONOVAN RD",245.00,N,N,A,-,N,,,,,,,,,,Y,4,0,1,2,A,-,08,22107,,N,C,E,A,A,H,-,A,D,0,,,,,Y,,A,01,0,0,1,0,0,0,0,0,0,"- ","- ",,,"SANTA BARBARA","SANTA MARIA",-120.42070588999999,34.968310819999999
6420581,2014,2014-06-07,4204,2014-02-18,0709,22104,72,2,5,5,4204,0,0,0,,0,003,"BLOSSER RD","SONYA LN",0.00,,Y,B,-,N,,,,,,,,,,Y,2,0,4,2,A,-,09,21802,A,N,D,C,A,A,H,-,A,A,0,,,,,Y,,A,01,1,0,3,0,0,0,0,0,0,"- ","- ",,,"SANTA BARBARA","SANTA MARIA",-120.45400988,34.927880020000003
6420597,2014,2016-01-14,4204,2014-02-25,1322,90246,67,2,5,5,4204,0,0,0,,0,003,"SOUTH BROADWAY",ENOS,357.00,N,N,A,-,Y,SB,5,135,-,-,14.540,H,-,S,N,2,0,1,2,A,-,03,22350,,N,C,C,A,A,H,-,A,A,0,,,Y,,Y,,C,02,1,0,0,0,0,0,0,0,1,"- ","- ",,,"SANTA BARBARA","SANTA MARIA",-120.43612844,34.935106879999999
6420613,2014,2014-06-07,4204,2014-02-26,1007,23656,,3,5,5,4204,0,0,0,,0,,"ALVIN AV",LINCOLN,0.00,,Y,C,-,N,,,,,,,,,,N,4,0,1,2,A,-,12,22450,A,N,D,G,A,B,H,-,A,A,0,,Y,,,Y,,L,04,0,0,1,0,0,0,1,0,0,"- ","- ",,,"SANTA BARBARA","SANTA MARIA",-120.43725997,34.960450010000002
6420617,2014,2014-06-07,4204,2014-02-28,2023,20894,56,5,5,5,4204,0,0,0,,0,002,DEPOT,"PARK AV",30.00,N,N,A,-,N,,,,,,,,,,N,4,0,1,2,A,-,11,21953,,N,D,B,D,A,H,-,D,D,0,Y,,,,Y,Y,N,60,0,0,1,0,1,0,0,0,0,"- ","- ",,,"SANTA BARBARA","SANTA MARIA",-120.44378657,34.944632349999999
6420618,2014,2014-06-07,4204,2014-02-16,1532,23601,37,7,5,5,4204,0,0,0,,0,002,"CONCORD AV",FESLER,0.00,,Y,A,-,N,,,,,,,,,,Y,3,0,1,2,A,-,01,23152,B,N,E,E,A,A,H,-,A,D,0,,,,,Y,Y,A,01,0,1,0,0,0,0,0,0,0,"- ","- ",,,"SANTA BARBARA","SANTA MARIA",-120.41383994,34.956320030000001
6420621,2014,2016-01-14,4204,2014-02-28,1418,18261,57,5,5,5,4204,0,0,0,,0,002,BROADWAY,"MORRISON AV",15.00,N,N,B,C,Y,SB,5,135,-,-,15.090,H,-,S,Y,4,0,2,2,A,-,03,22350,,N,C,C,A,B,H,-,A,A,0,,,,,Y,,M,47,0,0,2,0,0,0,0,0,0,"- ","- ",,,"SANTA BARBARA","SANTA MARIA",-120.43609504,34.943234080000003
6420622,2014,2016-01-14,4204,2014-02-12,2242,20894,91,3,5,5,4204,0,0,0,,0,003,"RT 135","WALLER LN",423.00,N,N,A,-,Y,SB,5,135,-,-,12.560,H,-,N,N,2,0,1,2,D,-,00,,,F,B,G,A,A,H,-,D,D,0,,Y,,,Y,,-,"- ",1,0,0,0,0,0,1,0,0,"- ","- ",,,"SANTA BARBARA","SANTA MARIA",-120.4358579,34.906534229999998
6420634,2014,2014-06-07,4204,2014-02-13,1550,90081,53,4,5,5,4204,0,0,0,,0,002,MILLER,COOK,100.00,N,N,A,-,N,,,,,,,,,,N,4,0,2,2,A,-,04,21703,,N,C,C,A,A,H,-,A,A,0,,,,,Y,,A,07,0,0,2,0,0,0,0,0,0,"- ","- ",,,"SANTA BARBARA","SANTA MARIA",-120.43147261999999,34.950164659999999
6420638,2014,2014-06-09,4204,2014-02-16,1533,23601,,7,5,5,4204,0,0,0,,0,002,"CONCORD AV",FESLER,0.00,,Y,A,-,N,,,,,,,,,,Y,3,0,1,3,A,-,01,23152,B,N,E,I,A,A,H,-,A,A,0,,,,,Y,Y,A,01,0,1,0,0,0,0,0,0,0,"- ","- ",,,"SANTA BARBARA","SANTA MARIA",-120.41383994,34.956320030000001
6420700,2014,2014-06-28,4203,2014-02-27,2040,1436,,4,5,5,4203,0,0,0,,0,004,"W MISSION ST","BATH ST",0.00,,Y,A,-,N,,,,,,,,,,N,3,0,1,2,A,-,10,21950,A,N,G,B,B,A,H,-,C,A,0,Y,,,,Y,,-,,0,1,0,0,1,0,0,0,0,"- ","- ",34.253799999999998,-119.43043,"SANTA BARBARA","SANTA BARBARA",-119.71795988,34.427610080000001
6420704,2014,2014-06-28,4203,2014-02-24,1038,6700,11,1,5,5,4203,0,0,0,,0,002,"CABRILLO BL","LOS PATOS WY",1587.00,W,N,A,F,N,,,,,,,,,,Y,3,0,1,1,C,-,18,,,N,F,A,A,A,H,-,A,D,0,,,,,Y,,-,"- ",0,1,0,0,0,0,0,0,0,"- ","- ",,,"SANTA BARBARA","SANTA BARBARA",-119.66100127999999,34.42001398
6421023,2014,2016-03-05,9750,2014-03-16,1645,15514,,7,2,5,4204,0,1,2,,2,001,"RT 101",BROADWAY,200.00,N,N,A,-,Y,SB,5,101,-,-,90.840,R,2,N,Y,4,0,1,1,A,-,03,22350,,N,F,A,A,A,H,-,A,D,0,,,Y,,Y,,C,02,0,0,1,0,0,0,0,0,1,TO,"- ",34.983170000000001,-120.43205,"SANTA BARBARA","SANTA MARIA",-120.43197347,34.982526249999999
6421027,2014,2014-06-24,9750,2014-03-15,1205,14820,,6,1,9,4200,0,2,4,,1,024,"CLARK AV","HARMONY LN",87.00,E,N,A,-,N,,,,,,,,,,N,3,0,1,1,A,-,01,21200,5,N,H,A,A,A,H,-,A,D,0,,Y,,,Y,Y,L,04,0,1,0,0,0,0,1,0,0,"- ","- ",34.86497,-120.40567,"SANTA BARBARA",UNINCORPORATED,-120.40578008,34.865070000000003
6421047,2014,2014-07-01,4203,2014-03-15,1053,2720,,6,5,5,4203,0,0,0,,0,003,"STATE ST","CARRILLO ST",9.00,S,N,A,-,N,,,,,,,,,,N,3,0,1,2,A,-,03,22350,,N,B,G,A,A,H,-,A,A,0,,Y,,,Y,,-,,0,1,0,0,0,0,1,0,0,"- ","- ",34.421399999999998,-119.70174,"SANTA BARBARA","SANTA BARBARA",-119.70189775999999,34.421473540000001
6421083,2014,2014-07-01,4203,2014-03-13,1939,2386,,4,5,5,4203,0,0,0,,0,005,"DE LA VINA ST","ARDEN RD",210.00,N,N,A,-,N,,,,,,,,,,N,3,0,1,2,A,-,"- ",,,N,G,B,D,A,H,-,C,D,0,Y,,,,Y,,N,60,0,1,0,0,1,0,0,0,0,"- ","- ",37.261510000000001,-119.45372999999999,"SANTA BARBARA","SANTA BARBARA",-119.72726061,34.437706310000003
6421123,2014,2014-07-03,4203,2014-03-11,1711,2661,,2,5,5,4203,0,0,0,,0,003,"ALTA VISTA RD","SOLA ST",30.00,S,N,A,-,N,,,,,,,,,,N,2,0,1,1,A,-,08,22107,,N,F,J,A,A,H,-,A,A,0,,Y,,,Y,,L,04,1,0,0,0,0,0,1,0,0,"- ","- ",34.255699999999997,-119.4156,"SANTA BARBARA","SANTA BARBARA",-119.6990251,34.432585840000002
6421127,2014,2014-07-03,4203,2014-03-11,1715,6693,56,2,5,5,4203,0,0,0,,0,005,"S LA CUMBRE RD","STATE ST",156.00,S,N,A,-,N,,,,,,,,,,N,4,0,1,2,A,-,05,21650,1,F,D,G,A,A,H,-,A,D,0,,Y,,,Y,Y,L,04,0,0,1,0,0,0,1,0,0,"- ","- ",34.2624,-119.4504,"SANTA BARBARA","SANTA BARBARA",-119.75106,34.440001760000001
6421131,2014,2014-07-03,4203,2014-03-07,1704,1436,,5,5,5,4203,0,0,0,,0,005,"STATE ST","AMAPOLA DR",0.00,,Y,A,-,N,,,,,,,,,,N,4,0,1,2,A,-,05,21202,A,N,D,G,A,A,H,-,A,A,0,,Y,,,Y,,L,04,0,0,1,0,0,0,1,0,0,"- ","- ",34.262509999999999,-119.441,"SANTA BARBARA","SANTA BARBARA",-119.73652988000001,34.440410040000003
6421135,2014,2014-07-03,4203,2014-03-11,0829,2520,,2,5,5,4203,0,0,0,,0,001,"ANAPAMU ST","SALSIPUEDES ST",0.00,,Y,A,-,N,,,,,,,,,,N,3,0,1,2,A,-,08,22107,,N,B,G,A,A,H,-,A,D,0,,Y,,,Y,,-,,0,1,0,0,0,0,1,0,0,"- ","- ",34.254600000000003,-119.4152,"SANTA BARBARA","SANTA BARBARA",-119.6976499,34.429790070000003
6421139,2014,2014-07-03,4203,2014-03-10,1213,6700,33,1,5,5,4203,0,0,0,,0,004,"STATE ST","SOLA ST",110.00,N,N,A,-,N,,,,,,,,,,N,3,0,1,2,A,-,08,22107,,N,D,G,A,A,H,-,A,D,0,,Y,,,Y,,A,01,0,1,0,0,0,0,1,0,0,"- ","- ",34.253140000000002,-119.42265,"SANTA BARBARA","SANTA BARBARA",-119.70730546999999,34.425437770000002
6421143,2014,2014-07-03,4203,2014-03-09,1736,6983,,7,5,5,4203,0,0,0,,0,003,"CARRILLO ST","SANTA BARBARA ST",0.00,,Y,A,-,N,,,,,,,,,,Y,4,0,1,2,A,-,12,21453,A,N,D,C,A,A,H,-,A,A,0,,,,,Y,,-,,0,0,1,0,0,0,0,0,0,"- ","- ",34.252499999999998,-119.41589999999999,"SANTA BARBARA","SANTA BARBARA",-119.69963989999999,34.423640089999999
6408975,2014,2014-06-10,4200,2014-02-28,1212,3116,14,5,5,4,4214,0,0,0,,0,060,"HOLLISTER AV","TECOLOTE AV",0.00,,Y,B,C,N,,,,,,,,,,N,3,0,1,2,A,-,09,21801,A,N,D,G,A,B,H,-,A,D,0,,Y,,,Y,,A,01,0,1,0,0,0,0,1,0,0,"- ","- ",,,"SANTA BARBARA",GOLETA,-119.82570995,34.435790050000001
6410403,2014,2014-06-10,4204,2014-01-20,0754,96241,10,1,5,5,4204,0,0,0,,0,001,"RANCHO VERDE","N WESTERN",22.00,W,N,A,-,N,,,,,,,,,,Y,4,0,1,1,A,-,03,22349,B,M,E,I,A,A,H,-,A,A,0,,,,,Y,,-,,0,0,1,0,0,0,0,0,0,"- ","- ",,,"SANTA BARBARA","SANTA MARIA",-120.44835341,34.977209999999999
6410407,2014,2014-06-10,4204,2014-01-18,1814,23656,60,6,5,5,4204,0,0,0,,0,003,"MORRISON AV","RAILROAD AV",0.00,,Y,A,-,N,,,,,,,,,,Y,3,0,1,1,A,-,01,23152,B,N,F,I,A,A,H,-,C,A,0,,,,,Y,Y,A,07,0,1,0,0,0,0,0,0,0,"- ","- ",,,"SANTA BARBARA","SANTA MARIA",-120.44547996,34.943200040000001
6410415,2014,2014-07-23,4204,2014-01-24,1807,90081,57,5,5,5,4204,0,0,0,,0,002,"CAMINO COLEGIO",MCCLELLAND,30.00,E,N,B,-,N,,,,,,,,,,Y,4,0,1,2,A,-,08,22107,,N,C,-,A,A,H,-,C,D,0,,,,,Y,,A,01,0,0,1,0,0,0,0,0,0,"- ","- ",,,"SANTA BARBARA","SANTA MARIA",-120.43436995,34.941698389999999
6410419,2014,2014-06-11,4204,2014-01-25,1947,90042,,6,5,5,4204,0,0,0,,0,001,BLOSSER,ALVIN,55.00,N,N,A,-,N,,,,,,,,,,Y,4,0,1,2,A,-,12,21453,A,F,A,C,A,A,H,-,C,A,0,,,,,Y,,-,,0,0,1,0,0,0,0,0,0,"- ","- ",,,"SANTA BARBARA","SANTA MARIA",-120.45351787,34.960741059999997
6410485,2014,2014-06-11,9750,2014-01-19,1424,15514,,7,2,9,4200,0,3,5,,2,020,"UNION VALLEY PKWY","HUMMEL DR",0.00,,Y,A,-,N,,,,,,,,,,Y,3,0,2,2,A,-,09,21802,A,N,D,C,A,A,H,-,A,A,0,,,,,Y,,A,07,0,1,1,0,0,0,0,0,0,"- ","- ",34.879370000000002,-120.4299,"SANTA BARBARA",UNINCORPORATED,-120.43010986,34.879320010000001
6410487,2014,2016-03-05,4204,2014-01-28,1249,23397,19,2,5,5,4204,0,0,0,,0,001,DONOVAN,"RT 101",0.00,,Y,A,-,Y,SB,5,101,-,-,89.920,R,4,S,Y,4,0,1,2,A,-,12,21453,A,N,D,C,A,A,H,-,A,A,0,,,,,Y,,A,07,0,0,1,0,0,0,0,0,0,"- ","- ",,,"SANTA BARBARA","SANTA MARIA",-120.42494146,34.970619360000001
6410489,2014,2016-01-14,9750,2014-01-27,2029,18009,,1,2,9,4200,0,1,3,,1,021,"RT 135","GOODWIN RD",0.00,,Y,A,-,Y,SB,5,135,-,-,12.070,I,5,N,Y,3,0,2,2,D,-,00,,,N,D,C,A,A,H,-,C,A,5,,,,,Y,,-,"- ",0,1,1,0,0,0,0,0,0,"- ","- ",34.899479999999997,-120.43600000000001,"SANTA BARBARA",UNINCORPORATED,-120.43598543,34.899458520000003
6410495,2014,2015-09-04,4204,2014-01-29,1750,90042,,3,5,5,4204,0,0,0,,0,003,"MAHONEY RD","RAYVILLE LN",20.00,W,N,A,-,N,,,,,,,,,,Y,4,0,1,2,A,-,09,21802,A,N,A,C,A,A,H,-,B,D,0,,,,,Y,,-,,0,0,1,0,0,0,0,0,0,"- ","- ",,,"SANTA BARBARA","SANTA MARIA",-120.47523332,34.920572730000004
6410499,2014,2016-01-14,4204,2014-01-31,1536,23601,57,5,5,5,4204,0,0,0,,0,002,BROADWAY,LIBERTY,0.00,,Y,A,-,Y,SB,5,135,-,-,14.820,I,5,S,N,4,0,2,2,A,-,08,21460,5,N,A,C,A,A,H,-,A,A,0,,,,,Y,,A,01,0,0,2,0,0,0,0,0,0,"- ","- ",,,"SANTA BARBARA","SANTA MARIA",-120.43608571,34.939115039999997
6410503,2014,2016-01-14,4204,2014-01-15,1132,22104,6203,3,5,5,4204,0,0,0,,0,WED,"RT 135",PERSHING,180.00,S,N,A,-,Y,SB,5,135,-,-,14.870,H,-,S,Y,4,0,1,2,A,-,03,22350,,N,C,C,A,A,H,-,A,A,0,,,,,Y,,A,07,0,0,1,0,0,0,0,0,0,"- ","- ",,,"SANTA BARBARA","SANTA MARIA",-120.43606803999999,34.939879779999998
6435842,2014,2014-07-08,4202,2014-03-28,1047,273,LOMPO,5,5,4,4202,0,0,0,,0,,"O ST","CORDOBA AV",90.00,N,N,A,-,N,,,,,,,,,,N,4,0,1,2,A,-,03,22350,,N,G,B,D,A,H,-,A,A,0,Y,,,,Y,,D,22,0,0,1,0,1,0,0,0,0,"- ","- ",,,"SANTA BARBARA",LOMPOC,-120.46639222,34.662207129999999