CASE_ID,ACCIDENT_YEAR,PROC_DATE,JURIS,COLLISION_DATE,COLLISION_TIME,OFFICER_ID,REPORTING_DISTRICT,DAY_OF_WEEK,CHP_SHIFT,POPULATION,CNTY_CITY_LOC,SPECIAL_COND,BEAT_TYPE,CHP_BEAT_TYPE,CITY_DIVISION_LAPD,CHP_BEAT_CLASS,BEAT_NUMBER,PRIMARY_RD,SECONDARY_RD,DISTANCE,DIRECTION,INTERSECTION,WEATHER_1,WEATHER_2,STATE_HWY_IND,CALTRANS_COUNTY,CALTRANS_DISTRICT,STATE_ROUTE,ROUTE_SUFFIX,POSTMILE_PREFIX,POSTMILE,LOCATION_TYPE,RAMP_INTERSECTION,SIDE_OF_HWY,TOW_AWAY,COLLISION_SEVERITY,NUMBER_KILLED,NUMBER_INJURED,PARTY_COUNT,PRIMARY_COLL_FACTOR,PCF_CODE_OF_VIOL,PCF_VIOL_CATEGORY,PCF_VIOLATION,PCF_VIOL_SUBSECTION,HIT_AND_RUN,TYPE_OF_COLLISION,MVIW,PED_ACTION,ROAD_SURFACE,ROAD_COND_1,ROAD_COND_2,LIGHTING,CONTROL_DEVICE,CHP_ROAD_TYPE,PEDESTRIAN_ACCIDENT,BICYCLE_ACCIDENT,MOTORCYCLE_ACCIDENT,TRUCK_ACCIDENT,NOT_PRIVATE_PROPERTY,ALCOHOL_INVOLVED,STWD_VEHTYPE_AT_FAULT,CHP_VEHTYPE_AT_FAULT,COUNT_SEVERE_INJ,COUNT_VISIBLE_INJ,COUNT_COMPLAINT_PAIN,COUNT_PED_KILLED,COUNT_PED_INJURED,COUNT_BICYCLIST_KILLED,COUNT_BICYCLIST_INJURED,COUNT_MC_KILLED,COUNT_MC_INJURED,PRIMARY_RAMP,SECONDARY_RAMP,LATITUDE,LONGITUDE,COUNTY,CITY,POINT_X,POINT_Y
6439566,2014,2014-07-16,4203,2014-03-14,2345,5751,,5,5,5,4203,0,0,0,,0,003,"STATE ST","VALARIO ST",72.00,N,N,A,-,N,,,,,,,,,,Y,4,0,1,2,A,-,01,23153,A,N,C,C,A,A,H,-,C,A,0,,,,,Y,Y,-,,0,0,1,0,0,0,0,0,0,"- ","- ",34.254190000000001,-119.42406,"SANTA BARBARA","SANTA BARBARA",-119.71102827999999,34.428161369999998
6439567,2014,2014-07-03,4203,2014-03-16,1705,1959,,7,5,5,4203,0,0,0,,0,004,"SHORELINE DR","LOYOLA DR",450.00,E,N,A,-,N,,,,,,,,,,Y,4,0,1,2,A,-,01,23153,A,F,-,C,A,A,H,-,A,A,0,,,,,Y,Y,-,,0,0,1,0,0,0,0,0,0,"- ","- ",34.23489,-119.42552999999999,"SANTA BARBARA","SANTA BARBARA",-119.71502359,34.39682226
6439568,2014,2014-07-03,4203,2014-03-16,1744,6031,,7,5,5,4203,0,0,0,,0,004,"WEST VICTORIA ST","DE LA VINA ST",36.00,E,N,A,-,N,,,,,,,,,,Y,4,0,1,1,A,-,01,23152,A,M,E,I,A,A,H,-,A,D,0,,,,,Y,Y,-,,0,0,1,0,0,0,0,0,0,"- ","- ",34.252000000000002,-119.4228,"SANTA BARBARA","SANTA BARBARA",-119.70793143,34.422254369999997
6439905,2014,2014-06-30,9760,2014-03-09,1850,19831,,7,2,9,4200,0,3,5,,2,002,"OLD SAN MARCOS RD","TWINRIDGE RD",438.00,N,N,B,-,N,,,,,,,,,,Y,3,0,1,1,A,-,08,22107,,M,E,I,A,A,H,-,B,D,0,,,,,Y,,A,07,0,1,0,0,0,0,0,0,0,"- ","- ",34.467300000000002,-119.8026,"SANTA BARBARA",UNINCORPORATED,-119.80258562,34.467081720000003
6439909,2014,2016-03-05,9760,2014-03-06,1503,017603,,4,2,9,4200,0,1,3,,1,014,"RT 192","SAN YSIDRO RD",434.00,W,N,A,-,Y,SB,5,192,-,-,8.740,H,-,W,Y,3,0,1,2,A,-,03,22350,,N,C,C,A,A,H,-,A,D,0,,,,,Y,,A,01,0,1,0,0,0,0,0,0,0,"- ","- ",34.385280000000002,-119.48804,"SANTA BARBARA",UNINCORPORATED,-119.63359346,34.436982100000002
6439913,2014,2016-03-05,9760,2014-03-12,2143,018803,,3,2,3,4205,0,1,2,,2,010,"RT 101","SANTA MONICA RD",2110.00,N,N,A,-,Y,SB,5,101,-,-,4.180,H,-,N,Y,2,0,1,4,A,-,03,22350,,N,C,C,A,A,H,-,D,D,1,,,,,Y,,A,01,1,0,0,0,0,0,0,0,0,"- ","- ",34.405410000000003,-119.53651000000001,"SANTA BARBARA",CARPINTERIA,-119.53546905,34.405066050000002
6439917,2014,2016-03-05,9760,2014-03-12,0029,018431,,3,3,5,4203,0,1,2,,2,011,"RT 101","SALINAS ST",109.00,S,N,A,-,Y,SB,5,101,-,-,12.120,R,2,N,Y,3,0,1,1,A,-,01,23152,A,N,E,I,A,A,H,-,C,A,1,,,,,Y,Y,A,07,0,1,0,0,0,0,0,0,0,"- ","- ",34.421489999999999,-119.66625999999999,"SANTA BARBARA","SANTA BARBARA",-119.66640884,34.421282339999998
6440143,2014,2016-03-05,4200,2014-03-24,1438,3875,6,1,5,2,4206,0,0,0,,0,,"RT 246","ATTERDAG RD",151.00,,N,A,-,Y,SB,5,246,-,-,29.470,H,-,W,N,4,0,1,3,C,-,18,,,N,C,C,A,A,H,-,A,A,0,,,,Y,Y,,-,"- ",0,0,1,0,0,0,0,0,0,"- ","- ",,,"SANTA BARBARA",SOLVANG,-120.14122414000001,34.596034029999998
6441849,2014,2014-06-10,4202,2014-01-24,0658,232,4202,5,5,4,4202,0,0,0,,0,,"AIRPORT AV","C ST",0.00,,Y,A,-,N,,,,,,,,,,Y,4,0,3,2,A,-,09,21800,A,N,D,C,A,A,H,-,A,D,0,,,,,Y,,A,08,0,0,3,0,0,0,0,0,0,"- ","- ",,,"SANTA BARBARA",LOMPOC,-120.45142995,34.648560060000001
6441865,2014,2014-06-10,9760,2014-01-28,1825,018264,,2,2,9,4200,0,2,4,,2,024,"CALLE REAL","OLD MILL RD",742.00,W,N,A,-,N,,,,,,,,,,N,4,0,2,2,A,-,08,22107,,F,A,C,A,A,H,-,C,D,0,,,Y,,Y,,A,01,0,0,2,0,0,0,0,0,2,"- ","- ",34.441450000000003,-119.76685000000001,"SANTA BARBARA",UNINCORPORATED,-119.76710722,34.441232069999998
6421147,2014,2014-07-03,4203,2014-03-14,1831,6970,SANTA,5,5,5,4203,0,0,0,,0,004,"HALEY ST","DE LA VINA ST",0.00,,Y,A,-,N,,,,,,,,,,N,3,0,1,2,A,-,10,21950,A,N,G,B,B,A,H,-,B,A,0,Y,,,,Y,,-,,0,1,0,0,1,0,0,0,0,"- ","- ",34.245269999999998,-119.41522999999999,"SANTA BARBARA","SANTA BARBARA",-119.69778988,34.414680089999997
6421155,2014,2014-07-03,4203,2014-03-16,1611,6114,,7,5,5,4203,0,0,0,,0,004,"W VICTORIA ST","STATE ST",69.00,W,N,A,-,N,,,,,,,,,,N,3,0,1,2,A,-,17,22517,,N,B,-,A,A,H,-,A,D,0,,Y,,,Y,,-,,0,1,0,0,0,0,1,0,0,"- ","- ",34.252800000000001,-119.422,"SANTA BARBARA","SANTA BARBARA",-119.70589169,34.424158259999999
6421159,2014,2014-07-03,4203,2014-03-15,0100,6968,18,6,5,5,4203,0,0,0,,0,006,"SHORELINE DR","SANTA CRUZ BL",75.00,W,N,A,-,N,,,,,,,,,,N,3,0,1,1,A,-,03,22350,,N,H,A,A,A,H,-,C,D,0,,,,,Y,,-,"- ",0,1,0,0,0,0,0,0,0,"- ","- ",34.234819999999999,-119.4251,"SANTA BARBARA","SANTA BARBARA",-119.71421632000001,34.396726770000001
6421163,2014,2014-07-03,4203,2014-03-06,1238,2520,4203,4,5,5,4203,0,0,0,,0,001,"LOU DILLON","SALINAS ST",0.00,,Y,A,-,N,,,,,,,,,,Y,4,0,2,2,A,-,21,22106,,N,D,C,A,A,H,-,A,D,0,,,,,Y,,-,,0,0,2,0,0,0,0,0,0,"- ","- ",34.252569999999999,-119.4007,"SANTA BARBARA","SANTA BARBARA",-119.66873,34.423520000000003
6421167,2014,2014-07-03,4203,2014-03-05,1508,2661,,3,5,5,4203,0,0,0,,0,001,"MILPAS ST","DE LA GUERRA ST",52.00,S,N,A,-,N,,,,,,,,,,N,4,0,1,3,A,-,03,22350,,N,C,C,A,A,H,-,A,A,0,,,,,Y,,-,,0,0,1,0,0,0,0,0,0,"- ","- ",34.254399999999997,-119.41200000000001,"SANTA BARBARA","SANTA BARBARA",-119.68905026,34.429046049999997
6421196,2014,2016-03-05,4203,2014-03-08,0902,6378,,6,5,5,4203,0,0,0,,0,006,"RT 225","SALIDA DEL SOL",198.00,W,N,A,-,Y,SB,5,225,-,-,2.890,H,-,E,Y,4,0,2,2,A,-,09,21801,A,N,A,C,A,A,H,-,A,D,0,,,,,Y,,-,,0,0,2,0,0,0,0,0,0,"- ","- ",34.240459999999999,-119.43128,"SANTA BARBARA","SANTA BARBARA",-119.7200763,34.401124629999998
6422627,2014,2014-05-02,4204,2014-03-25,1106,20904,68,2,5,5,4204,0,0,0,,0,003,"BATTLES RD",MILLER,320.00,W,N,A,-,N,,,,,,,,,,N,3,0,1,2,A,-,08,22107,,N,D,G,A,A,H,-,A,D,0,,Y,,,Y,,L,04,0,1,0,0,0,0,1,0,0,"- ","- ",,,"SANTA BARBARA","SANTA MARIA",-120.43284718,34.931450269999999
6423035,2014,2014-06-13,9750,2014-02-09,2155,018009,,7,2,9,4200,0,2,4,,2,040,"BULL CANYON RD","DONOVAN RD",573.00,N,N,A,-,N,,,,,,,,,,Y,3,0,2,1,A,-,08,22107,,N,E,I,A,A,H,-,D,D,0,,,,,Y,,A,01,0,1,1,0,0,0,0,0,0,"- ","- ",34.968020000000003,-120.40437,"SANTA BARBARA",UNINCORPORATED,-120.40395811,34.968896219999998
6423039,2014,2016-03-05,9750,2014-02-06,1245,015334,,4,1,5,4204,0,1,2,,2,001,"RT 101",BROADWAY,1584.00,S,N,B,C,Y,SB,5,101,-,-,90.450,H,-,N,Y,4,0,2,2,A,-,03,22350,,N,D,C,A,B,H,-,A,D,0,,,,,Y,,A,01,0,0,2,0,0,0,0,0,0,"- ","- ",34.976979999999998,-120.42856999999999,"SANTA BARBARA","SANTA MARIA",-120.42893484,34.977508010000001
6424463,2014,2016-01-11,9755,2014-03-10,1550,013618,,1,2,9,4200,0,1,3,,1,055,"RT 1","FIREFIGHTER RD",2112.00,N,N,A,-,Y,SB,5,1,-,M,31.580,H,-,N,Y,3,0,1,1,A,-,08,22107,,N,F,A,A,A,H,-,A,D,0,,,,,Y,,D,22,0,1,0,0,0,0,0,0,0,"- ","- ",34.772959999999998,-120.51054999999999,"SANTA BARBARA",UNINCORPORATED,-120.5105556,34.772875220000003
6424464,2014,2016-03-05,9755,2014-03-12,0730,012436,,3,1,9,4200,0,1,3,,1,042,"RT 154","EDISON ST",267.00,E,N,A,-,Y,SB,5,154,-,R,6.000,H,-,W,Y,4,0,1,2,A,-,03,22350,,N,C,C,A,A,G,-,A,A,0,,,,Y,Y,,A,01,0,0,1,0,0,0,0,0,0,"- ","- ",34.63308,-120.08038999999999,"SANTA BARBARA",UNINCORPORATED,-120.08015247,34.632683059999998
6441878,2014,2014-07-08,4202,2014-03-11,0815,292,,2,5,4,4202,0,0,0,,0,,"O ST","COLLEGE AV",0.00,,Y,A,-,N,,,,,,,,,,N,4,0,1,2,A,-,05,21202,A,N,D,G,A,A,H,-,A,A,0,,Y,,,Y,,L,04,0,0,1,0,0,0,1,0,0,"- ","- ",,,"SANTA BARBARA",LOMPOC,-120.46668997,34.647100090000002
6441931,2014,2014-07-01,9750,2014-03-31,0620,16170,,1,1,9,4200,0,3,5,,2,010,"BETTERAVIA RD","BROWN RD",2112.00,S,N,A,-,N,,,,,,,,,,Y,3,0,2,2,A,-,09,21801,A,N,D,C,A,A,H,-,D,D,0,,,,,Y,,A,01,0,1,1,0,0,0,0,0,0,"- ","- ",34.93206,-120.54170999999999,"SANTA BARBARA",UNINCORPORATED,-120.54089857,34.931617500000002
6442411,2014,2016-03-05,9760,2014-03-20,1540,17674,,4,2,5,4203,0,1,2,,2,011,"RT 101","CABRILLO BL",20.00,N,N,A,-,Y,SB,5,101,-,-,11.620,H,-,S,Y,3,0,1,2,A,-,03,22350,,N,B,C,A,A,H,-,A,D,1,,,Y,,Y,,C,02,0,1,0,0,0,0,0,0,1,"- ","- ",34.422939999999997,-119.6566,"SANTA BARBARA","SANTA BARBARA",-119.65802425,34.422984589999999
6442415,2014,2016-03-05,9760,2014-03-18,1300,17307,,2,1,3,4205,0,1,2,,2,010,"RT 101","SOUTH PADARO LN",1544.00,S,N,A,-,Y,SB,5,101,-,R,4.770,H,-,S,Y,3,0,1,1,A,-,01,23152,E,N,E,I,A,A,H,-,A,D,1,,,,,Y,,A,01,0,1,0,0,0,0,0,0,0,"- ","- ",34.407179999999997,-119.54833000000001,"SANTA BARBARA",CARPINTERIA,-119.54553075,34.406074850000003
6442419,2014,2014-07-02,9760,2014-03-25,1120,17674,,2,1,9,4200,0,3,5,,2,002,"TURNPIKE RD","SAN GORDIANO AV",25.00,N,N,A,-,N,,,,,,,,,,Y,3,0,2,2,A,-,03,22350,,N,C,C,A,A,H,-,A,A,0,,,,,Y,,A,07,0,2,0,0,0,0,0,0,0,"- ","- ",34.439039999999999,-119.78951000000001,"SANTA BARBARA",UNINCORPORATED,-119.78944,34.439198650000002
6442435,2014,2016-03-05,9760,2014-03-29,1155,19069,,6,1,9,4200,0,1,2,,2,010,"RT 101","SHEFFIELD DR",1478.00,N,N,A,-,Y,SB,5,101,-,-,9.300,H,-,N,Y,3,0,1,1,A,-,03,22350,,N,E,I,A,A,H,-,A,D,1,,,Y,,Y,,C,02,0,1,0,0,0,0,0,0,1,"- ","- ",34.251600000000003,-119.379,"SANTA BARBARA",UNINCORPORATED,-119.61917966999999,34.421286530000003
6442439,2014,2016-03-05,9760,2014-03-14,1935,19831,,5,2,9,4200,0,3,5,,2,002,"TURNPIKE RD","RT 101",0.00,,Y,A,-,Y,SB,5,101,-,-,20.260,R,4,S,N,4,0,1,2,A,-,09,21453,B,N,D,C,A,A,H,-,C,A,1,,,,,Y,,A,01,0,0,1,0,0,0,0,0,0,"- ","- ",34.441870000000002,-119.78945,"SANTA BARBARA",UNINCORPORATED,-119.79280885999999,34.44186681
6442443,2014,2014-07-02,9760,2014-03-28,0720,18991,,5,1,9,4200,0,3,5,,2,002,"VIA ZORRO","MODOC RD",3.00,N,N,A,-,N,,,,,,,,,,N,3,0,1,2,A,-,09,21801,A,N,D,G,A,A,H,-,A,D,0,,Y,,,Y,,A,01,0,1,0,0,0,0,1,0,0,"- ","- ",34.437139999999999,-119.75937999999999,"SANTA BARBARA",UNINCORPORATED,-119.7593794,34.437028220000002
6442447,2014,2014-07-02,9760,2014-03-31,1650,17307,,1,2,9,4200,0,3,5,,2,005,"EMBARCADERO DEL NORTE","PICASSO LN",30.00,S,N,A,-,N,,,,,,,,,,N,4,0,1,2,A,-,03,22350,,N,C,C,A,A,H,-,A,D,0,,,,,Y,,A,01,0,0,1,0,0,0,0,0,0,"- ","- ",34.414990000000003,-119.85529,"SANTA BARBARA",UNINCORPORATED,-119.85538253,34.41500765
6442451,2014,2014-07-02,9760,2014-03-24,0010,19819,,1,3,9,4200,0,3,5,,2,005,"CERVANTES RD","EMBARCADERO DEL MAR",45.00,W,N,A,-,N,,,,,,,,,,Y,3,0,2,1,A,-,03,22350,,N,E,I,A,A,H,-,C,D,0,,,,,Y,,A,07,0,1,1,0,0,0,0,0,0,"- ","- ",34.416420000000002,-119.8571,"SANTA BARBARA",UNINCORPORATED,-119.85716907,34.416412659999999
6442505,2014,2014-07-07,4203,2014-03-17,1935,3597,,1,5,5,4203,0,0,0,,0,004,"DE LA VINA ST","ISLAY ST",0.00,,Y,A,-,N,,,,,,,,,,Y,4,0,1,2,A,-,09,21802,A,N,-,C,A,A,H,-,C,A,0,,,,,Y,,-,,0,0,1,0,0,0,0,0,0,"- ","- ",34.253709999999998,-119.42523,"SANTA BARBARA","SANTA BARBARA",-119.71442994,34.426880009999998
6410507,2014,2014-06-11,4204,2014-01-16,0959,22491,58,4,5,5,4204,0,0,0,,0,002,PARK,MILLER,0.00,,Y,A,-,N,,,,,,,,,,N,4,0,1,2,A,-,03,22350,,F,D,B,-,A,H,-,A,D,0,Y,,,,Y,,-,,0,0,1,0,1,0,0,0,0,"- ","- ",,,"SANTA BARBARA","SANTA MARIA",-120.43141994,34.944400020000003
6410511,2014,2016-01-14,4204,2014-01-17,1352,90081,57,5,5,5,4204,0,0,0,,0,003,BROADWAY,"MORRISON AV",0.00,,Y,A,-,Y,SB,5,135,-,-,15.080,I,5,S,N,4,0,1,2,A,-,09,21801,A,N,D,G,A,A,H,-,A,A,0,,Y,,,Y,,A,07,0,0,1,0,0,0,1,0,0,"- ","- ",,,"SANTA BARBARA","SANTA MARIA",-120.4360968,34.943093079999997
6410531,2014,2015-02-03,4204,2014-01-09,0946,21199,079,4,5,5,4204,0,0,0,,0,003,"SKYWAY DR","FAIRWAY DR",550.00,S,N,A,-,N,,,,,,,,,,N,3,0,1,2,D,-,00,,,F,H,G,A,A,H,-,A,D,0,,Y,,,Y,,-,"- ",0,1,0,0,0,0,1,0,0,"- ","- ",,,"SANTA BARBARA","SANTA MARIA",-120.45417571,34.911919320000003
6410546,2014,2016-03-05,4204,2014-01-07,1349,90268,11,2,5,5,4204,0,0,0,,0,001,"RT 101",DONOVAN,12.00,S,N,A,-,Y,SB,5,101,-,-,89.480,R,1,N,N,4,0,2,2,A,-,03,22350,,N,C,C,A,A,H,-,A,A,0,,,,,Y,,A,01,0,0,2,0,0,0,0,0,0,NF,"- ",,,"SANTA BARBARA","SANTA MARIA",-120.42119253,34.964920120000002
6410550,2014,2014-06-11,4204,2014-01-03,1823,LOPEZ,069,5,5,5,4204,0,0,0,,0,003,STOWELL,NICHOLSON,0.00,,Y,A,-,N,,,,,,,,,,Y,4,0,1,2,A,-,09,21802,A,N,D,C,A,A,H,-,C,D,0,,,,,Y,,-,,0,0,1,0,0,0,0,0,0,"- ","- ",,,"SANTA BARBARA","SANTA MARIA",-120.41614996,34.938300060000003
6410554,2014,2016-01-14,4204,2014-01-01,1322,23028,16,3,5,5,4204,0,0,0,,0,001,BROADWAY,DONOVAN,42.00,S,N,A,-,Y,SB,5,135,-,-,16.760,H,-,N,N,4,0,1,2,A,-,03,22350,,N,C,C,A,A,H,-,B,A,0,,,,,Y,,-,,0,0,1,0,0,0,0,0,0,"- ","- ",,,"SANTA BARBARA","SANTA MARIA",-120.43561504,34.967458090000001
6410558,2014,2016-01-14,4204,2014-01-13,1630,90246,68,1,5,5,4204,0,0,0,,0,003,BROADWAY,BATTLES,126.00,S,N,A,-,Y,SB,5,135,-,-,14.260,H,-,N,N,4,0,3,2,A,-,03,22350,,N,C,C,A,A,H,-,A,A,0,,,,,Y,,-,,0,0,3,0,0,0,0,0,0,"- ","- ",,,"SANTA BARBARA","SANTA MARIA",-120.43593989999999,34.931177470000002
6410625,2014,2016-01-14,4204,2014-01-31,1105,22751,86,5,5,5,4204,0,0,0,,0,003,"RT 135",LAKEVIEW,60.00,N,N,A,-,Y,SB,5,135,-,-,11.740,H,-,S,N,4,0,2,2,A,-,21,22106,,N,C,C,A,A,H,-,A,A,0,,,,,Y,,A,01,0,0,2,0,0,0,0,0,0,"- ","- ",,,"SANTA BARBARA","SANTA MARIA",-120.43663367000001,34.894656380000001
6411017,2014,2016-01-06,9760,2014-02-23,1538,18991,,7,2,9,4200,0,1,2,,2,010,"RT 101","SOUTH PADARO LN",500.00,N,N,A,-,Y,SB,5,101,-,R,5.400,H,-,S,N,4,0,1,2,A,-,03,22350,,N,C,C,A,A,H,-,A,D,1,,,,,Y,,A,01,0,0,1,0,0,0,0,0,0,"- ","- ",34.411920000000002,-119.55461,"SANTA BARBARA",UNINCORPORATED,-119.55452093,34.41178661
6412477,2014,2016-03-05,9750,2014-03-13,0725,13766,,4,1,9,4200,0,1,2,,2,001,"RT 101","BETTERAVIA RD",2640.00,N,N,A,-,Y,SB,5,101,-,-,87.090,H,-,S,Y,4,0,1,2,A,-,07,21658,A,N,B,C,A,A,H,-,A,D,0,,,,,Y,,D,22,0,0,1,0,0,0,0,0,0,"- ","- ",34.931669999999997,-120.41803,"SANTA BARBARA",UNINCORPORATED,-120.41796198999999,34.930883229999999
6413554,2014,2016-01-11,9750,2014-03-16,1150,015514,,7,1,9,4200,0,1,3,,1,012,"RT 1","BROWN RD",0.00,,Y,A,-,Y,SB,5,1,-,-,47.210,I,5,N,Y,4,0,2,2,A,-,09,21802,A,N,D,C,A,A,H,-,A,A,0,,,,,Y,,A,01,0,0,2,0,0,0,0,0,0,"- ","- ",34.932519999999997,-120.56835,"SANTA BARBARA",UNINCORPORATED,-120.56838448000001,34.932542750000003
6424467,2014,2016-03-05,9755,2014-02-21,0730,12826,,5,1,9,4200,0,1,3,,2,041,"RT 246","MEADOWVALE RD",250.00,W,N,A,-,Y,SB,5,246,-,R,33.370,H,-,E,N,4,0,1,2,D,-,00,,,N,G,B,E,A,D,-,A,D,0,Y,,,,Y,,-,"- ",0,0,1,0,1,0,0,0,0,"- ","- ",34.613230000000001,-120.08172999999999,"SANTA BARBARA",UNINCORPORATED,-120.07684132999999,34.610559340000002
6424677,2014,2016-03-05,9760,2014-02-07,0000,19656,,5,3,5,4203,0,1,3,,1,022,"RT 154","SAN ANTONIO CREEK RD",7392.00,W,N,B,-,Y,SB,5,154,-,-,28.560,H,-,W,Y,3,0,1,1,A,-,03,22350,,N,E,I,A,B,H,-,D,D,0,,,,,Y,,A,01,0,1,0,0,0,0,0,0,0,"- ","- ",34.476349999999996,-119.76962,"SANTA BARBARA","SANTA BARBARA",-119.77335352999999,34.48248281
6424678,2014,2016-03-05,9760,2014-02-06,1940,19534,,4,2,9,4200,0,1,3,,1,022,"RT 154","SAN ANTONIO CREEK RD",7920.00,W,N,B,-,Y,SB,5,154,-,-,28.460,H,-,E,Y,4,0,1,1,A,-,03,22350,,N,E,I,A,B,H,-,D,A,0,,,,,Y,,A,01,0,0,1,0,0,0,0,0,0,"- ","- ",34.477809999999998,-119.7688,"SANTA BARBARA",UNINCORPORATED,-119.77476947,34.483336809999997
6424679,2014,2016-03-05,9760,2014-02-08,2000,19534,,6,2,9,4200,0,1,3,,1,022,"RT 154","PAINTED CAVE RD",5808.00,E,N,A,-,Y,SB,5,154,-,-,27.790,H,-,W,Y,3,0,1,1,A,-,01,23152,A,N,E,I,A,A,H,-,D,A,0,,,,,Y,Y,A,01,0,1,0,0,0,0,0,0,0,"- ","- ",34.486840000000001,-119.78986999999999,"SANTA BARBARA",UNINCORPORATED,-119.78127363,34.48860767
6424680,2014,2016-03-05,9760,2014-02-09,0543,17603,,7,3,9,4200,0,1,2,,2,010,"RT 101","CARPINTERIA CREEK BRIDGE",125.00,S,N,B,-,Y,SB,5,101,-,-,3.260,H,-,N,Y,4,0,1,1,A,-,08,22107,,N,E,I,A,A,H,-,C,D,1,,,,,Y,,A,01,0,0,1,0,0,0,0,0,0,"- ","- ",34.394159999999999,-119.50963,"SANTA BARBARA",UNINCORPORATED,-119.51984899999999,34.402104919999999
6424681,2014,2016-03-05,9760,2014-02-12,0855,16739,,3,1,9,4200,0,1,2,,2,010,"RT 101","SHEFFIELD DR",800.00,S,N,A,-,Y,SB,5,101,-,-,8.850,H,-,N,Y,4,0,1,3,A,-,03,22350,,N,C,C,A,A,H,-,A,D,1,,,,,Y,,A,01,0,0,1,0,0,0,0,0,0,"- ","- ",34.42163,-119.61133,"SANTA BARBARA",UNINCORPORATED,-119.61138791,34.421580050000003
6424682,2014,2016-03-05,9760,2014-02-13,1310,17674,,4,1,5,4203,0,1,2,,2,011,"RT 101","CASTILLO ST",200.00,N,N,A,-,Y,SB,5,101,-,R,14.060,H,-,S,N,4,0,1,2,A,-,07,21658,A,N,B,C,A,A,H,-,A,D,1,,,,,Y,,A,01,0,0,1,0,0,0,0,0,0,"- ","- ",34.412399999999998,-119.70139,"SANTA BARBARA","SANTA BARBARA",-119.69676936,34.412577380000002
6425584,2014,2016-01-11,4202,2014-02-27,1203,292,,4,5,4,4202,0,0,0,,0,,"H ST","WALNUT AV",140.00,S,N,A,-,Y,SB,5,1,-,-,20.610,H,-,S,Y,4,0,1,3,A,-,03,22350,,N,C,C,A,A,H,-,A,A,0,,,,,Y,,A,01,0,0,1,0,0,0,0,0,0,"- ","- ",,,"SANTA BARBARA",LOMPOC,-120.45796070999999,34.639951670000002
6425588,2014,2014-06-24,4202,2014-02-26,1724,291,,3,5,4,4202,0,0,0,,0,,"CENTRAL AV","RT 1",602.00,E,N,C,-,N,,,,,,,,,,Y,4,0,1,2,A,-,09,21804,A,N,D,C,A,B,H,-,A,A,0,,,,,Y,,A,08,0,0,1,0,0,0,0,0,0,"- ","- ",,,"SANTA BARBARA",LOMPOC,-120.45769,34.660769999999999
6426210,2014,2014-06-27,4202,2014-03-13,1142,292,,4,5,4,4202,0,0,0,,0,,"CENTRAL AV","L ST",0.00,,Y,A,-,N,,,,,,,,,,Y,3,0,1,2,A,-,12,21453,A,N,D,C,A,A,H,-,A,A,0,,,,,Y,,A,01,0,1,0,0,0,0,0,0,0,"- ","- ",,,"SANTA BARBARA",LOMPOC,-120.46200989,34.660830050000001
6426214,2014,2014-06-27,4202,2014-03-14,0615,SCOTT,LOMPO,5,5,4,4202,0,0,0,,0,,"L ST","WEST CENTRAL AV",0.00,,Y,E,F,N,,,,,,,,,,N,4,0,1,2,A,-,04,21703,,N,C,C,A,B,H,-,C,A,0,,,,,Y,,A,01,0,0,1,0,0,0,0,0,0,"- ","- ",,,"SANTA BARBARA",LOMPOC,-120.46200989,34.660830050000001
6413602,2014,2016-03-05,9750,2014-02-26,0135,015514,,3,3,9,4200,0,1,2,,2,002,"RT 101","UNION OIL",4224.00,N,N,B,E,Y,SB,5,101,-,-,79.500,H,-,N,Y,3,0,1,1,A,-,08,22107,,N,E,I,A,A,H,-,D,D,1,,,,,Y,,A,01,0,1,0,0,0,0,0,0,0,"- ","- ",34.854239999999997,-120.38661999999999,"SANTA BARBARA",UNINCORPORATED,-120.36821603,34.833977320000002
6414025,2014,2014-06-11,9760,2014-01-13,1350,12518,,1,1,9,4200,0,3,5,,2,005,"EMBARCADERO DEL NORTE","PICASSO RD",0.00,,Y,A,-,N,,,,,,,,,,N,4,0,1,2,A,-,09,21802,A,N,H,G,A,A,H,-,A,A,0,,Y,,,Y,,A,01,0,0,1,0,0,0,1,0,0,"- ","- ",34.415149999999997,-119.85538,"SANTA BARBARA",UNINCORPORATED,-119.85537995,34.41509009
6414026,2014,2014-06-11,9760,2014-01-14,2058,18431,,2,2,9,4200,0,3,5,,2,002,"CATHEDRAL OAKS RD","CAMINO DEL RIO",750.00,W,N,A,-,N,,,,,,,,,,Y,4,0,1,1,C,-,18,,,N,A,H,A,A,H,-,D,D,0,,,,,Y,,-,"- ",0,0,1,0,0,0,0,0,0,"- ","- ",34.45317,-119.78207,"SANTA BARBARA",UNINCORPORATED,-119.78181846,34.453152969999998