CASE_ID,ACCIDENT_YEAR,PROC_DATE,JURIS,COLLISION_DATE,COLLISION_TIME,OFFICER_ID,REPORTING_DISTRICT,DAY_OF_WEEK,CHP_SHIFT,POPULATION,CNTY_CITY_LOC,SPECIAL_COND,BEAT_TYPE,CHP_BEAT_TYPE,CITY_DIVISION_LAPD,CHP_BEAT_CLASS,BEAT_NUMBER,PRIMARY_RD,SECONDARY_RD,DISTANCE,DIRECTION,INTERSECTION,WEATHER_1,WEATHER_2,STATE_HWY_IND,CALTRANS_COUNTY,CALTRANS_DISTRICT,STATE_ROUTE,ROUTE_SUFFIX,POSTMILE_PREFIX,POSTMILE,LOCATION_TYPE,RAMP_INTERSECTION,SIDE_OF_HWY,TOW_AWAY,COLLISION_SEVERITY,NUMBER_KILLED,NUMBER_INJURED,PARTY_COUNT,PRIMARY_COLL_FACTOR,PCF_CODE_OF_VIOL,PCF_VIOL_CATEGORY,PCF_VIOLATION,PCF_VIOL_SUBSECTION,HIT_AND_RUN,TYPE_OF_COLLISION,MVIW,PED_ACTION,ROAD_SURFACE,ROAD_COND_1,ROAD_COND_2,LIGHTING,CONTROL_DEVICE,CHP_ROAD_TYPE,PEDESTRIAN_ACCIDENT,BICYCLE_ACCIDENT,MOTORCYCLE_ACCIDENT,TRUCK_ACCIDENT,NOT_PRIVATE_PROPERTY,ALCOHOL_INVOLVED,STWD_VEHTYPE_AT_FAULT,CHP_VEHTYPE_AT_FAULT,COUNT_SEVERE_INJ,COUNT_VISIBLE_INJ,COUNT_COMPLAINT_PAIN,COUNT_PED_KILLED,COUNT_PED_INJURED,COUNT_BICYCLIST_KILLED,COUNT_BICYCLIST_INJURED,COUNT_MC_KILLED,COUNT_MC_INJURED,PRIMARY_RAMP,SECONDARY_RAMP,LATITUDE,LONGITUDE,COUNTY,CITY,POINT_X,POINT_Y
6468978,2014,2014-07-11,9760,2014-04-21,1440,015658,,1,2,9,4200,0,3,5,,2,005,"SABADO TARDE","CAMINO PESCADERO",245.00,W,N,B,-,N,,,,,,,,,,N,4,0,1,2,A,-,09,21804,A,N,D,C,A,A,H,-,A,D,0,,,,,Y,,A,01,0,0,1,0,0,0,0,0,0,"- ","- ",34.41046,-119.85912999999999,"SANTA BARBARA",UNINCORPORATED,-119.85951172999999,34.410452100000001
6468982,2014,2016-04-04,9760,2014-04-16,0935,16739,,3,1,9,4200,0,1,2,,2,020,"RT 101","PATTERSON AV",8.00,S,N,A,-,Y,SB,5,101,-,-,21.060,R,1,N,N,4,0,2,2,A,-,21,22106,,N,C,C,A,A,H,-,A,A,1,,,,,Y,,D,22,0,0,2,0,0,0,0,0,0,TO,"- ",34.44258,-119.80802,"SANTA BARBARA",UNINCORPORATED,-119.80674659,34.441862720000003
6469458,2014,2014-07-08,4200,2014-03-13,0850,3637,10,4,5,3,4205,0,0,0,,0,030,"CASITAS PASS RD","EL CARRO LN",52.00,S,N,A,-,N,,,,,,,,,,N,4,0,1,2,A,-,03,22350,,N,C,C,A,A,H,-,A,D,0,,,,,Y,,-,,0,0,1,0,0,0,0,0,0,"- ","- ",,,"SANTA BARBARA",CARPINTERIA,-119.506412,34.40313682
6469462,2014,2014-07-08,4200,2014-03-16,1259,4649,10,7,5,3,4205,0,0,0,,0,030,"LINDEN AV","9TH ST",0.00,,Y,A,-,N,,,,,,,,,,N,4,0,1,2,A,-,"- ",,,N,B,C,A,A,H,-,A,D,0,,,Y,,Y,,C,02,0,0,1,0,0,0,0,0,1,"- ","- ",,,"SANTA BARBARA",CARPINTERIA,-119.51913991000001,34.39831006
6469468,2014,2014-07-09,9760,2014-03-22,1515,15658,,6,2,9,4200,0,2,4,,1,021,"HOLLISTER AV","SAN MARCOS RD",0.00,,Y,A,-,N,,,,,,,,,,N,3,0,1,2,A,-,09,21801,A,N,D,G,A,A,H,-,A,A,0,,Y,,,Y,,A,01,0,1,0,0,0,0,1,0,0,"- ","- ",34.435130000000001,-119.79671,"SANTA BARBARA",UNINCORPORATED,-119.79616992,34.435360090000003
6469514,2014,2015-10-09,4200,2014-03-27,1720,4708,14,4,5,4,4214,0,0,0,,0,060,"CALLE REAL","N FAIRVIEW AV",0.00,,Y,A,-,N,,,,,,,,,,N,4,0,1,2,A,-,04,21703,,F,C,C,A,A,H,-,A,A,0,,,,,Y,Y,-,99,0,0,1,0,0,0,0,0,0,"- ","- ",,,"SANTA BARBARA",GOLETA,-119.83063996999999,34.441650109999998
6447714,2014,2014-06-24,4204,2014-02-25,1328,22308,28,2,5,5,4204,0,0,0,,0,001,MILLER,TUNNELL,0.00,,Y,A,-,N,,,,,,,,,,Y,4,0,2,3,A,-,09,21802,A,N,D,E,A,A,H,-,A,A,0,,,,,Y,,D,22,0,0,2,0,0,0,0,0,0,"- ","- ",,,"SANTA BARBARA","SANTA MARIA",-120.43139997,34.957520080000002
6448188,2014,2014-07-21,4203,2014-04-13,1933,6983,,7,5,5,4203,0,0,0,,0,003,"STATE ST","FIGUEROA ST",0.00,,Y,A,-,N,,,,,,,,,,N,4,0,1,2,A,-,04,21703,,N,C,G,A,A,H,-,B,A,0,,Y,,,Y,,L,04,0,0,1,0,0,0,1,0,0,"- ","- ",34.25347,-119.42166,"SANTA BARBARA","SANTA BARBARA",-119.70316991999999,34.422410059999997
6448192,2014,2014-07-21,4203,2014-04-12,1942,6983,,6,5,5,4203,0,0,0,,0,003,"ANACAPA ST","ORTEGA ST",272.00,N,N,A,-,N,,,,,,,,,,Y,4,0,1,2,D,-,00,,,F,D,C,A,A,H,-,C,D,0,,,,,Y,,-,"- ",0,0,1,0,0,0,0,0,0,"- ","- ",34.252299999999998,-119.41836000000001,"SANTA BARBARA","SANTA BARBARA",-119.69755376000001,34.420275969999999
6449071,2014,2016-03-05,9760,2014-03-01,0504,18583,,6,3,3,4205,0,1,2,,2,010,"RT 101","BAILARD AV",528.00,N,N,A,-,Y,SB,5,101,-,-,1.720,H,-,N,Y,3,0,1,1,A,-,08,22107,,N,E,I,A,B,H,-,C,D,1,,,,,Y,,A,01,0,1,0,0,0,0,0,0,0,"- ","- ",34.388739999999999,-119.49889,"SANTA BARBARA",CARPINTERIA,-119.49949846,34.38894303
6449102,2014,2014-07-08,9760,2014-03-13,1345,15658,,4,1,9,4200,0,3,5,,2,005,"SABADO TARDE RD","EL EMBARCADERO RD",0.00,,Y,A,-,N,,,,,,,,,,N,3,0,1,2,A,-,09,21802,A,N,D,G,A,A,H,-,A,A,0,,Y,,,Y,,L,04,0,1,0,0,0,0,1,0,0,"- ","- ",,,"SANTA BARBARA",UNINCORPORATED,-119.8562299,34.410430060000003
6450643,2014,2014-06-25,4204,2014-03-06,1240,5705,SMSC,4,5,5,4204,0,0,0,,0,002,COLLEGE,"STOWELL RD",16.00,N,N,A,-,N,,,,,,,,,,N,4,0,2,2,A,-,03,22350,,N,C,C,A,A,H,-,A,D,0,,,,,Y,,-,,0,0,2,0,0,0,0,0,0,"- ","- ",,,"SANTA BARBARA","SANTA MARIA",-120.42488105,34.938433940000003
6450658,2014,2016-04-04,4204,2014-04-02,0156,90139,10,3,5,5,4204,0,0,0,,0,001,"RT 101",DONOVAN,2640.00,N,N,C,-,Y,SB,5,101,-,-,90.190,H,-,S,Y,4,0,2,1,A,-,08,22107,,N,E,I,A,B,H,-,D,D,0,,,,,Y,,A,01,0,0,2,0,0,0,0,0,0,"- ","- ",,,"SANTA BARBARA","SANTA MARIA",-120.42709515,34.974074309999999
6450902,2014,2014-07-07,4200,2014-03-23,1559,3276,6,7,5,2,4206,0,0,0,,0,,"5TH ST","OAK ST",56.00,N,N,A,-,N,,,,,,,,,,Y,3,0,2,3,A,-,01,23153,A,N,C,E,A,A,H,-,A,D,0,,,,,Y,Y,A,01,0,2,0,0,0,0,0,0,0,"- ","- ",,,"SANTA BARBARA",SOLVANG,-120.1452496,34.594633590000001
6451832,2014,2016-04-04,9760,2014-04-18,1420,17603,,5,2,3,4205,0,1,2,,2,010,"RT 101","CASITAS PASS RD",300.00,S,N,B,-,Y,SB,5,101,-,-,2.580,H,-,S,Y,3,0,1,2,A,-,03,22350,,N,C,C,A,A,H,-,A,D,1,,,,,Y,,A,01,0,1,0,0,0,0,0,0,0,"- ","- ",34.393830000000001,-119.50972,"SANTA BARBARA",CARPINTERIA,-119.5111836,34.396021470000001
6453116,2014,2014-05-02,4204,2014-03-23,1252,22104,80,7,5,5,4204,0,0,0,,0,003,"MCCOY LN",OAKLEY,0.00,,Y,A,-,N,,,,,,,,,,N,4,0,1,2,A,-,06,21755,,N,B,C,A,A,H,-,A,A,0,,,,,Y,,A,08,0,0,1,0,0,0,0,0,0,"- ","- ",,,"SANTA BARBARA","SANTA MARIA",-120.44743988,34.916750039999997
6453484,2014,2014-07-15,4202,2014-04-29,1617,292,,2,5,4,4202,0,0,0,,0,,"COLLEGE AV","H ST",85.00,W,N,A,-,N,,,,,,,,,,N,4,0,1,2,D,-,00,,,N,C,C,A,A,H,-,A,A,0,,,,,Y,,-,"- ",0,0,1,0,0,0,0,0,0,"- ","- ",,,"SANTA BARBARA",LOMPOC,-120.45806235000001,34.647018180000003
6429910,2014,2014-06-28,9750,2014-02-13,1115,016170,,4,1,9,4200,0,2,4,,1,024,"BRADLEY RD","LAKEVIEW RD",30.00,S,N,A,-,N,,,,,,,,,,N,4,0,1,2,A,-,03,22350,,N,C,C,A,A,H,-,A,A,0,,,,,Y,,A,01,0,0,1,0,0,0,0,0,0,"- ","- ",34.89434,-120.42301,"SANTA BARBARA",UNINCORPORATED,-120.42312,34.8944276
6476928,2014,2014-07-21,4200,2014-04-25,1249,3116,14,5,5,4,4214,0,0,0,,0,060,"HOLLISTER AV","ORANGE AV",0.00,,Y,A,-,N,,,,,,,,,,N,4,0,3,2,A,-,03,22350,,N,C,C,A,A,H,-,A,D,0,,,,,Y,,A,07,0,0,3,0,0,0,0,0,0,"- ","- ",,,"SANTA BARBARA",GOLETA,-119.82905995,34.436000020000002
6477009,2014,2016-04-04,9760,2014-04-22,1520,17307,,2,2,3,4205,0,1,2,,2,010,"RT 101","SANTA YNEZ",50.00,N,N,A,-,Y,SB,5,101,-,-,3.660,H,-,S,Y,4,0,1,2,A,-,03,22350,,N,C,C,A,A,H,-,A,D,1,,,,,Y,,A,07,0,0,1,0,0,0,0,0,0,"- ","- ",34.403379999999999,-119.52674,"SANTA BARBARA",CARPINTERIA,-119.52671174,34.403214849999998
6479838,2014,2016-04-04,9760,2014-05-01,0930,017097,,4,1,9,4200,0,1,2,,2,010,"RT 101","SAN YSIDRO RD",500.00,N,N,A,-,Y,SB,5,101,-,-,9.930,H,-,N,Y,4,0,1,2,A,-,03,22350,,N,C,C,A,A,H,-,A,D,1,,,,,Y,,D,22,0,0,1,0,0,0,0,0,0,"- ","- ",34.422669999999997,-119.63254000000001,"SANTA BARBARA",UNINCORPORATED,-119.63000633,34.422025410000003
6479931,2014,2014-07-10,4204,2014-04-18,1953,90322,50,5,5,5,4204,0,0,0,,0,002,"WESTERN AV",BOONE,59.00,N,N,A,-,N,,,,,,,,,,Y,4,0,1,3,A,-,03,22350,,F,C,C,A,A,H,-,C,D,0,,,,,Y,,A,07,0,0,1,0,0,0,0,0,0,"- ","- ",,,"SANTA BARBARA","SANTA MARIA",-120.44942777999999,34.947082049999999
6479932,2014,2014-07-10,4204,2014-04-05,1707,90042,,6,5,5,4204,0,0,0,,0,001,BRADLEY,HARPER,800.00,S,N,A,-,N,,,,,,,,,,Y,3,0,1,2,A,-,09,21804,A,N,D,G,A,A,H,-,A,D,0,,Y,Y,,Y,,C,02,0,1,0,0,0,0,1,0,0,"- ","- ",,,"SANTA BARBARA","SANTA MARIA",-120.42172502,34.964937120000002
6479965,2014,2016-03-05,9760,2014-03-13,1752,17314,,4,2,5,4203,0,1,2,,2,011,"RT 101","LOS PATOS WY",350.00,N,N,A,-,Y,SB,5,101,-,-,11.690,H,-,S,Y,4,0,1,2,A,-,03,22350,,N,C,C,A,A,H,-,A,D,1,,,,,Y,,D,22,0,0,1,0,0,0,0,0,0,"- ","- ",34.422870000000003,-119.65924,"SANTA BARBARA","SANTA BARBARA",-119.659226,34.42294175
6479979,2014,2016-04-04,9760,2014-04-22,0940,015658,,2,1,4,4214,0,1,2,,1,030,"RT 101","GLENN ANNIE RD",300.00,S,N,A,-,Y,SB,5,101,-,-,24.700,H,-,N,Y,3,0,1,2,A,-,07,21658,A,N,E,I,A,A,H,-,A,D,1,,,,Y,Y,,G,25,0,1,0,0,0,0,0,0,0,"- ","- ",34.43526,-119.86615,"SANTA BARBARA",GOLETA,-119.86978976,34.434740490000003
6480000,2014,2016-04-05,4204,2014-04-30,2021,20894,33,3,5,5,4204,0,0,0,,0,002,MAIN,PINE,0.00,,Y,A,-,Y,SB,5,166,-,-,7.710,I,5,W,Y,2,0,1,2,A,-,01,23153,A,N,D,C,A,A,H,-,C,D,0,,,,,Y,Y,A,01,1,0,0,0,0,0,0,0,0,"- ","- ",,,"SANTA BARBARA","SANTA MARIA",-120.43876517,34.953231369999997
6482306,2014,2016-04-05,4202,2014-04-17,1817,GREEN,LOMPO,4,5,4,4202,0,0,0,,0,,"N F ST","E OCEAN AV",0.00,,Y,B,-,Y,SB,5,1,-,-,20.390,I,5,N,N,4,0,1,2,A,-,08,22107,,N,D,C,A,A,H,-,A,D,0,,,,Y,Y,,A,01,0,0,1,0,0,0,0,0,0,"- ","- ",,,"SANTA BARBARA",LOMPOC,-120.45535192,34.639000510000002
6482883,2014,2016-04-05,4202,2014-04-10,2006,239,LOMPO,4,5,4,4202,0,0,0,,0,,"RT 246","I ST",0.00,,Y,B,-,Y,SB,5,246,-,-,9.480,I,5,W,N,3,0,1,2,D,-,00,,,N,G,B,B,A,H,-,C,A,0,Y,,,,Y,,-,"- ",0,1,0,0,1,0,0,0,0,"- ","- ",,,"SANTA BARBARA",LOMPOC,-120.46123132,34.639054399999999
6453920,2014,2016-03-05,9755,2014-03-24,1337,017378,,1,1,9,4200,0,1,2,,2,004,"RT 101","OLD COAST HWY",0.00,,Y,A,-,Y,SB,5,101,-,R,52.384,I,5,N,Y,4,0,1,2,A,-,09,21802,A,N,D,C,A,A,H,-,A,D,1,,,,,Y,,D,22,0,0,1,0,0,0,0,0,0,"- ","- ",34.545699999999997,-120.1927,"SANTA BARBARA",UNINCORPORATED,-120.19308447,34.546084229999998
6453924,2014,2014-07-29,4200,2014-04-25,1614,4699,6,5,5,2,4206,0,0,0,,0,,"MISSION DR","ALAMO PINTADO RD",491.00,W,N,B,-,N,,,,,,,,,,Y,4,0,1,3,A,-,03,22350,,N,C,C,A,A,H,-,A,A,0,,,,,Y,,A,01,0,0,1,0,0,0,0,0,0,"- ","- ",,,"SANTA BARBARA",SOLVANG,-120.13005883,34.59914096
6453925,2014,2016-03-05,9755,2014-03-23,0427,019800,,7,3,9,4200,0,1,3,,1,042,"RT 154","CACHUMA VILLAGE",528.00,E,N,A,-,Y,SB,5,154,-,-,14.800,H,-,E,Y,4,0,3,3,A,-,01,23152,A,N,B,C,A,A,H,-,D,D,0,,,,,Y,Y,E,22,0,0,3,0,0,0,0,0,0,"- ","- ",34.56832,-120.34829000000001,"SANTA BARBARA",UNINCORPORATED,-119.95711971999999,34.573262769999999
6453929,2014,2016-04-04,9755,2014-04-09,1610,012436,,3,2,9,4200,0,1,2,,2,004,"RT 101","NOJOQUI  CREEK BRIDGE",528.00,N,N,A,-,Y,SB,5,101,-,-,55.670,H,-,N,Y,4,0,1,2,A,-,07,21658,A,N,B,C,A,A,H,-,A,D,1,,,,,Y,,B,07,0,0,1,0,0,0,0,0,0,"- ","- ",34.593510000000002,-120.19392000000001,"SANTA BARBARA",UNINCORPORATED,-120.19352348,34.591718780000001
6453933,2014,2016-03-05,9755,2014-03-31,2025,019464,,1,2,9,4200,0,1,2,,2,004,"RT 101","GAVIOTA BEACH RD",6336.00,N,N,B,C,Y,SB,5,101,-,-,47.560,H,-,N,Y,4,0,1,1,A,-,03,22350,,N,F,A,A,B,H,-,D,D,1,,,,,Y,,D,22,0,0,1,0,0,0,0,0,0,"- ","- ",34.493160000000003,-120.22674000000001,"SANTA BARBARA",UNINCORPORATED,-120.22690118,34.493234620000003
6453937,2014,2016-04-04,9755,2014-04-13,1515,016058,,7,2,9,4200,0,1,2,,2,004,"RT 101","ALISAL RD",3168.00,S,N,A,-,Y,SB,5,101,-,R,50.560,H,-,N,Y,2,0,1,1,A,-,08,22107,,N,E,I,A,A,H,-,A,D,1,,,,,Y,,D,22,1,0,0,0,0,0,0,0,0,"- ","- ",34.524299999999997,-120.20029,"SANTA BARBARA",UNINCORPORATED,-120.2040856,34.523521529999996
6454323,2014,2014-07-11,4203,2014-04-18,1437,0394,4203,5,5,5,4203,0,0,0,,0,005,"LA CUMBRE RD","VIA LUCERO",0.00,,Y,A,-,N,,,,,,,,,,Y,3,0,2,2,A,-,09,21801,A,N,A,C,A,A,H,-,A,A,0,,,,,Y,,-,,0,1,1,0,0,0,0,0,0,"- ","- ",34.263150000000003,-119.45039,"SANTA BARBARA","SANTA BARBARA",-119.75109998000001,34.442070100000002
6454386,2014,2014-07-11,4203,2014-04-14,1135,8825,,1,5,5,4203,0,0,0,,0,006,"CLIFF DR","SEA LEDGE LN",420.00,W,N,A,-,N,,,,,,,,,,N,4,0,1,2,A,-,06,21750,,N,B,G,A,A,H,-,A,D,0,,Y,,,Y,,-,,0,0,1,0,0,0,1,0,0,"- ","- ",34.243980000000001,-119.45191,"SANTA BARBARA","SANTA BARBARA",-119.75480068,34.407101879999999
6454390,2014,2014-07-11,4203,2014-04-14,1736,6972,,1,5,5,4203,0,0,0,,0,004,"CHAPALA ST","W ARRELLAGA ST",0.00,,Y,A,-,N,,,,,,,,,,Y,4,0,1,2,A,-,09,21802,A,N,D,C,A,A,H,-,A,A,0,,,,,Y,,-,,0,0,1,0,0,0,0,0,0,"- ","- ",34.253360000000001,-119.42385,"SANTA BARBARA","SANTA BARBARA",-119.71067987000001,34.426040030000003
6454394,2014,2014-07-11,4203,2014-04-14,2308,6978,33,1,5,5,4203,0,0,0,,0,004,"WEST MICHELTORENA",BATH,16.00,W,N,A,-,N,,,,,,,,,,N,4,0,1,2,A,-,09,21804,A,N,A,C,A,A,H,-,C,D,0,,,Y,,Y,,A,01,0,0,1,0,0,0,0,0,1,"- ","- ",34.422809999999998,-119.71192000000001,"SANTA BARBARA","SANTA BARBARA",-119.71167493,34.422986950000002
6454398,2014,2016-04-04,4203,2014-04-18,1230,6374,,5,5,5,4203,0,0,0,,0,006,"CALLE REAL","LAS POSITAS RD",581.00,W,N,B,-,Y,SB,5,101,-,-,16.710,R,4,N,N,4,0,1,2,A,-,04,21703,,N,D,C,A,A,H,-,A,A,0,,,,,Y,,-,,0,0,1,0,0,0,0,0,0,"- ","- ",34.254199999999997,-119.4408,"SANTA BARBARA","SANTA BARBARA",-119.73637411999999,34.428297809999997
6482891,2014,2016-04-09,4202,2014-04-04,1300,22,,5,5,4,4202,0,0,0,,0,,"RT 1","HANCOCK DR",96.00,N,N,A,-,Y,SB,5,1,-,R,23.530,H,-,S,Y,4,0,1,2,A,-,03,22350,,N,C,C,A,A,H,-,A,A,0,,,,,Y,,A,01,0,0,1,0,0,0,0,0,0,"- ","- ",,,"SANTA BARBARA",LOMPOC,-120.45829408,34.681279259999997
6482952,2014,2016-04-04,9750,2014-04-19,0600,016170,,6,1,5,4204,0,1,2,,2,001,"RT 101","BETTERAVIA RD",1056.00,N,N,A,-,Y,SB,5,101,-,-,89.790,H,-,S,Y,4,0,1,2,A,-,07,21658,A,N,C,C,A,A,H,-,B,D,0,,,,,Y,,A,01,0,0,1,0,0,0,0,0,0,"- ","- ",34.927219999999998,-120.41802,"SANTA BARBARA","SANTA MARIA",-120.42393692,34.968940410000002
6482956,2014,2016-04-09,9750,2014-04-25,0730,013267,,5,1,9,4200,0,1,3,,1,022,"RT 1","CLARK AV",9504.00,S,N,B,-,Y,SB,5,1,-,R,3.730,H,-,S,Y,4,0,1,2,A,-,07,21658,A,M,F,A,A,A,H,-,A,D,0,,,,,Y,,A,07,0,0,1,0,0,0,0,0,0,"- ","- ",34.847369999999998,-120.45263,"SANTA BARBARA",UNINCORPORATED,-120.28723148,34.525869610000001
6482960,2014,2014-07-17,4202,2014-04-12,2109,274,,6,5,4,4202,0,0,0,,0,,"NORTH AV","A ST",92.00,W,N,A,-,N,,,,,,,,,,Y,4,0,1,2,A,-,01,23153,B,F,C,C,A,A,H,-,C,B,0,,,,,Y,Y,A,01,0,0,1,0,0,0,0,0,0,"- ","- ",,,"SANTA BARBARA",LOMPOC,-120.44916581,34.653320000000001
6482990,2014,2014-07-17,4202,2014-04-12,1212,265,LOMPO,6,5,4,4202,0,0,0,,0,4202,"LAUREL AV","Q ST",73.00,E,N,A,-,N,,,,,,,,,,Y,3,0,1,2,A,-,08,22107,,N,D,C,A,A,H,-,A,D,0,,,,,Y,,A,01,0,1,0,0,0,0,0,0,0,"- ","- ",,,"SANTA BARBARA",LOMPOC,-120.46896738,34.643909030000003
6483350,2014,2014-07-23,4200,2014-05-05,0820,3683,14,1,5,4,4214,0,0,0,,0,050,"SHIRRELL WY","VEGA DR",0.00,,Y,A,-,N,,,,,,,,,,N,4,0,1,2,A,-,10,21950,A,N,G,B,B,A,H,-,A,D,0,Y,,,,Y,,A,01,0,0,1,0,1,0,0,0,0,"- ","- ",,,"SANTA BARBARA",GOLETA,-119.83468987000001,34.444190050000003
6483354,2014,2014-07-23,4200,2014-05-02,1902,3637,10,5,5,3,4205,0,0,0,,0,030,"CARPINTERIA AV","RINCON RD",299.00,W,N,A,-,N,,,,,,,,,,,4,0,1,2,A,-,08,22107,,N,B,G,A,A,H,-,A,D,0,,Y,,,Y,,L,04,0,0,1,0,0,0,1,0,0,"- ","- ",,,"SANTA BARBARA",CARPINTERIA,-119.48634641,34.383820810000003
6483388,2014,2014-07-07,4203,2014-03-08,1358,5618,31,6,5,5,4203,0,0,0,,0,004,"DE LA VINA ST","W ORTEGA ST",0.00,,Y,A,-,N,,,,,,,,,,Y,3,0,1,2,A,-,09,21802,A,N,D,C,A,A,H,-,A,A,0,,,,,Y,,A,01,0,1,0,0,0,0,0,0,0,"- ","- ",39.245989999999999,-119.42009,"SANTA BARBARA","SANTA BARBARA",-119.70031996,34.416540009999999
6483577,2014,2014-07-14,4203,2014-04-21,1515,6114,,1,5,5,4203,0,0,0,,0,005,"STATE ST","CONSTANCE AV",0.00,,Y,A,-,N,,,,,,,,,,Y,4,0,1,2,A,-,09,21802,A,N,B,C,A,A,H,-,A,A,0,,,,,Y,,-,,0,0,1,0,0,0,0,0,0,"- ","- ",34.261000000000003,-119.432,"SANTA BARBARA","SANTA BARBARA",-119.72232990000001,34.436400089999999
6483581,2014,2014-07-14,4203,2014-04-25,1429,4725,,5,5,5,4203,0,0,0,,0,003,"COTA ST","LAGUNA ST",0.00,,Y,B,-,N,,,,,,,,,,Y,4,0,2,3,A,-,09,21802,A,N,D,C,A,A,H,-,A,A,0,,,,,Y,,-,,0,0,2,0,0,0,0,0,0,"- ","- ",34.251899999999999,-119.4131,"SANTA BARBARA","SANTA BARBARA",-119.69224989999999,34.422010069999999
6483585,2014,2014-07-14,4203,2014-04-26,1959,6114,,6,5,5,4203,0,0,0,,0,005,"STATE ST",ONTARE,520.00,W,N,A,-,N,,,,,,,,,,Y,3,0,2,2,A,-,03,22350,,N,C,C,A,A,H,-,C,D,0,,,,,Y,,-,,0,2,0,0,0,0,0,0,0,"- ","- ",34.262500000000003,-119.4431,"SANTA BARBARA","SANTA BARBARA",-119.74181308,34.440420000000003
6469518,2014,2014-07-10,4200,2014-03-23,1422,3640,10,7,5,3,4205,0,0,0,,0,030,"DARIESA ST","CASITAS PASS RD",0.00,,Y,A,-,N,,,,,,,,,,N,4,0,1,1,A,-,00,12500,A,N,E,I,A,A,H,-,A,D,0,,,,,Y,,-,"- ",0,0,1,0,0,0,0,0,0,"- ","- ",,,"SANTA BARBARA",CARPINTERIA,-119.5059399,34.404240080000001
6469654,2014,2016-04-04,9760,2014-04-01,1130,12518,,2,1,9,4200,0,1,2,,2,020,"RT 101","PATTERSON AV",1584.00,S,N,A,-,Y,SB,5,101,-,-,20.860,H,-,N,N,4,0,1,2,A,-,03,22350,,M,C,C,A,A,H,-,A,D,1,,,,,Y,,A,01,0,0,1,0,0,0,0,0,0,"- ","- ",34.441600000000001,-119.80218000000001,"SANTA BARBARA",UNINCORPORATED,-119.80329362000001,34.441598450000001
6469658,2014,2014-07-22,9760,2014-04-02,1350,156583,,3,1,9,4200,0,3,5,,2,005,"PARDALL RD","EMBARCADERO DEL NORTE",0.00,,Y,A,-,N,,,,,,,,,,N,3,0,1,2,A,-,09,21801,A,N,D,G,A,A,H,-,A,D,0,,Y,,,Y,,A,01,0,1,0,0,0,0,1,0,0,"- ","- ",34.413150000000002,-119.85543,"SANTA BARBARA",UNINCORPORATED,-119.85538993999999,34.413090050000001
6471625,2014,2014-07-16,4203,2014-04-23,1003,394,4203,3,5,5,4203,0,0,0,,0,003,"ANAPAMU ST","ANACAPA ST",0.00,,Y,A,-,N,,,,,,,,,,N,4,0,2,1,A,-,12,21453,A,N,H,J,A,A,H,-,A,A,0,,,,,Y,,-,,0,0,2,0,0,0,0,0,0,"- ","- ",34.252789999999997,-119.42169,"SANTA BARBARA","SANTA BARBARA",-119.70327985999999,34.424470069999998
6471642,2014,2016-01-11,9755,2014-03-29,1935,19464,,6,2,9,4200,0,1,3,,1,051,"RT 1","JALAMA BEACH RD",20064.00,S,N,B,-,Y,SB,5,1,-,-,11.200,H,-,N,Y,4,0,1,1,C,-,18,,,N,E,H,A,A,H,-,D,D,0,,,,,Y,,-,"- ",0,0,1,0,0,0,0,0,0,"- ","- ",34.558860000000003,-120.36312,"SANTA BARBARA",UNINCORPORATED,-120.36325528,34.559040979999999
6471646,2014,2016-03-05,9755,2014-03-23,1550,17884,,7,2,9,4200,0,1,2,,2,004,"RT 101","RT 154",10560.00,N,N,A,-,Y,SB,5,101,-,-,65.120,H,-,N,Y,4,0,1,1,A,-,08,22107,,N,E,I,A,A,H,-,A,D,1,,,,,Y,,A,01,0,0,1,0,0,0,0,0,0,"- ","- ",34.707799999999999,-120.17194000000001,"SANTA BARBARA",UNINCORPORATED,-120.17968919,34.710825270000001
6471650,2014,2014-07-11,9755,2014-03-28,1720,17967,,5,2,9,4200,0,3,5,,2,040,"FOXEN CANYON RD","ZACA STATION RD",6336.00,N,N,A,-,N,,,,,,,,,,Y,3,0,1,1,A,-,03,22350,,N,E,I,A,A,H,-,A,D,0,,,,,Y,,A,01,0,1,0,0,0,0,0,0,0,"- ","- ",34.740499999999997,-120.12148999999999,"SANTA BARBARA",UNINCORPORATED,-120.12607522,34.71372976
6471825,2014,2016-04-09,9755,2014-04-11,0850,16058,,5,1,9,4200,0,1,3,,1,051,"RT 1","RT 101",43824.00,N,N,B,-,Y,SB,5,1,-,R,8.300,H,-,S,Y,4,0,1,1,A,-,08,22107,,N,F,A,A,A,H,-,A,D,0,,,,,Y,,A,01,0,0,1,0,0,0,0,0,0,"- ","- ",34.529049999999998,-120.34350999999999,"SANTA BARBARA",UNINCORPORATED,-120.35204127,34.537528190000003