CASE_ID,ACCIDENT_YEAR,PROC_DATE,JURIS,COLLISION_DATE,COLLISION_TIME,OFFICER_ID,REPORTING_DISTRICT,DAY_OF_WEEK,CHP_SHIFT,POPULATION,CNTY_CITY_LOC,SPECIAL_COND,BEAT_TYPE,CHP_BEAT_TYPE,CITY_DIVISION_LAPD,CHP_BEAT_CLASS,BEAT_NUMBER,PRIMARY_RD,SECONDARY_RD,DISTANCE,DIRECTION,INTERSECTION,WEATHER_1,WEATHER_2,STATE_HWY_IND,CALTRANS_COUNTY,CALTRANS_DISTRICT,STATE_ROUTE,ROUTE_SUFFIX,POSTMILE_PREFIX,POSTMILE,LOCATION_TYPE,RAMP_INTERSECTION,SIDE_OF_HWY,TOW_AWAY,COLLISION_SEVERITY,NUMBER_KILLED,NUMBER_INJURED,PARTY_COUNT,PRIMARY_COLL_FACTOR,PCF_CODE_OF_VIOL,PCF_VIOL_CATEGORY,PCF_VIOLATION,PCF_VIOL_SUBSECTION,HIT_AND_RUN,TYPE_OF_COLLISION,MVIW,PED_ACTION,ROAD_SURFACE,ROAD_COND_1,ROAD_COND_2,LIGHTING,CONTROL_DEVICE,CHP_ROAD_TYPE,PEDESTRIAN_ACCIDENT,BICYCLE_ACCIDENT,MOTORCYCLE_ACCIDENT,TRUCK_ACCIDENT,NOT_PRIVATE_PROPERTY,ALCOHOL_INVOLVED,STWD_VEHTYPE_AT_FAULT,CHP_VEHTYPE_AT_FAULT,COUNT_SEVERE_INJ,COUNT_VISIBLE_INJ,COUNT_COMPLAINT_PAIN,COUNT_PED_KILLED,COUNT_PED_INJURED,COUNT_BICYCLIST_KILLED,COUNT_BICYCLIST_INJURED,COUNT_MC_KILLED,COUNT_MC_INJURED,PRIMARY_RAMP,SECONDARY_RAMP,LATITUDE,LONGITUDE,COUNTY,CITY,POINT_X,POINT_Y
6471829,2014,2014-07-25,9755,2014-04-06,0300,16390,,7,3,9,4200,0,3,5,,2,040,"BALLARD CANYON RD","CHALK HILL RD",3696.00,N,N,A,-,N,,,,,,,,,,Y,3,0,1,1,A,-,08,22107,,N,F,A,A,A,H,-,D,D,0,,,,,Y,,A,01,0,1,0,0,0,0,0,0,0,"- ","- ",34.621600000000001,-120.14919999999999,"SANTA BARBARA",UNINCORPORATED,-120.16259625000001,34.612705419999998
6471833,2014,2016-04-05,9755,2014-04-07,1320,16058,,1,1,9,4200,0,1,3,,2,041,"RT 246","REFUGIO RD",20.00,E,N,A,-,Y,SB,5,246,-,-,32.130,H,-,W,N,4,0,1,2,A,-,03,22350,,N,C,C,A,A,H,-,A,A,0,,,,,Y,,A,01,0,0,1,0,0,0,0,0,0,"- ","- ",34.607579999999999,-120.09793000000001,"SANTA BARBARA",UNINCORPORATED,-120.09798678999999,34.606614239999999
6472087,2014,2014-07-14,4200,2014-03-19,1551,3683,14,3,5,4,4214,0,0,0,,0,050,"CALLE REAL","MARAVILLA DR",33.00,W,N,A,-,N,,,,,,,,,,Y,4,0,3,2,A,-,03,22350,,N,C,C,A,A,H,-,A,D,0,,,,,Y,,A,01,0,0,3,0,0,0,0,0,0,"- ","- ",,,"SANTA BARBARA",GOLETA,-119.81499492,34.441934410000002
6472095,2014,2014-07-14,4200,2014-03-21,0647,3822,14,5,5,4,4214,0,0,0,,0,060,"HOLLISTER AV","TECOLOTE AV",96.00,W,N,A,-,N,,,,,,,,,,N,2,0,1,2,A,-,17,22517,,N,H,G,A,A,H,-,B,A,0,,Y,,,Y,,A,07,1,0,0,0,0,0,1,0,0,"- ","- ",,,"SANTA BARBARA",GOLETA,-119.82602706,34.435811870000002
6472099,2014,2014-07-25,4200,2014-03-13,1048,4255,14,4,5,4,4214,0,0,0,,0,060,"HOLLISTER AV","FAIRVIEW AV",105.00,E,N,A,-,N,,,,,,,,,,N,4,0,1,2,A,-,08,22107,,N,D,G,A,A,H,-,A,D,0,,Y,,,Y,,A,07,0,0,1,0,0,0,1,0,0,"- ","- ",,,"SANTA BARBARA",GOLETA,-119.83030291999999,34.43608931
6472276,2014,2014-07-22,4203,2014-04-10,1721,2661,,4,5,5,4203,0,0,0,,0,004,"MISSION ST","BATH ST",0.00,,Y,A,-,N,,,,,,,,,,Y,2,0,4,2,A,-,01,23153,A,N,D,C,A,A,G,-,A,A,0,,,,,Y,Y,-,,2,2,0,0,0,0,0,0,0,"- ","- ",34.253799999999998,-119.435,"SANTA BARBARA","SANTA BARBARA",-119.71795988,34.427610080000001
6472280,2014,2014-07-23,4203,2014-04-16,1207,2520,,3,5,5,4203,0,0,0,,0,004,"DE LA VINA ST","LOS OLIVOS ST",0.00,,Y,A,-,N,,,,,,,,,,Y,3,0,1,2,A,-,09,21802,A,N,D,C,A,A,H,-,A,D,0,,,,,Y,,-,,0,1,0,0,0,0,0,0,0,"- ","- ",34.2624,-119.4294,"SANTA BARBARA","SANTA BARBARA",-119.71944986,34.430680099999996
6472284,2014,2014-07-23,4203,2014-04-16,1340,2520,,3,5,5,4203,0,0,0,,0,004,"STATE ST","SOLA ST",0.00,,Y,A,-,N,,,,,,,,,,N,3,0,1,2,A,-,08,22107,,N,B,G,A,A,H,-,A,D,0,,Y,,,Y,,-,,0,1,0,0,0,0,1,0,0,"- ","- ",34.250100000000003,-119.4242,"SANTA BARBARA","SANTA BARBARA",-119.70702998,34.425240070000001
6472288,2014,2014-07-22,4203,2014-04-20,1524,7189,,7,5,5,4203,0,0,0,,0,003,"E COTA ST","OLIVE ST",120.00,E,N,A,-,N,,,,,,,,,,N,3,0,1,2,C,-,18,,,N,E,E,A,A,H,-,A,D,0,,,,,Y,,-,"- ",0,1,0,0,0,0,0,0,0,"- ","- ",34.252409999999998,-119.41266,"SANTA BARBARA","SANTA BARBARA",-119.69084242,34.423323699999997
6472292,2014,2015-10-01,4203,2014-04-24,2114,6972,,4,5,5,4203,0,0,0,,0,005,"CALLE REAL","LAS POSITAS RD",82.00,E,N,A,-,N,,,,,,,,,,Y,4,0,3,4,D,-,00,,,F,C,C,A,A,H,-,C,A,0,,,,,Y,,-,"- ",0,0,3,0,0,0,0,0,0,"- ","- ",34.25423,-119.44024,"SANTA BARBARA","SANTA BARBARA",-119.73347201999999,34.428552779999997
6472296,2014,2014-07-28,4203,2014-04-21,1854,7192,,1,5,5,4203,0,0,0,,0,003,"STATE ST","MISSION ST",0.00,,Y,A,-,N,,,,,,,,,,Y,3,0,2,2,A,-,09,21801,A,N,D,C,A,A,H,-,A,A,0,,,,,Y,,A,08,0,1,1,0,0,0,0,0,0,"- ","- ",34.255090000000003,-119.42528,"SANTA BARBARA","SANTA BARBARA",-119.71470997,34.430830010000001
6472300,2014,2014-07-23,4203,2014-04-22,1853,1436,,2,5,5,4203,0,0,0,,0,003,"LAGUNA ST","E ORTEGA ST",0.00,,Y,A,-,N,,,,,,,,,,N,3,0,1,2,A,-,09,21802,,N,D,G,A,A,H,-,A,A,0,,Y,,,Y,,L,04,0,1,0,0,0,0,1,0,0,"- ","- ",34.422930000000001,-119.69354,"SANTA BARBARA","SANTA BARBARA",-119.69351991000001,34.422940060000002
6472302,2014,2014-07-17,4200,2014-04-15,1725,3475,14,2,5,4,4214,0,0,0,,0,080,"HOLLISTER AV","COROMAR DR",300.00,W,N,A,-,N,,,,,,,,,,N,4,0,1,2,A,-,03,22350,,N,C,C,A,A,H,-,A,D,0,,,,,Y,,A,01,0,0,1,0,0,0,0,0,0,"- ","- ",,,"SANTA BARBARA",GOLETA,-119.86469377,34.430259999999997
6472304,2014,2016-04-06,4203,2014-04-23,1810,4800,57,3,5,5,4203,0,0,0,,0,005,"FOOTHILL RD","ONTARE RD",0.00,,Y,A,-,Y,SB,5,192,-,-,1.640,I,5,W,Y,3,0,2,2,A,-,12,21453,A,F,D,C,A,A,H,-,B,A,0,,,,,Y,,A,07,0,1,1,0,0,0,0,0,0,"- ","- ",34.271999999999998,-119.44159999999999,"SANTA BARBARA","SANTA BARBARA",-119.73785277,34.450477210000003
6485072,2014,2016-04-04,4200,2014-05-12,1557,3683,14,1,5,4,4214,0,0,0,,0,080,"GLENN ANNIE RD","CALLE REAL",30.00,N,N,A,-,Y,SB,5,101,-,-,24.743,R,4,N,N,4,0,1,2,A,-,01,23152,A,N,C,C,A,A,H,-,A,D,0,,,,,Y,Y,D,22,0,0,1,0,0,0,0,0,0,"- ","- ",,,"SANTA BARBARA",GOLETA,-119.87052559,34.434615749999999
6486066,2014,2014-07-24,4200,2014-05-06,1646,3116,14,2,5,4,4214,0,0,0,,0,060,"HOLLISTER AV","TECOLOTE AV",0.00,,Y,A,-,N,,,,,,,,,,N,4,0,1,2,A,-,09,21801,A,N,D,G,A,A,H,-,A,D,0,,Y,,,Y,,A,07,0,0,1,0,0,0,1,0,0,"- ","- ",,,"SANTA BARBARA",GOLETA,-119.82570995,34.435790050000001
6486070,2014,2014-07-24,4200,2014-05-07,1222,3116,14,3,5,4,4214,0,0,0,,0,080,"MENDOCINO DR","ALAMEDA AV",154.00,S,N,A,-,N,,,,,,,,,,Y,4,0,2,2,A,-,09,21801,A,N,A,C,A,A,H,-,A,D,0,,,,,Y,,A,07,0,0,2,0,0,0,0,0,0,"- ","- ",,,"SANTA BARBARA",GOLETA,-119.87641852,34.434538359999998
6486074,2014,2014-07-24,4203,2014-05-06,1250,6048,,2,5,5,4203,0,0,0,,0,005,"LA CUMBRE RD","STATE ST",0.00,,Y,A,-,N,,,,,,,,,,N,3,0,1,2,D,-,00,,,N,G,B,B,-,A,H,A,D,0,Y,,,,Y,,-,"- ",0,1,0,0,1,0,0,0,0,"- ","- ",34.262569999999997,-119.45038,"SANTA BARBARA","SANTA BARBARA",-119.75104997,34.440500049999997
6486078,2014,2015-10-01,4203,2014-05-05,1226,6700,35,1,5,5,4203,0,0,0,,0,004,"MISSION ST","CASTILLO ST",96.00,W,N,A,-,N,,,,,,,,,,N,3,0,1,2,A,-,04,21703,,N,-,C,A,A,H,-,A,A,0,,,Y,,Y,,C,02,0,1,0,0,0,0,0,0,1,"- ","- ",34.253459999999997,-119.43962999999999,"SANTA BARBARA","SANTA BARBARA",-119.71929331,34.426374459999998
6486112,2014,2014-07-24,4203,2014-05-02,1800,2058,63,5,5,5,4203,0,0,0,,0,001,"INDIO MUERTO ST","CANADA ST",60.00,W,N,A,-,N,,,,,,,,,,N,3,0,1,2,A,-,17,22517,,N,B,G,A,A,H,-,A,D,0,,Y,,,Y,,-,,0,1,0,0,0,0,1,0,0,"- ","- ",34.252229999999997,-119.40147,"SANTA BARBARA","SANTA BARBARA",-119.67071301999999,34.422887580000001
6486116,2014,2014-07-24,4203,2014-05-01,1608,6972,,4,5,5,4203,0,0,0,,0,002,"COAST VILLAGE RD","COAST VILLAGE CIR",12.00,E,N,A,-,N,,,,,,,,,,N,4,0,1,2,A,-,"- ",,,N,C,C,A,A,H,-,A,D,0,,,,,Y,,-,,0,0,1,0,0,0,0,0,0,"- ","- ",34.251730000000002,-119.38521,"SANTA BARBARA","SANTA BARBARA",-119.65378115999999,34.422912940000003
6486120,2014,2014-07-24,4203,2014-05-09,0845,394,4203,5,5,5,4203,0,0,0,,0,005,"CHAPALA ST","CONSTANCE AV",0.00,,Y,A,-,N,,,,,,,,,,Y,2,0,1,2,A,-,03,22350,,N,H,E,A,A,A,-,A,A,0,,,,,Y,,-,,1,0,0,0,0,0,0,0,0,"- ","- ",34.260719999999999,-119.43243,"SANTA BARBARA","SANTA BARBARA",-119.72341991,34.435370040000002
6486124,2014,2014-07-24,4203,2014-05-06,1500,2661,,2,5,5,4203,0,0,0,,0,005,"LAS POSITAS RD","TALLANT RD",24.00,S,N,A,-,N,,,,,,,,,,Y,4,0,2,2,A,-,03,22350,,N,C,C,A,A,H,-,A,D,0,,,,,Y,,-,,0,0,2,0,0,0,0,0,0,"- ","- ",34.255200000000002,-119.44,"SANTA BARBARA","SANTA BARBARA",-119.73362,34.431094100000003
6486128,2014,2014-07-24,4203,2014-05-06,1714,2661,,2,5,5,4203,0,0,0,,0,003,"ANACAPA ST","ANAPAMU ST",0.00,,Y,A,-,N,,,,,,,,,,N,3,0,1,1,D,-,00,,,N,F,-,A,A,H,-,A,A,0,,Y,,,Y,,-,"- ",0,1,0,0,0,0,1,0,0,"- ","- ",34.252699999999997,-119.4212,"SANTA BARBARA","SANTA BARBARA",-119.70327985999999,34.424470069999998
6486132,2014,2014-07-24,4203,2014-05-05,1603,7192,,1,5,5,4203,0,0,0,,0,006,"LA CORONILLA DR","MEIGS RD",492.00,S,N,A,-,N,,,,,,,,,,Y,3,0,1,1,A,-,08,22107,,N,A,I,A,A,H,-,A,D,0,,,,,Y,,A,01,0,1,0,0,0,0,0,0,0,"- ","- ",34.242840000000001,-119.431,"SANTA BARBARA","SANTA BARBARA",-119.71946005,34.408010930000003
6457172,2014,2016-04-04,4203,2014-04-19,2134,6968,28,6,5,5,4203,0,0,0,,0,006,"LAS POSITAS RD","RT 101",33.00,E,N,A,-,Y,SB,5,101,-,-,16.300,R,4,N,N,4,0,1,2,A,-,01,23152,,F,C,C,A,A,H,-,A,A,0,,,,,Y,Y,-,,0,0,1,0,0,0,0,0,0,"- ",NO,34.254289999999997,-119.44079000000001,"SANTA BARBARA","SANTA BARBARA",-119.72935987,34.42723513
6457176,2014,2014-07-10,4203,2014-04-19,0936,5618,,6,5,5,4203,0,0,0,,0,001,"S SALINAS ST","CLIFTON ST",93.00,N,N,A,-,N,,,,,,,,,,N,4,0,1,2,A,-,01,23152,A,M,-,E,A,A,H,-,A,A,0,,,,,Y,Y,A,01,0,0,1,0,0,0,0,0,0,"- ","- ",34.253120000000003,-119.42022,"SANTA BARBARA","SANTA BARBARA",-119.67306488,34.426635279999999
6457935,2014,2014-07-22,4204,2014-04-02,1823,90228,35,3,5,5,4204,0,0,0,,0,002,FESLER,MILLER,54.00,W,N,B,-,N,,,,,,,,,,Y,4,0,1,3,A,-,03,22350,,N,C,C,A,A,H,-,A,D,0,,,,,Y,,A,01,0,0,1,0,0,0,0,0,0,"- ","- ",,,"SANTA BARBARA","SANTA MARIA",-120.43160014999999,34.956488569999998
6457939,2014,2016-04-05,4204,2014-04-07,1353,90242,05,1,5,5,4204,0,0,0,,0,001,BROADWAY,GRANT,0.00,,Y,A,-,Y,SB,5,135,-,-,17.130,I,5,S,Y,4,0,1,3,A,-,12,21453,A,N,D,C,A,A,H,-,A,A,0,,,,,Y,,A,01,0,0,1,0,0,0,0,0,0,"- ","- ",,,"SANTA BARBARA","SANTA MARIA",-120.43567462,34.972775820000003
6457943,2014,2014-07-22,4204,2014-04-14,1812,90139,08,1,5,5,4204,0,0,0,,0,001,"DONOVAN RD","WESTERN AV",3.00,W,N,A,-,N,,,,,,,,,,Y,3,0,1,2,A,-,03,22350,,N,G,G,A,A,H,-,A,A,0,,Y,,,Y,,A,01,0,1,0,0,0,0,1,0,0,"- ","- ",,,"SANTA BARBARA","SANTA MARIA",-120.44985001000001,34.967800169999997
6457967,2014,2016-04-09,4204,2014-04-03,1735,23813,35,4,5,5,4204,0,0,0,,0,002,MILLER,"MAIN ST",10.00,N,N,A,-,Y,SB,5,166,-,-,8.130,I,6,W,N,4,0,2,2,A,-,03,22350,,N,C,C,A,A,H,-,A,A,0,,,,,Y,,A,01,0,0,2,0,0,0,0,0,0,"- ","- ",,,"SANTA BARBARA","SANTA MARIA",-120.43135432,34.953212460000003
6458033,2014,2014-07-08,4204,2014-03-07,1456,19101,75,5,5,5,4204,0,0,0,,0,003,MILLER,"NEWLOVE DR",72.00,N,N,A,-,N,,,,,,,,,,Y,3,0,2,2,A,-,03,22350,,N,C,C,A,A,H,-,A,D,0,,,,,Y,,A,01,0,1,1,0,0,0,0,0,0,"- ","- ",,,"SANTA BARBARA","SANTA MARIA",-120.4318,34.930007760000002
6458037,2014,2016-01-14,4204,2014-03-30,1710,23323,57,7,5,5,4204,0,0,0,,0,002,BROADWAY,"STOWELL RD",0.00,,Y,A,-,Y,SB,5,135,-,-,14.780,I,5,N,Y,4,0,1,2,A,-,12,21453,A,N,B,C,A,A,H,-,A,A,0,,,,,Y,,A,01,0,0,1,0,0,0,0,0,0,"- ","- ",,,"SANTA BARBARA","SANTA MARIA",-120.43594766,34.938498330000002
6458750,2014,2014-08-07,9760,2014-05-01,1624,18431,,4,2,9,4200,0,3,5,,2,001,"NORTH JAMESON LN","SHEFFIELD DR",0.00,,Y,A,-,N,,,,,,,,,,Y,4,0,2,2,A,-,09,21801,A,N,D,C,A,A,H,-,A,D,0,,,,,Y,,D,22,0,0,2,0,0,0,0,0,0,"- ","- ",34.322290000000002,-119.61523,"SANTA BARBARA",UNINCORPORATED,-119.61249995999999,34.422300100000001
6459173,2014,2014-07-14,9760,2014-04-19,1350,017603,,6,1,9,4200,0,3,5,,2,002,"ROBLE DR","LLANO AV",1056.00,S,N,A,-,N,,,,,,,,,,Y,3,0,4,1,A,-,03,22350,,N,E,I,A,A,H,-,A,D,0,,,,,Y,,A,01,0,1,3,0,0,0,0,0,0,"- ","- ",34.385280000000002,-119.48804,"SANTA BARBARA",UNINCORPORATED,-119.77203,34.412880000000001
6459429,2014,2014-08-05,9760,2014-05-07,0555,16739,,3,3,9,4200,0,3,5,,2,002,"CALLE REAL","DEXTER DR",900.00,E,N,A,-,N,,,,,,,,,,Y,2,0,1,1,A,-,03,22350,,N,F,A,A,A,H,-,B,D,0,,,Y,,Y,,C,02,1,0,0,0,0,0,0,0,1,"- ","- ",34.442509999999999,-119.78545,"SANTA BARBARA",UNINCORPORATED,-119.78430648,34.442610690000002
6486936,2014,2016-04-04,9760,2014-04-29,1754,018754,,2,2,9,4200,0,1,2,,2,010,"RT 101","SHEFFIELD DR",300.00,N,N,A,-,Y,SB,5,101,-,-,9.060,H,-,S,Y,4,0,3,2,A,-,03,22350,,N,C,C,A,A,H,-,A,D,1,,,,,Y,,A,01,0,0,3,0,0,0,0,0,0,"- ","- ",34.421529999999997,-119.61497,"SANTA BARBARA",UNINCORPORATED,-119.61504291,34.421467120000003
6489285,2014,2014-08-01,4200,2014-05-20,1534,3683,14,2,5,4,4214,0,0,0,,0,050,"CARLO DR","STOW CANYON RD",230.00,S,N,A,-,N,,,,,,,,,,Y,4,0,1,2,A,-,08,22107,,N,H,C,A,A,H,-,A,D,0,,,,,Y,,A,01,0,0,1,0,0,0,0,0,0,"- ","- ",,,"SANTA BARBARA",GOLETA,-119.83861722,34.44837433
6489307,2014,2016-04-04,9760,2014-05-27,1645,17097,,2,2,5,4203,0,1,2,,2,011,"RT 101","MILPAS ST",500.00,N,N,A,-,Y,SB,5,101,-,-,12.859,R,1,S,Y,4,0,1,2,A,-,03,22350,,N,C,C,A,A,H,-,A,D,1,,,,,Y,,A,01,0,0,1,0,0,0,0,0,0,TO,"- ",34.42004,-119.67865,"SANTA BARBARA","SANTA BARBARA",-119.67900561,34.420157459999999
6489315,2014,2016-04-04,9760,2014-05-22,0700,17603,,4,1,3,4205,0,1,2,,2,010,"RT 101","CASITAS PASS RD",100.00,S,N,B,-,Y,SB,5,101,-,-,2.620,H,-,N,N,4,0,1,3,A,-,03,22350,,N,C,C,A,A,H,-,A,D,1,,,,,Y,,A,01,0,0,1,0,0,0,0,0,0,"- ","- ",34.395569999999999,-119.51062,"SANTA BARBARA",CARPINTERIA,-119.51134188,34.396614470000003
6489354,2014,2016-04-05,9750,2014-05-23,1445,17379,,5,2,9,4200,0,3,5,,2,020,"UNION VALLEY PKWY","RT 135",28.00,E,N,A,-,Y,SB,5,135,-,-,10.690,H,-,N,N,4,0,1,3,A,-,03,22350,,N,C,C,A,A,H,-,A,A,5,,,,,Y,,D,22,0,0,1,0,0,0,0,0,0,"- ","- ",34.879640000000002,-120.43613999999999,"SANTA BARBARA",UNINCORPORATED,-120.43652735000001,34.879408499999997
6491335,2014,2015-03-20,9755,2014-05-04,1455,015973,,7,2,9,4200,0,3,5,,2,050,"RIGEL AV","ALDEBARAN AV",528.00,S,N,A,-,N,,,,,,,,,,N,4,0,1,2,C,-,18,,,N,B,C,A,A,H,-,A,D,0,,,,,Y,,-,"- ",0,0,1,0,0,0,0,0,0,"- ","- ",34.708120000000001,-120.46617000000001,"SANTA BARBARA",UNINCORPORATED,-120.46578359999999,34.70762569
6491442,2014,2014-07-29,9760,2014-05-19,1530,14690,,1,2,9,4200,0,3,5,,2,002,"TURNPIKE RD","CAMINO DE VIDA",25.00,S,N,A,-,N,,,,,,,,,,N,4,0,2,2,A,-,03,22350,,N,C,C,A,A,H,-,A,D,0,,,,,Y,,A,07,0,0,2,0,0,0,0,0,0,"- ","- ",34.440190000000001,-119.78939,"SANTA BARBARA",UNINCORPORATED,-119.78943079,34.440581360000003
6491454,2014,2014-07-29,9760,2014-05-18,1820,19464,,7,2,9,4200,0,3,5,,2,001,"HOT SPRINGS RD","PEPPER LN",430.00,E,N,A,-,N,,,,,,,,,,N,3,0,2,1,A,-,17,21204,B,N,F,A,A,A,H,-,A,D,0,,Y,,,Y,,L,04,0,2,0,0,0,0,2,0,0,"- ","- ",34.434780000000003,-119.64136000000001,"SANTA BARBARA",UNINCORPORATED,-119.64088734000001,34.431827980000001
6491461,2014,2014-07-29,4200,2014-05-17,1333,4650,6,6,5,2,4206,0,0,0,,0,010,"MISSION DR","ATTERDAG RD",100.00,E,N,A,-,N,,,,,,,,,,N,4,0,2,3,A,-,03,22350,,N,C,C,A,A,H,-,A,A,0,,,,,Y,,A,01,0,0,2,0,0,0,0,0,0,"- ","- ",,,"SANTA BARBARA",SOLVANG,-120.14147797,34.59603396
6491469,2014,2016-04-04,9755,2014-05-20,0140,17884,,2,3,9,4200,0,1,2,,2,004,"RT 101","RT 1",1056.00,S,N,A,-,Y,SB,5,101,-,R,48.650,H,-,S,Y,4,0,1,1,C,-,18,,,N,H,H,A,A,H,-,D,D,1,,,,,Y,,-,"- ",0,0,1,0,0,0,0,0,0,"- ","- ",34.495399999999997,-120.2311,"SANTA BARBARA",UNINCORPORATED,-120.22653293,34.50637682
6491490,2014,2016-04-04,9755,2014-05-15,1410,15281,,4,2,9,4200,0,1,2,,2,004,"RT 101","OLD COAST HWY",6864.00,N,N,A,-,Y,SB,5,101,-,-,53.660,H,-,N,Y,4,0,1,1,C,-,18,,,N,E,J,A,A,H,-,A,D,1,,,,,Y,,-,"- ",0,0,1,0,0,0,0,0,0,"- ","- ",34.56427,-120.18967000000001,"SANTA BARBARA",UNINCORPORATED,-120.18969531,34.564393090000003
6472741,2014,2016-04-05,9750,2014-04-25,2300,17267,,5,3,9,4200,0,1,3,,1,023,"RT 135","SAN ANTONIO ROAD EAST",1056.00,N,N,B,-,Y,SB,5,135,-,M,9.810,H,-,S,Y,3,0,1,1,A,-,01,23152,A,N,F,A,A,B,H,-,D,D,5,,,,,Y,Y,D,22,0,1,0,0,0,0,0,0,0,"- ","- ",34.77534,-120.43015,"SANTA BARBARA",UNINCORPORATED,-120.43029322,34.775306280000002
6472745,2014,2014-07-11,9750,2014-04-27,0948,14358,,7,1,9,4200,0,2,4,,1,024,"BRADLEY RD","PATTERSON RD",0.00,,Y,A,-,N,,,,,,,,,,Y,4,0,1,2,A,-,12,21453,A,N,D,C,A,A,H,-,A,A,0,,,,,Y,,D,22,0,0,1,0,0,0,0,0,0,"- ","- ",34.86853,-120.41840999999999,"SANTA BARBARA",UNINCORPORATED,-120.41879987,34.86857011
6473372,2014,2016-04-04,9760,2014-04-25,1450,19069,,5,2,5,4203,0,1,2,,2,011,"RT 101","HERMOSILLO RD",514.00,N,N,B,-,Y,SB,5,101,-,-,11.200,H,-,S,Y,4,0,3,3,A,-,03,22350,,N,C,C,A,A,H,-,A,D,1,,,,,Y,,A,01,0,0,3,0,0,0,0,0,0,"- ","- ",34.421120000000002,-119.65015,"SANTA BARBARA","SANTA BARBARA",-119.65101481000001,34.421357
6473389,2014,2016-04-04,9760,2014-04-23,0710,17307,,3,1,3,4205,0,1,2,,2,010,"RT 101","RT 150",1056.00,N,N,A,-,Y,SB,5,101,-,R,0.830,H,-,N,Y,3,0,1,2,A,-,07,21658,A,N,B,C,A,A,H,-,A,D,1,,,Y,,Y,,D,22,0,1,0,0,0,0,0,0,1,"- ","- ",34.385449999999999,-119.48876,"SANTA BARBARA",CARPINTERIA,-119.48740071,34.385088539999998
6473403,2014,2015-09-04,4200,2014-04-25,0800,3116,14,5,5,4,4214,0,0,0,,0,060,"DEARBORN PL","HOLLISTER AV",0.00,,Y,A,-,N,,,,,,,,,,N,4,0,1,2,A,-,03,22350,,N,C,C,A,A,H,-,A,A,0,,,,,Y,,D,22,0,0,1,0,0,0,0,0,0,"- ","- ",,,"SANTA BARBARA",GOLETA,-119.81868998,34.435490090000002
6506891,2014,2014-06-30,9750,2014-04-29,2110,015334,,2,2,9,4200,0,2,4,,1,024,"CLARK AV","STILLWELL RD",17.00,W,N,A,-,N,,,,,,,,,,Y,4,0,1,2,A,-,03,22350,,N,C,C,A,A,H,-,C,A,0,,,,,Y,,A,01,0,0,1,0,0,0,0,0,0,"- ","- ",34.865130000000001,-120.40226,"SANTA BARBARA",UNINCORPORATED,-120.40211526,34.8652297
6506926,2014,2016-04-05,4200,2014-06-02,0747,3683,14,1,5,4,4214,0,0,0,,0,080,"CALLE REAL","STORKE RD",10.00,W,N,B,-,Y,SB,5,101,-,-,24.743,I,5,N,N,4,0,1,2,A,-,12,21453,A,N,H,G,A,A,H,-,A,A,0,,Y,,,Y,,D,22,0,0,1,0,0,0,1,0,0,"- ","- ",,,"SANTA BARBARA",GOLETA,-119.87052559,34.434615749999999
6507763,2014,2014-07-16,4203,2014-04-27,1753,6983,,7,5,5,4203,0,0,0,,0,003,"GARDEN ST","ANAPAMU ST",0.00,,Y,A,-,N,,,,,,,,,,Y,3,0,1,2,A,-,12,21453,A,N,D,C,A,A,H,-,A,A,0,,,,,Y,,-,,0,1,0,0,0,0,0,0,0,"- ","- ",34.559739999999998,-119.42055000000001,"SANTA BARBARA","SANTA BARBARA",-119.70106991999999,34.426550050000003
6507767,2014,2014-07-16,4203,2014-04-28,1533,6972,,1,5,5,4203,0,0,0,,0,001,"E HALEY ST","N NOPAL ST",100.00,E,N,A,-,N,,,,,,,,,,N,4,0,1,2,A,-,17,22517,,N,H,G,A,A,H,-,A,D,0,,Y,,,Y,,-,,0,0,1,0,0,0,1,0,0,"- ","- ",34.253169999999997,-119.41105,"SANTA BARBARA","SANTA BARBARA",-119.68626428,34.425498400000002
6507771,2014,2014-07-16,4203,2014-04-27,1519,6693,25,7,5,5,4203,0,0,0,,0,006,"CALLE GALICIA ST","CALLE ALELLA",0.00,,Y,A,-,N,,,,,,,,,,Y,2,0,1,1,D,-,00,,,N,E,-,A,A,H,-,A,D,0,,,,,Y,,-,"- ",1,0,0,0,0,0,0,0,0,"- ","- ",34.242260000000002,-119.42426,"SANTA BARBARA","SANTA BARBARA",-119.72794996,34.406130079999997
6507775,2014,2016-03-08,4203,2014-04-30,1019,2661,,3,5,5,4203,0,0,0,,0,005,"LA CUMBRE RD","CALLE REAL",0.00,,Y,A,-,N,,,,,,,,,,Y,4,0,1,3,A,-,09,21801,A,N,D,C,A,A,H,-,A,A,0,,,,,Y,,-,,0,0,1,0,0,0,0,0,0,"- ","- ",34.261099999999999,-119.45399999999999,"SANTA BARBARA","SANTA BARBARA",-119.75102995,34.437230100000001