CASE_ID,ACCIDENT_YEAR,PROC_DATE,JURIS,COLLISION_DATE,COLLISION_TIME,OFFICER_ID,REPORTING_DISTRICT,DAY_OF_WEEK,CHP_SHIFT,POPULATION,CNTY_CITY_LOC,SPECIAL_COND,BEAT_TYPE,CHP_BEAT_TYPE,CITY_DIVISION_LAPD,CHP_BEAT_CLASS,BEAT_NUMBER,PRIMARY_RD,SECONDARY_RD,DISTANCE,DIRECTION,INTERSECTION,WEATHER_1,WEATHER_2,STATE_HWY_IND,CALTRANS_COUNTY,CALTRANS_DISTRICT,STATE_ROUTE,ROUTE_SUFFIX,POSTMILE_PREFIX,POSTMILE,LOCATION_TYPE,RAMP_INTERSECTION,SIDE_OF_HWY,TOW_AWAY,COLLISION_SEVERITY,NUMBER_KILLED,NUMBER_INJURED,PARTY_COUNT,PRIMARY_COLL_FACTOR,PCF_CODE_OF_VIOL,PCF_VIOL_CATEGORY,PCF_VIOLATION,PCF_VIOL_SUBSECTION,HIT_AND_RUN,TYPE_OF_COLLISION,MVIW,PED_ACTION,ROAD_SURFACE,ROAD_COND_1,ROAD_COND_2,LIGHTING,CONTROL_DEVICE,CHP_ROAD_TYPE,PEDESTRIAN_ACCIDENT,BICYCLE_ACCIDENT,MOTORCYCLE_ACCIDENT,TRUCK_ACCIDENT,NOT_PRIVATE_PROPERTY,ALCOHOL_INVOLVED,STWD_VEHTYPE_AT_FAULT,CHP_VEHTYPE_AT_FAULT,COUNT_SEVERE_INJ,COUNT_VISIBLE_INJ,COUNT_COMPLAINT_PAIN,COUNT_PED_KILLED,COUNT_PED_INJURED,COUNT_BICYCLIST_KILLED,COUNT_BICYCLIST_INJURED,COUNT_MC_KILLED,COUNT_MC_INJURED,PRIMARY_RAMP,SECONDARY_RAMP,LATITUDE,LONGITUDE,COUNTY,CITY,POINT_X,POINT_Y
6491493,2014,2016-04-05,9755,2014-05-11,1520,17884,,7,2,9,4200,0,1,3,,1,042,"RT 154","LAKEVIEW RD",10560.00,E,N,A,-,Y,SB,5,154,-,-,16.952,H,-,E,Y,4,0,1,2,A,-,08,22107,,N,D,C,A,A,H,-,A,D,0,,,,,Y,,A,01,0,0,1,0,0,0,0,0,0,"- ","- ",34.56129,-119.92509,"SANTA BARBARA",UNINCORPORATED,-119.92485050000001,34.561439120000003
6491494,2014,2016-04-09,9755,2014-05-11,1500,13618,,7,2,9,4200,0,3,5,,2,050,"HARRIS GRADE RD","RT 1",189.00,N,N,A,-,Y,SB,5,1,-,R,23.296,I,6,N,N,3,0,3,2,A,-,03,22350,,N,C,C,A,A,H,-,A,A,0,,,,,Y,,A,01,0,1,2,0,0,0,0,0,0,"- ","- ",34.679000000000002,-120.44589999999999,"SANTA BARBARA",UNINCORPORATED,-120.45586624000001,34.678382390000003
6491497,2014,2016-04-05,9755,2014-05-14,1855,12436,,3,2,9,4200,0,1,3,,1,042,"RT 154","FIGUEROA MOUNTAIN RD",0.00,,Y,A,-,Y,SB,5,154,-,R,2.840,I,5,W,Y,3,0,2,2,A,-,01,23152,A,M,D,C,A,A,H,-,A,A,0,,,,,Y,Y,A,07,0,2,0,0,0,0,0,0,0,"- ","- ",34.667769999999997,-120.11503999999999,"SANTA BARBARA",UNINCORPORATED,-120.11553827,34.667821959999998
6491761,2014,2016-04-04,9760,2014-04-07,0150,19819,,1,3,9,4200,0,1,2,,1,030,"RT 101","DOS PUEBLOS CANYON RD",528.00,S,N,A,-,Y,SB,5,101,-,-,29.060,H,-,N,Y,4,0,1,1,A,-,08,22107,,N,E,I,A,A,H,-,C,D,5,,,,,Y,,A,07,0,0,1,0,0,0,0,0,0,"- ","- ",34.442770000000003,-119.95095000000001,"SANTA BARBARA",UNINCORPORATED,-119.94371778,34.440983019999997
6491765,2014,2016-04-04,9760,2014-04-11,1750,19819,,5,2,3,4205,0,1,2,,2,010,"RT 101","ESTERO ST",528.00,N,N,A,-,Y,SB,5,101,-,-,4.120,H,-,S,Y,4,0,1,2,A,-,03,22350,,N,C,C,A,A,H,-,A,D,1,,,,,Y,Y,A,01,0,0,1,0,0,0,0,0,0,"- ","- ",34.40569,-119.53873,"SANTA BARBARA",CARPINTERIA,-119.53449980000001,34.404667240000002
6491769,2014,2016-04-04,9760,2014-04-11,1720,19819,,5,2,9,4200,0,1,2,,2,010,"RT 101","EVANS AV",528.00,N,N,A,-,Y,SB,5,101,-,R,8.360,H,-,S,N,4,0,1,2,A,-,03,22350,,N,C,C,A,A,H,-,A,D,1,,,,,Y,,A,07,0,0,1,0,0,0,0,0,0,"- ","- ",34.421219999999998,-119.60527,"SANTA BARBARA",UNINCORPORATED,-119.60310115,34.421081129999997
6491794,2014,2016-04-04,9755,2014-04-25,2100,12436,,5,2,9,4200,0,1,2,,2,004,"RT 101","RT 1",6864.00,S,N,B,-,Y,SB,5,101,-,-,47.550,H,-,S,Y,4,0,1,1,A,-,07,21658,A,N,E,I,A,B,H,-,D,D,1,,,,,Y,,A,01,0,0,1,0,0,0,0,0,0,"- ","- ",34.491759999999999,-120.22666,"SANTA BARBARA",UNINCORPORATED,-120.22765628000001,34.493184489999997
6491798,2014,2014-07-17,9755,2014-04-19,1107,16999,,6,1,9,4200,0,3,5,,2,050,"HARRIS GRADE RD","RT 1",600.00,N,N,A,-,N,,,,,,,,,,N,2,0,1,1,A,-,08,22107,,N,E,I,A,A,H,-,A,D,0,,Y,,,Y,,L,04,1,0,0,0,0,0,1,0,0,"- ","- ",34.680019999999999,-120.45487,"SANTA BARBARA",UNINCORPORATED,-120.45488745,34.679848819999997
6491806,2014,2016-04-09,9755,2014-04-27,1135,15973,,7,1,9,4200,0,1,3,,1,051,"RT 1","SANTA ROSA RD",1584.00,N,N,B,-,Y,SB,5,1,-,-,18.060,H,-,S,Y,2,0,3,1,A,-,08,22107,,N,F,I,A,A,H,-,A,D,0,,,,,Y,,A,01,1,2,0,0,0,0,0,0,0,"- ","- ",34.624600000000001,-120.43015,"SANTA BARBARA",UNINCORPORATED,-120.43088065000001,34.625499980000001
6491826,2014,2016-04-04,9760,2014-04-25,1830,19819,,5,2,9,4200,0,1,2,,2,010,"RT 101","EVANS AV",528.00,S,N,B,-,Y,SB,5,101,-,-,8.900,H,-,S,Y,3,0,1,2,A,-,03,22350,,N,B,C,A,A,H,-,A,D,1,,,Y,,Y,,C,02,0,1,0,0,0,0,0,0,1,"- ","- ",34.420070000000003,-119.59963999999999,"SANTA BARBARA",UNINCORPORATED,-119.61225942999999,34.421447290000003
6491830,2014,2014-07-17,9760,2014-04-30,0805,12518,,3,1,9,4200,0,2,4,,2,026,"CATHEDRAL OAKS RD","SAN MARCOS RD",400.00,E,N,A,-,N,,,,,,,,,,N,4,0,1,2,A,-,21,22106,,N,C,C,A,A,H,-,A,D,0,,,,,Y,,A,01,0,0,1,0,0,0,0,0,0,"- ","- ",34.451419999999999,-119.7948,"SANTA BARBARA",UNINCORPORATED,-119.79576421,34.45151723
6507779,2014,2014-07-16,4203,2014-04-29,1027,4725,,2,5,5,4203,0,0,0,,0,003,"CANON PERDIDO ST","LAGUNA ST",6.00,E,N,A,-,N,,,,,,,,,,N,3,0,1,2,A,-,10,21950,A,N,-,B,B,-,H,-,A,A,0,Y,,,,Y,,-,,0,1,0,0,1,0,0,0,0,"- ","- ",34.252899999999997,-119.4145,"SANTA BARBARA","SANTA BARBARA",-119.69602646,34.424812060000001
6507783,2014,2016-03-30,4203,2014-04-29,1620,6114,73,2,5,5,4203,0,0,0,,0,001,"SYCAMORE CANYON RD","VIA ENCANTO",160.00,N,N,A,-,Y,SB,5,144,-,-,1.260,H,-,N,Y,2,0,1,1,A,-,03,22350,,N,F,I,A,A,H,-,A,D,0,,,,,Y,,-,,1,0,0,0,0,0,0,0,0,"- ","- ",34.260300000000001,-119.4034,"SANTA BARBARA","SANTA BARBARA",-119.67591246000001,34.434289810000003
6507840,2014,2014-07-16,4203,2014-04-29,2047,6693,20,2,5,5,4203,0,0,0,,0,002,"WEST CARRILLO ST","SAN PASCUAL ST",79.00,W,N,A,-,N,,,,,,,,,,N,4,0,1,2,A,-,11,21954,A,N,-,-,-,A,H,-,C,-,0,Y,,,,Y,Y,N,60,0,0,1,0,1,0,0,0,0,"- ","- ",34.414999999999999,-119.709,"SANTA BARBARA","SANTA BARBARA",-119.70934006,34.415053579999999
6508357,2014,2014-07-21,4200,2014-04-05,1855,3940,14,6,5,4,4214,0,0,0,,0,060,ARMITOS,KINMAN,27.00,W,N,A,-,N,,,,,,,,,,N,2,0,1,2,A,-,08,22100,B,N,D,C,A,A,H,-,B,D,0,,,Y,,Y,,C,03,1,0,0,0,0,0,0,0,1,"- ","- ",,,"SANTA BARBARA",GOLETA,-119.82239948,34.43843897
6508361,2014,2016-04-04,4200,2014-04-28,1404,3683,14,1,5,4,4214,0,0,0,,0,080,"STORKE RD","RT 101",37.00,N,N,A,-,Y,SB,5,101,-,-,24.980,R,4,S,N,3,0,1,2,A,-,12,21453,A,N,D,C,A,A,H,-,A,A,0,,,Y,,Y,,C,02,0,1,0,0,0,0,0,0,1,"- ",SF,,,"SANTA BARBARA",GOLETA,-119.87439979,34.433303410000001
6508390,2014,2014-07-21,4203,2014-04-30,0708,6700,30,3,5,5,4203,0,0,0,,0,004,"BATH ST","HALEY ST",99.00,S,N,A,-,N,,,,,,,,,,N,4,0,1,2,A,-,09,21804,A,N,D,G,A,A,H,-,A,D,0,,Y,,,Y,,L,04,0,0,1,0,0,0,1,0,0,"- ","- ",34.244799999999998,-119.41549999999999,"SANTA BARBARA","SANTA BARBARA",-119.69866444,34.413439629999999
6508455,2014,2014-08-05,4203,2014-05-18,2217,7193,,7,5,5,4203,0,0,0,,0,001,"N ALISOS ST","MONTECITO ST",25.00,N,N,A,-,N,,,,,,,,,,N,3,0,1,4,A,-,01,23152,,M,B,E,A,A,H,-,C,D,0,,,,,Y,Y,-,,0,1,0,0,0,0,0,0,0,"- ","- ",34.253219999999999,-119.40293,"SANTA BARBARA","SANTA BARBARA",-119.68173082,34.4255566
6508459,2014,2014-08-01,4203,2014-05-14,0750,9480,,3,5,5,4203,0,0,0,,0,005,"ALAMAR AV","CALLE NOGUERA",0.00,,Y,A,-,N,,,,,,,,,,N,3,0,1,2,A,-,10,21950,A,N,D,B,B,A,H,-,A,A,0,Y,,,,Y,,-,,0,1,0,0,1,0,0,0,0,"- ","- ",34.263399999999997,-119.4329,"SANTA BARBARA","SANTA BARBARA",-119.7247299,34.442940059999998
6508488,2014,2014-08-04,4200,2014-05-12,1522,3683,14,1,5,4,4214,0,0,0,,0,080,"WHITTIER DR","WHITMAN ST",125.00,W,N,A,-,N,,,,,,,,,,N,3,0,1,2,A,-,08,22107,,N,H,G,A,A,H,-,A,D,0,,Y,,,Y,,A,01,0,1,0,0,0,0,1,0,0,"- ","- ",,,"SANTA BARBARA",GOLETA,-119.87204303,34.422779210000002
6508606,2014,2016-04-04,9760,2014-05-01,1155,17097,,4,1,9,4200,0,1,2,,2,020,"RT 101","RT 154",1584.00,N,N,A,-,Y,SB,5,101,-,-,18.660,H,-,S,Y,4,0,1,1,A,-,08,22107,,N,E,I,A,A,H,-,A,D,1,,,,,Y,,A,01,0,0,1,0,0,0,0,0,0,"- ","- ",34.441099999999999,-119.77128,"SANTA BARBARA",UNINCORPORATED,-119.76512904000001,34.440939450000002
6508610,2014,2016-04-04,9760,2014-05-01,1605,17307,,4,2,4,4214,0,1,2,,1,030,"RT 101","GLENN ANNIE RD",40.00,S,N,A,-,Y,SB,5,101,-,-,24.284,R,1,N,N,4,0,1,2,A,-,03,22350,,N,C,C,A,A,H,-,A,D,1,,,,,Y,,A,01,0,0,1,0,0,0,0,0,0,"- ","- ",34.441630000000004,-119.83019,"SANTA BARBARA",GOLETA,-119.86268364999999,34.435966440000001
6492301,2014,2015-02-03,9760,2014-05-14,1550,014690,,3,2,5,4203,0,1,2,,2,011,"RT 101","MISSION ST",80.00,N,N,A,-,Y,SB,5,101,-,R,15.900,R,1,S,Y,4,0,1,3,A,-,03,22350,,N,C,C,A,A,H,-,A,D,1,,,,,Y,,A,01,0,0,1,0,0,0,0,0,0,"- ","- ",35.4251,-119.72085,"SANTA BARBARA","SANTA BARBARA",-119.72295155,34.426058830000002
6492323,2014,2016-04-05,9755,2014-05-01,1940,012436,,4,2,9,4200,0,1,3,,1,042,"RT 154","EDISON ST",10032.00,E,N,A,-,Y,SB,5,154,-,R,7.820,H,-,W,Y,4,0,1,2,A,-,08,22107,,N,D,C,A,A,D,-,A,D,0,,,,,Y,,K,45,0,0,1,0,0,0,0,0,0,"- ","- ",34.612659999999998,-120.05772,"SANTA BARBARA",UNINCORPORATED,-120.0587476,34.61355803
6494144,2014,2016-04-05,4204,2014-05-15,0814,18261,68,4,5,5,4204,0,0,0,,0,003,"PLAZA DR",BROADWAY,5.00,E,N,A,-,Y,SB,5,135,-,-,14.700,I,6,N,N,4,0,1,2,A,-,09,21802,A,N,G,B,B,-,A,H,A,A,0,Y,,,,Y,,D,22,0,0,1,0,1,0,0,0,0,"- ","- ",,,"SANTA BARBARA","SANTA MARIA",-120.43593227,34.937366240000003
6494152,2014,2016-04-05,4204,2014-05-16,2029,90137,42,5,5,5,4204,0,0,0,,0,002,BROADWAY,MAIN,70.00,S,N,A,-,Y,SB,5,135,-,-,15.760,H,-,N,N,4,0,1,2,A,-,07,21658,A,N,B,C,A,A,H,-,C,A,0,,,,,Y,,D,22,0,0,1,0,0,0,0,0,0,"- ","- ",,,"SANTA BARBARA","SANTA MARIA",-120.43580824,34.952904420000003
6494694,2014,2014-08-06,9750,2014-05-14,0230,16773,,3,3,9,4200,0,3,5,,2,060,"KIRSCHENMANN RD","SCHAEFFER RD",450.00,N,N,A,-,N,,,,,,,,,,Y,4,0,1,1,C,-,18,,,N,F,A,A,A,H,-,D,D,0,,,,,Y,,-,"- ",0,0,1,0,0,0,0,0,0,"- ","- ",34.914070000000002,-119.60441,"SANTA BARBARA",UNINCORPORATED,-119.59531,34.928665369999997
6494948,2014,2016-04-04,9760,2014-05-15,1255,017140,,4,1,9,4200,0,1,2,,2,010,"RT 101","SAN YSIDRO RD",150.00,S,N,A,-,Y,SB,5,101,-,-,9.990,H,-,N,Y,4,0,2,2,A,-,07,21658,A,N,B,C,A,A,H,-,A,D,1,,,,,Y,,A,01,0,0,2,0,0,0,0,0,0,"- ","- ",34.42248,-119.63066000000001,"SANTA BARBARA",UNINCORPORATED,-119.63100544,34.422335099999998
6495001,2014,2014-08-08,4202,2014-05-23,2157,239,LOMPO,5,5,4,4202,0,0,0,,0,007,"AIRPORT AV","D ST",0.00,,Y,B,-,N,,,,,,,,,,N,4,0,1,2,A,-,08,22107,,N,B,C,A,-,H,-,C,A,0,,,,,Y,,D,22,0,0,1,0,0,0,0,0,0,"- ","- ",,,"SANTA BARBARA",LOMPOC,-120.45268994,34.648560080000003
6495904,2014,2014-08-18,9760,2014-06-10,1010,017097,,2,1,9,4200,0,2,4,,2,024,"CALLE REAL","OLD MILL RD",200.00,W,N,B,-,N,,,,,,,,,,Y,4,0,1,2,A,-,03,22350,,N,C,C,A,A,H,-,A,D,0,,,,,Y,,A,08,0,0,1,0,0,0,0,0,0,"- ","- ",34.441270000000003,-119.76545,"SANTA BARBARA",UNINCORPORATED,-119.76531247,34.441291739999997
6495912,2014,2016-04-04,9760,2014-06-05,0715,014690,,4,1,9,4200,0,1,2,,2,010,"RT 101","SAN YSIDRO RD",575.00,S,N,A,-,Y,SB,5,101,-,-,9.910,H,-,N,Y,4,0,1,3,A,-,03,22350,,N,C,C,A,A,H,-,A,D,1,,,,,Y,,D,22,0,0,1,0,0,0,0,0,0,"- ","- ",34.422229999999999,-119.63037,"SANTA BARBARA",UNINCORPORATED,-119.62967325,34.421922590000001
6496093,2014,2014-08-09,4200,2014-06-09,0622,3083,14,1,5,4,4214,0,0,0,,0,060,"LOS CARNEROS RD","HOLLISTER AV",0.00,,Y,A,-,N,,,,,,,,,,Y,3,0,1,2,A,-,12,21453,A,N,D,C,A,A,H,-,A,A,0,,,,,Y,,D,22,0,1,0,0,0,0,0,0,0,"- ","- ",,,"SANTA BARBARA",GOLETA,-119.85974985999999,34.430420060000003
6496922,2014,2016-04-04,9750,2014-05-10,2015,018009,,6,2,5,4204,0,1,2,,2,001,"RT 101","DONOVAN RD",2640.00,N,N,A,-,Y,SB,5,101,-,-,90.190,H,-,N,Y,3,0,1,1,A,-,01,23152,A,N,E,I,A,A,H,-,B,D,0,,,,,Y,Y,A,01,0,1,0,0,0,0,0,0,0,"- ","- ",34.972000000000001,-120.42528,"SANTA BARBARA","SANTA MARIA",-120.42688320000001,34.974125669999999
6491838,2014,2016-04-05,9760,2014-04-06,2005,18583,,7,2,9,4200,0,2,4,,1,021,"STATE ST","RT 154",0.00,,Y,A,-,Y,SB,5,154,-,-,32.281,I,5,E,Y,3,0,1,2,A,-,09,21453,C,N,A,C,A,A,H,-,C,A,0,,,,,Y,,A,07,0,1,0,0,0,0,0,0,0,"- ","- ",34.440800000000003,-119.75988,"SANTA BARBARA",UNINCORPORATED,-119.76002502999999,34.44074423
6522098,2014,2016-03-05,9760,2014-03-27,1027,19069,,4,1,5,4203,0,1,2,,2,011,"RT 101","CASTILLO ST",43.00,S,N,A,-,Y,SB,5,101,-,R,14.180,H,-,S,Y,4,0,1,1,A,-,07,21658,A,N,E,I,A,A,H,-,A,D,1,,,,,Y,,A,01,0,0,1,0,0,0,0,0,0,"- ","- ",34.244599999999998,-119.41549999999999,"SANTA BARBARA","SANTA BARBARA",-119.69875412,34.412158609999999
6523479,2014,2016-04-05,9750,2014-04-29,1320,014449,,2,1,9,4200,0,1,3,,1,021,"RT 135","UNION VALLEY PKWY",0.00,,Y,A,-,Y,SB,5,135,-,-,10.690,H,-,S,Y,4,0,2,2,A,-,12,21453,A,N,D,C,A,A,H,-,A,A,5,,,,,Y,,A,01,0,0,2,0,0,0,0,0,0,"- ","- ",34.879750000000001,-120.43698000000001,"SANTA BARBARA",UNINCORPORATED,-120.43667524999999,34.879410280000002
6523487,2014,2016-04-04,9750,2014-04-28,1525,015334,,1,2,5,4204,0,1,2,,2,001,"RT 101","MAIN ST",210.00,S,N,A,-,Y,SB,5,101,-,-,88.560,H,-,N,Y,4,0,1,1,A,-,01,23152,A,N,E,I,A,A,H,-,A,D,0,,,,,Y,Y,A,01,0,0,1,0,0,0,0,0,0,"- ","- ",34.952640000000002,-120.4171,"SANTA BARBARA","SANTA MARIA",-120.41724345999999,34.952210719999997
6523672,2014,2014-07-08,4204,2014-03-11,1825,20894,32,2,5,5,4204,0,0,0,,0,002,BENWILEY,MAIN,230.00,N,N,A,-,N,,,,,,,,,,N,4,0,1,2,A,-,05,21202,A,N,D,G,A,A,H,-,A,D,0,,Y,,,Y,,L,04,0,0,1,0,0,0,1,0,0,"- ","- ",,,"SANTA BARBARA","SANTA MARIA",-120.44568132000001,34.953861699999997
6523688,2014,2014-08-08,4200,2014-06-03,0750,3116,14,2,5,4,4214,0,0,0,,0,080,"STORKE RD","STORKE PLZ",0.00,,Y,A,-,N,,,,,,,,,,N,4,0,1,2,A,-,09,21801,A,N,D,C,A,A,H,-,A,A,0,,Y,,,Y,,A,01,0,0,1,0,0,0,1,0,0,"- ","- ",,,"SANTA BARBARA",GOLETA,-119.87063995,34.434060070000001
6523905,2014,2016-04-04,9760,2014-04-20,1755,018991,,7,2,9,4200,0,1,2,,1,030,"RT 101","EL CAPITAN RANCH RD",1573.00,N,N,A,-,Y,SB,5,101,-,-,34.150,H,-,N,Y,3,0,1,1,A,-,08,22107,,N,F,A,A,A,H,-,A,D,1,,,,,Y,,A,07,0,1,0,0,0,0,0,0,0,"- ","- ",34.461709999999997,-120.00976,"SANTA BARBARA",UNINCORPORATED,-120.02657585,34.46362165
6523909,2014,2016-04-04,9760,2014-04-18,1400,018431,,5,2,9,4200,0,1,2,,1,030,"RT 101","EL CAPITAN STATE BEACH RD",4752.00,N,N,A,-,Y,SB,5,101,-,-,34.750,H,-,S,Y,3,0,1,1,A,-,08,22107,,N,F,A,A,A,H,-,A,D,1,,,,,Y,,A,01,0,1,0,0,0,0,0,0,0,"- ","- ",34.464179999999999,-120.03764,"SANTA BARBARA",UNINCORPORATED,-120.03700492999999,34.464144539999999
6524316,2014,2016-04-04,9760,2014-05-06,1600,017097,,2,2,5,4203,0,1,2,,2,011,"RT 101","MILPAS ST",2112.00,S,N,A,-,Y,SB,5,101,-,-,12.330,H,-,S,N,4,0,1,3,A,-,03,22350,,N,C,C,A,A,H,-,A,D,1,,,,,Y,,A,01,0,0,1,0,0,0,0,0,0,"- ","- ",34.420830000000002,-119.66788,"SANTA BARBARA","SANTA BARBARA",-119.66984601,34.420121510000001
6524320,2014,2016-04-05,9760,2014-05-07,0755,017097,,3,1,5,4203,0,1,2,,2,020,"RT 101","HOPE AV",500.00,S,N,A,-,Y,SB,5,101,-,-,17.410,H,-,N,Y,4,0,4,5,A,-,03,22350,,N,C,C,A,A,H,-,A,D,1,,,,,Y,,A,01,0,0,4,0,0,0,0,0,0,"- ","- ",34.43318,-119.74720000000001,"SANTA BARBARA","SANTA BARBARA",-119.74689647,34.432875019999997
6524447,2014,2016-04-05,9760,2014-05-31,0435,18491,,6,3,9,4200,0,1,3,,1,022,"RT 154","PAINTED CAVE RD",1990.00,W,N,A,-,Y,SB,5,154,-,-,26.310,H,-,E,Y,2,0,1,1,A,-,08,22107,,N,F,A,A,A,H,-,D,D,0,,,,,Y,,A,01,1,0,0,0,0,0,0,0,0,"- ","- ",34.491399999999999,-119.79537000000001,"SANTA BARBARA",UNINCORPORATED,-119.80032335999999,34.495130930000002
6496926,2014,2016-04-05,9750,2014-05-10,1650,017267,,6,2,9,4200,0,1,3,,1,023,"RT 135","SANTA RITA RD",2640.00,N,N,A,-,Y,SB,5,135,-,-,2.620,H,-,N,N,3,0,1,1,A,-,08,22107,,N,F,A,A,A,H,-,A,D,0,,,Y,,Y,,C,02,0,1,0,0,0,0,0,0,1,"- ","- ",34.75103,-120.31528,"SANTA BARBARA",UNINCORPORATED,-120.31570455000001,34.750368680000001
6500434,2014,2014-06-26,4202,2014-02-23,1751,10112,LOMPO,7,5,4,4202,0,0,0,,0,,"NORTH R ST","W LAUREL ST",0.00,,Y,A,-,N,,,,,,,,,,Y,4,0,2,2,A,-,09,21801,,N,B,D,A,A,H,-,B,A,0,,,,,Y,Y,D,22,0,0,2,0,0,0,0,0,0,"- ","- ",,,"SANTA BARBARA",LOMPOC,-120.47050986000001,34.643930070000003
6500803,2014,2016-04-07,4202,2014-05-11,0653,PARR,,7,5,4,4202,0,0,0,,0,,"OCEAN AV","E ST",0.00,,Y,A,-,Y,SB,5,1,-,-,20.320,I,5,S,Y,3,0,1,2,A,-,09,21802,A,N,D,C,A,A,H,-,A,D,0,,,,,Y,,A,01,0,1,0,0,0,0,0,0,0,"- ","- ",,,"SANTA BARBARA",LOMPOC,-120.4540861,34.638889859999999
6500831,2014,2016-04-09,4202,2014-05-01,0753,292,,4,5,4,4202,0,0,0,,0,,"RT 1","BRISA DEL MAR",187.00,N,N,A,-,Y,SB,5,1,-,-,23.140,H,-,N,Y,4,0,4,4,A,-,03,22350,,N,C,C,A,A,H,-,A,A,0,,,,,Y,,A,08,0,0,4,0,0,0,0,0,0,"- ","- ",,,"SANTA BARBARA",LOMPOC,-120.45667525,34.676278420000003
6502400,2014,2014-07-15,4202,2014-04-22,1854,10112,LOMPO,2,5,4,4202,0,0,0,,0,,"W NORTH AV","NORTH I ST",462.00,W,N,A,-,N,,,,,,,,,,Y,4,0,1,2,A,-,09,21804,,N,D,C,A,A,H,-,B,D,0,,,,,Y,,A,01,0,0,1,0,0,0,0,0,0,"- ","- ",,,"SANTA BARBARA",LOMPOC,-120.46063561,34.653410000000001
6502448,2014,2014-07-28,4202,2014-05-13,1153,292,,2,5,4,4202,0,0,0,,0,,"LAUREL AV","R ST",342.00,W,N,A,-,N,,,,,,,,,,Y,4,0,1,2,A,-,09,21804,A,N,D,C,A,A,H,-,A,D,0,,,,,Y,,A,01,0,0,1,0,0,0,0,0,0,"- ","- ",,,"SANTA BARBARA",LOMPOC,-120.4716466,34.643941980000001
6502451,2014,2014-07-28,4202,2014-05-19,0019,23106,LOMPO,1,5,4,4202,0,0,0,,0,,"PRINCETON PL","SHEFFIELD DR",288.00,N,N,A,-,N,,,,,,,,,,Y,4,0,1,2,A,-,01,23152,A,M,C,E,A,A,H,-,C,D,0,,,,,Y,Y,A,01,0,0,1,0,0,0,0,0,0,"- ","- ",,,"SANTA BARBARA",LOMPOC,-120.43656735,34.635882799999997
6502452,2014,2014-07-28,4202,2014-05-12,1220,22,,1,5,4,4202,0,0,0,,0,,"W MAPLE AV","N Q ST",17.00,E,N,A,-,N,,,,,,,,,,Y,4,0,2,4,A,-,09,21800,,N,D,C,A,A,H,-,A,D,0,,,,,Y,,A,01,0,0,2,0,0,0,0,0,0,"- ","- ",,,"SANTA BARBARA",LOMPOC,-120.4691535,34.645519319999998
6502935,2014,2016-04-04,4202,2014-05-02,1222,280,LOMPO,5,5,4,4202,0,0,0,,0,,"N H ST","NORTH AV",276.00,N,N,A,-,Y,SB,5,1,-,-,21.610,H,-,S,N,4,0,1,2,A,-,10,21952,,N,G,B,F,A,H,-,A,A,0,Y,,,,Y,,A,01,0,0,1,0,1,0,0,0,0,"- ","- ",,,"SANTA BARBARA",LOMPOC,-120.45777486,34.654152340000003
6505417,2014,2014-07-24,4200,2014-05-16,1558,3116,14,5,5,4,4214,0,0,0,,0,060,"PINE AV","DAWSON ST",0.00,,Y,A,-,N,,,,,,,,,,N,3,0,1,2,A,-,09,21801,A,N,D,C,A,A,H,-,A,A,0,,,Y,,Y,,A,01,0,1,0,0,0,0,0,0,1,"- ","- ",,,"SANTA BARBARA",GOLETA,-119.82662994,34.434320069999998
6505425,2014,2014-07-24,4200,2014-05-22,1741,3637,10,4,5,3,4205,0,0,0,,0,040,"CARPINTERIA AV","CRAMER RD",196.00,W,N,B,-,N,,,,,,,,,,Y,4,0,1,2,A,-,01,23153,A,N,C,C,A,A,H,-,A,D,0,,,,,Y,Y,A,01,0,0,1,0,0,0,0,0,0,"- ","- ",,,"SANTA BARBARA",CARPINTERIA,-119.52871288999999,34.402008119999998
6505429,2014,2014-07-24,4200,2014-05-20,0758,3116,14,2,5,4,4214,0,0,0,,0,060,"LOS CARNEROS RD","CASTILIAN DR",0.00,,Y,A,-,N,,,,,,,,,,N,4,0,1,2,A,-,10,21950,A,N,G,B,B,A,H,-,A,A,0,Y,,,,Y,,A,01,0,0,1,0,1,0,0,0,0,"- ","- ",,,"SANTA BARBARA",GOLETA,-119.85942993,34.431750010000002
6524451,2014,2014-08-07,9760,2014-05-27,1038,16739,,2,1,9,4200,0,3,5,,2,002,"PATTERSON AV","PAREJO DR",0.00,,Y,A,-,N,,,,,,,,,,N,4,0,1,2,A,-,"- ",,,N,D,G,A,A,H,-,A,A,0,,Y,,,Y,,L,04,0,0,1,0,0,0,1,0,0,"- ","- ",34.44462,-119.80825,"SANTA BARBARA",UNINCORPORATED,-119.80796998,34.444640049999997
6524454,2014,2014-08-04,4203,2014-05-02,0747,2720,,5,5,5,4203,0,0,0,,0,004,"BATH ST","W MICHELTORENA ST",213.00,S,N,A,-,N,,,,,,,,,,Y,3,0,1,3,A,-,21,22106,,N,D,C,A,A,H,-,A,D,0,,,,,Y,,-,,0,1,0,0,0,0,0,0,0,"- ","- ",34.422530000000002,-119.71108,"SANTA BARBARA","SANTA BARBARA",-119.71111612,34.42262813