CASE_ID,ACCIDENT_YEAR,PROC_DATE,JURIS,COLLISION_DATE,COLLISION_TIME,OFFICER_ID,REPORTING_DISTRICT,DAY_OF_WEEK,CHP_SHIFT,POPULATION,CNTY_CITY_LOC,SPECIAL_COND,BEAT_TYPE,CHP_BEAT_TYPE,CITY_DIVISION_LAPD,CHP_BEAT_CLASS,BEAT_NUMBER,PRIMARY_RD,SECONDARY_RD,DISTANCE,DIRECTION,INTERSECTION,WEATHER_1,WEATHER_2,STATE_HWY_IND,CALTRANS_COUNTY,CALTRANS_DISTRICT,STATE_ROUTE,ROUTE_SUFFIX,POSTMILE_PREFIX,POSTMILE,LOCATION_TYPE,RAMP_INTERSECTION,SIDE_OF_HWY,TOW_AWAY,COLLISION_SEVERITY,NUMBER_KILLED,NUMBER_INJURED,PARTY_COUNT,PRIMARY_COLL_FACTOR,PCF_CODE_OF_VIOL,PCF_VIOL_CATEGORY,PCF_VIOLATION,PCF_VIOL_SUBSECTION,HIT_AND_RUN,TYPE_OF_COLLISION,MVIW,PED_ACTION,ROAD_SURFACE,ROAD_COND_1,ROAD_COND_2,LIGHTING,CONTROL_DEVICE,CHP_ROAD_TYPE,PEDESTRIAN_ACCIDENT,BICYCLE_ACCIDENT,MOTORCYCLE_ACCIDENT,TRUCK_ACCIDENT,NOT_PRIVATE_PROPERTY,ALCOHOL_INVOLVED,STWD_VEHTYPE_AT_FAULT,CHP_VEHTYPE_AT_FAULT,COUNT_SEVERE_INJ,COUNT_VISIBLE_INJ,COUNT_COMPLAINT_PAIN,COUNT_PED_KILLED,COUNT_PED_INJURED,COUNT_BICYCLIST_KILLED,COUNT_BICYCLIST_INJURED,COUNT_MC_KILLED,COUNT_MC_INJURED,PRIMARY_RAMP,SECONDARY_RAMP,LATITUDE,LONGITUDE,COUNTY,CITY,POINT_X,POINT_Y
6524585,2014,2014-07-17,4204,2014-04-20,1759,90082,74,7,5,5,4204,0,0,0,,0,B03,"BATTLES RD",LINCOLN,0.00,,Y,A,-,N,,,,,,,,,,Y,4,0,2,2,A,-,09,21802,A,N,D,C,A,A,H,-,A,A,0,,,,,Y,,A,01,0,0,2,0,0,0,0,0,0,"- ","- ",,,"SANTA BARBARA","SANTA MARIA",-120.43766989,34.931490089999997
6524593,2014,2014-07-17,4204,2014-04-14,1833,21116,61,1,5,5,4204,0,0,0,,0,003,"WESTERN AV","LAS FLORES WY",0.00,,Y,A,-,N,,,,,,,,,,N,4,0,2,2,A,-,08,22107,,N,D,C,A,A,H,-,B,D,0,,,,,Y,,A,01,0,0,2,0,0,0,0,0,0,"- ","- ",,,"SANTA BARBARA","SANTA MARIA",-120.44951997,34.941760010000003
6524889,2014,2014-08-11,4200,2014-06-02,1745,3811,11,1,5,2,4212,0,0,0,,0,,"2ND ST","DOGWOOD DR",0.00,,Y,A,-,N,,,,,,,,,,N,3,0,1,2,A,-,12,22450,A,N,D,G,A,A,H,-,A,A,0,,Y,,,Y,,L,04,0,1,0,0,0,0,1,0,0,"- ","- ",,,"SANTA BARBARA",BUELLTON,-120.20412996,34.619680099999997
6524906,2014,2016-04-04,9760,2014-06-01,1805,19464,,7,2,3,4205,0,1,2,,2,010,"RT 101","CASITAS PASS RD",600.00,N,N,A,-,Y,SB,5,101,-,-,2.760,H,-,S,N,4,0,2,2,A,-,03,22350,,N,C,D,A,A,H,-,A,D,1,,,,,Y,,A,01,0,0,2,0,0,0,0,0,0,"- ","- ",34.39911,-119.51353,"SANTA BARBARA",CARPINTERIA,-119.51275690999999,34.398247580000003
6524910,2014,2014-08-11,9760,2014-06-01,1420,19069,,7,2,9,4200,0,3,5,,2,001,"GIBRALTAR RD","EL CIELITO RD",7920.00,N,N,A,-,N,,,,,,,,,,Y,3,0,1,2,A,-,05,21650,,N,A,G,A,A,H,-,A,D,0,,Y,,,Y,Y,L,04,0,1,0,0,0,0,1,0,0,"- ","- ",34.244300000000003,-119.4049,"SANTA BARBARA",UNINCORPORATED,-119.67936817,34.461769029999999
6524914,2014,2015-02-02,9760,2014-06-01,1330,19397,,7,1,3,4205,0,1,2,,2,010,"RT 101","PADARO LN",250.00,S,N,A,-,Y,SB,5,101,-,R,5.230,H,-,S,Y,4,0,5,4,A,-,03,22350,,N,C,C,A,A,H,-,A,D,1,,,,,Y,,A,07,0,0,5,0,0,0,0,0,0,"- ","- ",34.410290000000003,-119.55244,"SANTA BARBARA",CARPINTERIA,-119.55219959,34.410112210000001
6524918,2014,2014-08-11,9760,2014-06-05,1055,19446,,4,1,9,4200,0,3,5,,2,005,"SUENO RD","CAMINO DEL SUR",400.00,E,N,A,-,N,,,,,,,,,,N,3,0,1,2,A,-,17,22517,,N,D,G,A,A,H,-,A,D,0,,Y,,,Y,,A,07,0,1,0,0,0,0,1,0,0,"- ","- ",34.412550000000003,-119.86096000000001,"SANTA BARBARA",UNINCORPORATED,-119.86124474,34.412649739999999
6524922,2014,2015-02-03,9760,2014-06-04,0750,1730,,3,1,4,4214,0,1,2,,1,030,"RT 101","LOS CARNEROS",528.00,N,N,A,-,Y,SB,5,101,-,-,23.810,H,-,N,N,4,0,4,2,A,-,03,22350,,N,C,C,A,A,H,-,A,D,1,,,,,Y,,A,01,0,0,4,0,0,0,0,0,0,"- ","- ",,,"SANTA BARBARA",GOLETA,-119.85458437,34.437546779999998
6526561,2014,2016-04-04,9760,2014-05-22,0840,019069,,4,1,3,4205,0,1,2,,2,010,"RT 101","SANTA YNEZ AV",230.00,S,N,A,-,Y,SB,5,101,-,-,3.610,H,-,N,Y,4,0,1,2,A,-,03,22350,,N,C,C,A,A,H,-,A,D,1,,,,,Y,,A,01,0,0,1,0,0,0,0,0,0,"- ","- ",34.241300000000003,-119.3133,"SANTA BARBARA",CARPINTERIA,-119.52586279000001,34.403247620000002
6509458,2014,2014-08-05,4204,2014-05-05,2034,90200,59,1,5,5,4204,0,0,0,,0,002,"COLLEGE DR","CAMINO COLEGIO",0.00,,Y,A,-,Y,,,,,,,,,,Y,4,0,1,2,B,-,22,,,F,D,C,A,A,H,-,C,D,0,,,Y,,Y,,A,01,0,0,1,0,0,0,0,0,1,"- ","- ",,,"SANTA BARBARA","SANTA MARIA",-120.42484,34.941650099999997
6509462,2014,2014-08-05,4204,2014-05-04,1837,90251,74,7,5,5,4204,0,0,0,,0,003,"BATTLES RD",LINCOLN,9.00,E,N,A,-,N,,,,,,,,,,Y,4,0,2,2,A,-,09,21802,A,N,B,C,A,A,H,-,A,A,0,,,,,Y,Y,A,01,0,0,2,0,0,0,0,0,0,"- ","- ",,,"SANTA BARBARA","SANTA MARIA",-120.43763998,34.931490189999998
6509714,2014,2014-08-04,4202,2014-05-16,2054,222,LOMPO,5,5,4,4202,0,0,0,,0,,"PINE AV","H ST",296.00,W,N,A,-,N,,,,,,,,,,N,3,0,1,2,B,-,22,,,N,D,G,A,A,H,-,E,D,0,,Y,,,Y,,L,04,0,1,0,0,0,0,1,0,0,"- ","- ",,,"SANTA BARBARA",LOMPOC,-120.45873383999999,34.650196880000003
6509817,2014,2014-07-31,4203,2014-05-20,1900,1584,34,2,5,5,4203,0,0,0,,0,004,"CHAPALA ST","ISLAY ST",0.00,,Y,A,-,N,,,,,,,,,,Y,3,0,2,2,A,-,01,23152,A,N,D,C,A,A,H,-,A,A,0,,,,,Y,Y,-,,0,1,1,0,0,0,0,0,0,"- ","- ",34.25403,-119.42478,"SANTA BARBARA","SANTA BARBARA",-119.71324998999999,34.427950039999999
6509885,2014,2016-04-21,9760,2014-05-01,2000,19446,,4,2,9,4200,0,1,2,,2,010,"RT 101","BATES RD",30.00,N,N,A,-,Y,VEN,7,101,-,R,43.610,H,-,N,Y,4,0,1,1,A,-,08,22107,,N,E,I,A,A,D,E,B,D,5,,,,,Y,,-,"- ",0,0,1,0,0,0,0,0,0,"- ","- ",34.383920000000003,-119.48482,"SANTA BARBARA",UNINCORPORATED,-119.47790646999999,34.376504240000003
6510638,2014,2016-04-07,9760,2014-04-30,0815,17307,,3,1,3,4205,0,1,2,,2,010,"RT 101","CASITAS PASS RD",300.00,S,N,A,-,Y,SB,5,101,-,-,2.580,H,-,N,Y,4,0,1,2,A,-,04,21703,,N,C,C,A,A,H,-,A,D,1,,,,,Y,,A,01,0,0,1,0,0,0,0,0,0,"- ","- ",34.395850000000003,-119.51075,"SANTA BARBARA",CARPINTERIA,-119.51099708,34.396109359999997
6510992,2014,2014-08-05,9750,2014-05-21,1045,017267,,3,1,9,4200,0,3,5,,2,030,"FOXEN CANYON RD","TEPUSQUET RD",8448.00,E,N,B,-,N,,,,,,,,,,N,3,0,3,3,A,-,03,22350,,N,F,A,A,A,H,-,A,D,0,,Y,,,Y,,L,04,0,2,1,0,0,0,3,0,0,"- ","- ",34.840949999999999,-120.23956,"SANTA BARBARA",UNINCORPORATED,-120.23979609,34.841513749999997
6510996,2014,2016-04-05,9750,2014-05-19,1530,016170,,1,2,9,4200,0,1,3,,1,023,"RT 135","BATCHELDER RD",370.00,N,N,A,-,Y,SB,5,135,-,-,5.890,H,-,S,Y,3,0,3,2,A,-,06,21751,,N,A,C,A,A,A,-,A,D,0,,,,,Y,,A,01,0,2,1,0,0,0,0,0,0,"- ","- ",34.755299999999998,-120.37105,"SANTA BARBARA",UNINCORPORATED,-120.37109547,34.755269460000001
6511153,2014,2016-04-09,4204,2014-04-30,2223,21338,035,3,5,5,4204,0,0,0,,0,002,MAIN,MILLER,0.00,,Y,A,-,Y,SB,5,166,-,-,8.130,I,5,W,Y,3,0,6,2,A,-,09,21802,A,N,A,C,A,A,H,-,C,A,0,,,,,Y,,A,01,0,3,3,0,0,0,0,0,0,"- ","- ",,,"SANTA BARBARA","SANTA MARIA",-120.43135432,34.953212460000003
6511539,2014,2016-04-05,9750,2014-05-28,1725,016874,,3,2,9,4200,0,1,3,,1,021,"RT 135","LAKEVIEW RD",40.00,S,N,A,-,Y,SB,5,135,-,-,11.720,H,-,N,N,4,0,1,2,A,-,03,22350,,N,C,C,A,A,H,-,A,A,5,,,,,Y,,D,22,0,0,1,0,0,0,0,0,0,"- ","- ",34.89434,-120.43649000000001,"SANTA BARBARA",UNINCORPORATED,-120.43644842,34.894363149999997
6512144,2014,2016-04-05,4204,2014-05-02,1335,23656,43,5,5,5,4204,0,0,0,,0,002,BROADWAY,"COOK ST",0.00,,Y,A,-,Y,SB,5,135,-,-,15.550,I,5,N,Y,3,0,2,4,A,-,12,21453,A,N,D,C,A,A,H,-,A,A,0,,,,,Y,,A,01,0,1,1,0,0,0,0,0,0,"- ","- ",,,"SANTA BARBARA","SANTA MARIA",-120.43584199,34.949845109999998
6505437,2014,2014-07-24,4200,2014-05-20,2356,4060,14,2,5,4,4214,0,0,0,,0,080,"BRANDON DR","CALLE REAL",40.00,S,N,A,-,N,,,,,,,,,,Y,3,0,1,1,A,-,01,23152,A,M,E,I,A,A,H,-,C,D,0,,,,,Y,Y,A,01,0,1,0,0,0,0,0,0,0,"- ","- ",,,"SANTA BARBARA",GOLETA,-119.89113999999999,34.432780000000001
6505556,2014,2014-07-30,9760,2014-05-17,1615,19397,,6,2,9,4200,0,3,5,,2,001,"E CAMINO CIELO","GIBRALTAR RD",29040.00,E,N,A,-,N,,,,,,,,,,N,2,0,2,1,A,-,08,22107,,N,F,A,A,A,H,-,A,D,0,,,,,Y,,A,07,1,1,0,0,0,0,0,0,0,"- ","- ",34.477089999999997,-119.60966000000001,"SANTA BARBARA",UNINCORPORATED,-119.62100169,34.481938630000002
6505560,2014,2016-04-04,9760,2014-05-22,0250,17314,,4,3,9,4200,0,1,2,,1,030,"RT 101","EL CAPITAN RANCH RD",1700.00,S,N,A,-,Y,SB,5,101,-,-,32.520,H,-,N,Y,3,0,1,1,A,-,08,22107,,N,E,I,A,A,H,-,D,D,5,,,,,Y,,A,01,0,1,0,0,0,0,0,0,0,"- ","- ",34.45926,-119.99301,"SANTA BARBARA",UNINCORPORATED,-119.99839015000001,34.460175669999998
6505568,2014,2016-04-05,9760,2014-05-26,2040,18019,,1,2,5,4203,0,1,2,,2,011,"RT 101","CARRILLO ST",18.00,N,N,A,-,Y,SB,5,101,-,R,14.920,R,1,S,N,4,0,1,2,A,-,03,22350,,N,C,C,A,A,H,-,C,A,1,,,,,Y,,A,08,0,0,1,0,0,0,0,0,0,TO,"- ",34.416249999999998,-119.70762000000001,"SANTA BARBARA","SANTA BARBARA",-119.70951238000001,34.417590279999999
6505909,2014,2014-08-04,4203,2014-05-19,1119,9480,,1,5,5,4203,0,0,0,,0,005,"STATE ST","HITCHCOCK WY",33.00,E,N,A,-,N,,,,,,,,,,N,4,0,1,2,A,-,"- ",,,N,C,C,A,A,H,-,A,A,0,,,,,Y,,-,,0,0,1,0,0,0,0,0,0,"- ","- ",34.262479999999996,-119.44542,"SANTA BARBARA","SANTA BARBARA",-119.74434063,34.440480000000001
6505917,2014,2014-08-04,4203,2014-05-18,1126,5618,12,7,5,5,4203,0,0,0,,0,002,"CABRILLO BL","CALLE CESAR CHAVEZ",792.00,E,N,A,-,N,,,,,,,,,,Y,3,0,1,3,A,-,03,22350,,N,C,C,A,A,H,-,A,D,0,,,,,Y,,-,,0,1,0,0,0,0,0,0,0,"- ","- ",34.253140000000002,-119.42037999999999,"SANTA BARBARA","SANTA BARBARA",-119.67776603999999,34.41569733
6537509,2014,2016-04-09,4202,2014-04-25,1814,273,,5,5,4,4202,0,0,0,,0,,"H ST","BRISA DEL MAR",111.00,N,N,B,G,Y,SB,5,1,-,-,23.120,H,-,N,Y,4,0,1,3,A,-,03,22350,,N,C,C,A,B,G,-,C,D,0,,,,,Y,,A,01,0,0,1,0,0,0,0,0,0,"- ","- ",,,"SANTA BARBARA",LOMPOC,-120.45672437,34.67599002
6537558,2014,2014-08-20,9750,2014-06-22,1340,013766,,7,1,9,4200,0,3,5,,2,030,"TEPUSQUET RD","COLSON CANYON RD",10560.00,N,N,A,-,,,,,,,,,,,Y,4,0,1,1,A,-,08,22107,,N,F,A,A,A,H,-,A,D,0,,,Y,,Y,,C,02,0,0,1,0,0,0,0,0,1,"- ","- ",34.94314,-120.22986,"SANTA BARBARA",UNINCORPORATED,-120.22659758,34.948486670000001
6537797,2014,2014-07-25,9760,2014-05-07,1300,15658,,3,1,9,4200,0,3,5,,2,005,"EMBARCADERO DEL MAR","EL GRECO RD",0.00,,Y,A,-,N,,,,,,,,,,N,3,0,1,2,A,-,09,21802,A,N,D,G,A,A,H,-,A,A,0,,Y,,,Y,,L,04,0,1,0,0,0,0,1,0,0,"- ","- ",34.415680000000002,-119.85706,"SANTA BARBARA",UNINCORPORATED,-119.85701994999999,34.415759999999999
6538260,2014,2014-08-14,4200,2014-06-01,1304,4057,14,7,5,4,4214,0,0,0,,0,080,"GLENN ANNIE RD","CALLE REAL",159.00,S,N,A,-,N,,,,,,,,,,Y,4,0,3,2,A,-,03,22350,,N,C,C,A,A,H,-,A,A,0,,,,,Y,,A,01,0,0,3,0,0,0,0,0,0,"- ","- ",,,"SANTA BARBARA",GOLETA,-119.87097907,34.434769950000003
6538272,2014,2016-04-05,4200,2014-06-11,0835,3683,14,3,5,4,4214,0,0,0,,0,060,"HOLLISTER AV","RT 217",13.00,W,N,B,-,Y,SB,5,217,-,-,2.440,R,4,E,N,3,0,1,1,A,-,08,22107,,N,E,I,A,A,H,-,A,D,0,,Y,,,Y,Y,L,04,0,1,0,0,0,0,1,0,0,"- ",EO,,,"SANTA BARBARA",GOLETA,-119.81579067,34.437929310000001
6512148,2014,2014-08-01,4204,2014-05-01,1400,23656,12,4,5,5,4204,0,0,0,,0,001,DONOVAN,BAY,0.00,,Y,A,-,N,,,,,,,,,,Y,4,0,2,2,A,-,08,22107,,N,D,C,A,A,H,-,A,A,0,,,,,Y,,A,01,0,0,2,0,0,0,0,0,0,"- ","- ",,,"SANTA BARBARA","SANTA MARIA",-120.41556998999999,34.967570039999998
6512447,2014,2014-07-30,4200,2014-05-31,1633,4699,14,6,5,4,4214,0,0,0,,0,080,"LOS CARNEROS","CALLE KORAL",12.00,N,N,A,-,N,,,,,,,,,,Y,4,0,2,2,A,-,03,22350,,N,C,C,A,A,H,-,A,A,0,,,,,Y,,A,01,0,0,2,0,0,0,0,0,0,"- ","- ",,,"SANTA BARBARA",GOLETA,-119.85311,34.433840000000004
6512448,2014,2014-07-30,4200,2014-05-30,0942,3116,14,5,5,4,4214,0,0,0,,0,050,"CALLE REAL","ENCINA RD",480.00,E,N,A,-,N,,,,,,,,,,N,3,0,1,2,A,-,08,22107,,N,A,G,A,A,H,-,A,D,0,,Y,,,Y,,L,04,0,1,0,0,0,0,1,0,0,"- ","- ",,,"SANTA BARBARA",GOLETA,-119.82614432,34.441373669999997
6512819,2014,2016-04-05,4204,2014-05-09,1150,22807,62,5,5,5,4204,0,0,0,,0,003,BROADWAY,LIBERTY,0.00,,Y,A,-,Y,SB,5,135,-,-,14.820,I,6,S,Y,4,0,1,2,A,-,03,22350,,N,C,C,A,A,H,-,A,A,0,,,,,Y,,D,22,0,0,1,0,0,0,0,0,0,"- ","- ",,,"SANTA BARBARA","SANTA MARIA",-120.43608571,34.939115039999997
6512827,2014,2014-07-30,4204,2014-05-10,1002,22751,82,6,5,5,4204,0,0,0,,0,002,"BETTERAVIA RD","CENTERPOINTE PKWY",0.00,,Y,A,-,N,,,,,,,,,,Y,3,0,1,2,A,-,03,22350,,N,C,C,A,A,A,H,-,D,0,,,,,Y,,A,01,0,1,0,0,0,0,0,0,0,"- ","- ",,,"SANTA BARBARA","SANTA MARIA",-120.42889999000001,34.923500019999999
6512874,2014,2014-07-30,4204,2014-05-11,2046,90228,50,7,5,5,4204,0,0,0,,0,002,"BLOSSER RD",BOONE,80.00,S,N,A,-,N,,,,,,,,,,N,2,0,1,2,A,-,11,21950,B,N,G,B,D,A,H,-,C,D,0,Y,,,Y,Y,Y,N,60,1,0,0,0,1,0,0,0,0,"- ","- ",,,"SANTA BARBARA","SANTA MARIA",-120.45381943,34.947290270000003
6513305,2014,2016-04-09,4202,2014-04-06,0606,292,LOMPO,7,5,4,4202,0,0,0,,0,007,"RT 1","NORTH AV",128.00,S,N,A,-,Y,SB,5,1,-,R,21.540,H,-,N,N,2,0,1,2,A,-,11,21955,,F,G,B,D,A,H,-,B,A,0,Y,,,,Y,,N,60,1,0,0,0,1,0,0,0,0,"- ","- ",,,"SANTA BARBARA",LOMPOC,-120.45761885,34.655299909999997
6514561,2014,2016-04-06,9760,2014-06-03,1820,018754,,2,2,9,4200,0,3,5,,2,001,"SYCAMORE CANYON RD","EAST VALLEY RD",0.00,,Y,A,-,Y,SB,5,192,-,-,7.940,I,6,E,N,4,0,1,2,A,-,03,22350,,N,C,C,A,A,H,-,A,A,0,,,,,Y,,D,22,0,0,1,0,0,0,0,0,0,"- ","- ",34.433520000000001,-119.64583,"SANTA BARBARA",UNINCORPORATED,-119.64590156,34.433722709999998
6514585,2014,2016-04-09,4202,2014-06-03,1542,22,,2,5,4,4202,0,0,0,,0,,"H ST","LAUREL AV",93.00,S,N,A,-,Y,SB,5,1,-,-,20.840,H,-,S,Y,4,0,1,2,A,-,03,22350,,N,C,C,A,A,H,-,A,D,0,,,,,Y,,A,01,0,0,1,0,0,0,0,0,0,"- ","- ",,,"SANTA BARBARA",LOMPOC,-120.45791136,34.643533980000001
6514745,2014,2015-02-03,9760,2014-06-16,1630,017097,,1,2,3,4205,0,1,2,,2,010,"RT 101","CASITAS PASS RD",2640.00,S,N,A,-,Y,SB,5,101,-,-,2.140,H,-,S,Y,3,0,1,2,A,-,07,21658,A,N,B,C,A,A,H,-,A,D,1,,,Y,,Y,,A,01,0,1,0,0,0,0,0,0,1,"- ","- ",34.39228,-119.50841,"SANTA BARBARA",CARPINTERIA,-119.50633117,34.39093699
6514753,2014,2015-04-23,9760,2014-06-15,1955,019464,,7,2,9,4200,0,3,5,,2,001,"RT 192","TABOR LN",78.00,W,N,A,-,Y,SB,5,192,-,-,10.580,H,-,W,N,3,0,1,1,A,-,03,22350,,N,E,I,A,A,H,-,A,D,0,,,,,Y,,A,01,0,1,0,0,0,0,0,0,0,"- ","- ",34.436610000000002,-119.60429000000001,"SANTA BARBARA",UNINCORPORATED,-119.60399171,34.436597820000003
6527004,2014,2014-07-18,4200,2014-03-16,2135,3049,6,7,5,2,4206,0,0,0,,0,,"FREDENSBORG CANYON RD","VIBORG RD",792.00,S,N,A,-,N,,,,,,,,,,Y,4,0,1,1,A,-,01,23153,A,N,E,I,A,A,H,-,D,D,0,,,,,Y,Y,-,,0,0,1,0,0,0,0,0,0,"- ","- ",,,"SANTA BARBARA",SOLVANG,-120.13813274,34.603846920000002
6527308,2014,2016-04-05,9760,2014-04-16,1355,014690,,3,1,5,4203,0,1,2,,2,011,"RT 101","MISSION ST",386.00,N,N,A,-,Y,SB,5,101,-,R,15.650,R,1,S,Y,3,0,2,3,A,-,03,22350,,N,C,C,A,A,H,-,A,D,1,,,,,Y,,A,01,0,1,1,0,0,0,0,0,0,TO,"- ",34.426090000000002,-119.72302000000001,"SANTA BARBARA","SANTA BARBARA",-119.71909715,34.424527679999997
6527331,2014,2016-04-05,9760,2014-04-17,2105,018754,,4,2,9,4200,0,1,3,,1,022,"RT 154","KINEVAN RD",2640.00,W,N,A,-,Y,SB,5,154,-,-,24.660,H,-,E,Y,3,0,1,2,A,-,01,23152,A,N,A,C,A,A,H,-,D,D,0,,,,,Y,Y,A,01,0,1,0,0,0,0,0,0,0,"- ","- ",34.500219999999999,-119.80091,"SANTA BARBARA",UNINCORPORATED,-119.81964756000001,34.50821861
6527335,2014,2016-04-05,9760,2014-04-17,1040,017097,,4,1,9,4200,0,1,2,,2,010,"RT 101","SAN YSIDRO RD",400.00,S,N,B,-,Y,SB,5,101,-,-,9.940,H,-,N,Y,4,0,1,4,A,-,03,22350,,N,C,C,A,A,H,-,A,D,1,,,,,Y,,A,08,0,0,1,0,0,0,0,0,0,"- ","- ",34.422130000000003,-119.63025,"SANTA BARBARA",UNINCORPORATED,-119.63017333000001,34.422075960000001
6528411,2014,2014-08-19,4200,2014-06-12,1549,3683,14,4,5,4,4214,0,0,0,,0,060,"HOLLISTER AV","S KELLOGG AV",70.00,W,N,A,-,N,,,,,,,,,,Y,4,0,2,3,A,-,03,22350,,N,C,C,A,A,H,-,A,A,0,,,,,Y,,A,07,0,0,2,0,0,0,0,0,0,"- ","- ",,,"SANTA BARBARA",GOLETA,-119.82079040000001,34.435667520000003
6528562,2014,2014-08-21,4203,2014-06-23,0750,3769,,1,5,5,4203,0,0,0,,0,003,"ANACAPA ST","CABRILLO ST",243.00,S,N,A,-,N,,,,,,,,,,N,3,0,1,2,A,-,08,22107,,N,B,G,A,A,H,-,A,D,0,,Y,,,Y,,L,04,0,1,0,0,0,0,1,0,0,"- ","- ",34.42304,-119.70142,"SANTA BARBARA","SANTA BARBARA",-119.68801000000001,34.413260000000001
6528578,2014,2014-08-20,4203,2014-06-23,1211,2520,,1,5,5,4203,0,0,0,,0,001,"LAS ALTURAS RD","CAMINO VERDE",0.00,,Y,A,-,N,,,,,,,,,,N,2,0,1,1,A,-,01,21200,5,N,H,G,A,A,H,-,A,B,0,,Y,,,Y,Y,L,04,1,0,0,0,0,0,1,0,0,"- ","- ",34.261899999999997,-119.4053,"SANTA BARBARA","SANTA BARBARA",-119.68163988000001,34.438670049999999
6528582,2014,2014-08-20,4203,2014-06-24,2314,6978,50,2,5,5,4203,0,0,0,,0,005,"MISSION CANYON RD","PUESTA DEL SOL",45.00,W,N,A,-,N,,,,,,,,,,Y,3,0,1,1,A,-,08,22107,,N,A,I,A,A,-,-,D,D,0,,,,,Y,,A,01,0,1,0,0,0,0,0,0,0,"- ","- ",34.262830000000001,-119.21248,"SANTA BARBARA","SANTA BARBARA",-119.71348184,34.44153214
6528586,2014,2014-08-20,4203,2014-06-25,1803,7570,,3,5,5,4203,0,0,0,,0,005,"BATH ST","PUEBLO ST",63.00,N,N,A,-,N,,,,,,,,,,N,4,0,1,2,A,-,03,22350,,N,C,E,A,A,H,-,A,D,0,,,,,Y,Y,A,01,0,0,1,0,0,0,0,0,0,"- ","- ",34.255000000000003,-119.4319,"SANTA BARBARA","SANTA BARBARA",-119.72211274999999,34.430647909999998
6528590,2014,2014-08-21,4203,2014-06-24,1040,6048,,2,5,5,4203,0,0,0,,0,002,"CABRILLO BL","BATH ST",0.00,,Y,B,-,N,,,,,,,,,,Y,4,0,1,2,A,-,03,22350,,N,C,C,A,A,H,-,A,-,0,,,,,Y,,-,,0,0,1,0,0,0,0,0,0,"- ","- ",34.243290000000002,-119.41337,"SANTA BARBARA","SANTA BARBARA",-119.69269989,34.409160100000001
6528637,2014,2014-08-25,4203,2014-06-14,1540,4752,,6,5,5,4203,0,0,0,,0,003,"GARDEN ST","GUTIERREZ ST",172.00,N,N,A,-,N,,,,,,,,,,N,3,0,1,2,A,-,08,22107,,N,D,G,A,A,H,-,A,A,0,,Y,,,Y,,-,,0,1,0,0,0,0,1,0,0,"- ","- ",34.25976,-119.41289,"SANTA BARBARA","SANTA BARBARA",-119.6912183,34.419381809999997
6514757,2014,2014-08-09,9760,2014-06-13,2135,019397,,5,2,9,4200,0,3,5,,2,005,"EL COLEGIO RD","CAMINO CORTO",10.00,E,N,A,-,N,,,,,,,,,,Y,4,0,1,2,A,-,01,23152,A,N,C,C,A,A,H,-,C,A,0,,,,,Y,Y,A,01,0,0,1,0,0,0,0,0,0,"- ","- ",34.417310000000001,-119.86653,"SANTA BARBARA",UNINCORPORATED,-119.86652687,34.417449550000001
6514761,2014,2015-02-02,9760,2014-06-14,1942,018583,,6,2,5,4203,0,1,2,,2,011,"RT 101","MILPAS ST",1000.00,N,N,A,-,Y,SB,5,101,-,-,12.960,H,-,S,Y,3,0,1,2,A,-,07,21658,A,M,C,C,A,A,H,-,A,D,1,,,,,Y,,A,01,0,1,0,0,0,0,0,0,0,"- ","- ",34.420110000000001,-119.68002,"SANTA BARBARA","SANTA BARBARA",-119.68076474999999,34.42000591
6514765,2014,2015-02-03,9760,2014-06-14,1820,019464,,6,2,5,4203,0,1,2,,2,011,"RT 101","CASTILLO ST",100.00,S,N,A,-,Y,SB,5,101,-,R,14.170,H,-,S,Y,4,0,1,3,A,-,03,22350,,N,C,C,A,A,H,-,A,D,1,,,,,Y,,A,01,0,0,1,0,0,0,0,0,0,"- ","- ",34.412219999999998,-119.69848,"SANTA BARBARA","SANTA BARBARA",-119.69858628999999,34.412177030000002
6515152,2014,2016-04-04,9760,2014-05-29,1800,017662,,4,2,5,4203,0,1,2,,2,011,"RT 101","OLIVE MILL RD",2640.00,N,N,A,-,Y,SB,5,101,-,-,11.040,H,-,S,Y,4,0,2,2,A,-,03,22350,,N,C,C,A,A,H,-,A,D,1,,,,,Y,,A,01,0,0,2,0,0,0,0,0,0,"- ","- ",34.42127,-119.65034,"SANTA BARBARA","SANTA BARBARA",-119.64835325999999,34.420672009999997