CASE_ID,ACCIDENT_YEAR,PROC_DATE,JURIS,COLLISION_DATE,COLLISION_TIME,OFFICER_ID,REPORTING_DISTRICT,DAY_OF_WEEK,CHP_SHIFT,POPULATION,CNTY_CITY_LOC,SPECIAL_COND,BEAT_TYPE,CHP_BEAT_TYPE,CITY_DIVISION_LAPD,CHP_BEAT_CLASS,BEAT_NUMBER,PRIMARY_RD,SECONDARY_RD,DISTANCE,DIRECTION,INTERSECTION,WEATHER_1,WEATHER_2,STATE_HWY_IND,CALTRANS_COUNTY,CALTRANS_DISTRICT,STATE_ROUTE,ROUTE_SUFFIX,POSTMILE_PREFIX,POSTMILE,LOCATION_TYPE,RAMP_INTERSECTION,SIDE_OF_HWY,TOW_AWAY,COLLISION_SEVERITY,NUMBER_KILLED,NUMBER_INJURED,PARTY_COUNT,PRIMARY_COLL_FACTOR,PCF_CODE_OF_VIOL,PCF_VIOL_CATEGORY,PCF_VIOLATION,PCF_VIOL_SUBSECTION,HIT_AND_RUN,TYPE_OF_COLLISION,MVIW,PED_ACTION,ROAD_SURFACE,ROAD_COND_1,ROAD_COND_2,LIGHTING,CONTROL_DEVICE,CHP_ROAD_TYPE,PEDESTRIAN_ACCIDENT,BICYCLE_ACCIDENT,MOTORCYCLE_ACCIDENT,TRUCK_ACCIDENT,NOT_PRIVATE_PROPERTY,ALCOHOL_INVOLVED,STWD_VEHTYPE_AT_FAULT,CHP_VEHTYPE_AT_FAULT,COUNT_SEVERE_INJ,COUNT_VISIBLE_INJ,COUNT_COMPLAINT_PAIN,COUNT_PED_KILLED,COUNT_PED_INJURED,COUNT_BICYCLIST_KILLED,COUNT_BICYCLIST_INJURED,COUNT_MC_KILLED,COUNT_MC_INJURED,PRIMARY_RAMP,SECONDARY_RAMP,LATITUDE,LONGITUDE,COUNTY,CITY,POINT_X,POINT_Y
6515488,2014,2016-04-05,4203,2014-05-23,0751,6378,,5,5,5,4203,0,0,0,,0,006,"RT 225","MESA LN",24.00,E,N,A,-,Y,SB,5,225,-,-,2.300,I,5,E,Y,4,0,3,2,D,-,00,,,N,D,C,A,A,H,-,A,A,0,,,,,Y,,-,"- ",0,0,3,0,0,0,0,0,0,"- ","- ",34.241300000000003,-119.4349,"SANTA BARBARA","SANTA BARBARA",-119.72990047,34.403508639999998
6515503,2014,2014-08-09,4200,2014-05-20,1148,3947,6,2,5,2,4206,0,0,0,,0,,"FIR AV","SECOND PL",0.00,,Y,A,-,N,,,,,,,,,,N,4,0,1,2,A,-,12,22450,,N,B,G,A,A,H,-,A,A,0,,Y,,,Y,,L,04,0,0,1,0,0,0,1,0,0,"- ","- ",,,"SANTA BARBARA",SOLVANG,-120.13976986,34.59661002
6515633,2014,2016-04-05,9760,2014-05-28,1645,017140,,3,2,9,4200,0,1,3,,1,014,"RT 192","TYE RD",80.00,W,N,A,-,Y,SB,5,192,-,-,2.700,H,-,E,N,4,0,1,2,A,-,03,22350,,N,C,C,A,A,H,-,A,D,0,,,,,Y,,A,07,0,0,1,0,0,0,0,0,0,"- ","- ",34.446579999999997,-119.72017,"SANTA BARBARA",UNINCORPORATED,-119.71995570999999,34.446579020000001
6515637,2014,2016-04-04,9760,2014-05-23,1415,019397,,5,2,3,4205,0,1,2,,2,010,"RT 101","EVANS AV",2640.00,S,N,A,-,Y,SB,5,101,-,R,7.760,H,-,N,N,4,0,2,2,A,-,03,22350,,N,C,C,A,A,H,-,A,D,1,,,,,Y,,A,07,0,0,2,0,0,0,0,0,0,"- ","- ",34.256999999999998,-119.3528,"SANTA BARBARA",CARPINTERIA,-119.59302769,34.419201809999997
6515641,2014,2014-08-13,9750,2014-05-21,0002,015334,,3,3,9,4200,0,3,5,,2,030,"DOMINION RD","FOXEN CYN RD",987.00,S,N,B,-,N,,,,,,,,,,Y,4,0,1,1,A,-,01,23152,A,N,F,A,A,A,H,-,D,D,0,,,,,Y,Y,A,01,0,0,1,0,0,0,0,0,0,"- ","- ",34.908059999999999,-120.34798000000001,"SANTA BARBARA",UNINCORPORATED,-120.34795769999999,34.907827840000003
6516118,2014,2016-04-09,4202,2014-06-11,1220,22,,3,5,4,4202,0,0,0,,0,,"RT 1","LAUREL AV",56.00,S,N,A,-,Y,SB,5,1,-,-,20.850,H,-,S,Y,4,0,3,3,A,-,03,22350,,N,C,C,A,A,H,-,-,D,0,,,,,Y,,A,01,0,0,3,0,0,0,0,0,0,"- ","- ",,,"SANTA BARBARA",LOMPOC,-120.45790941,34.643678690000002
6516122,2014,2016-04-04,9760,2014-06-14,1748,19069,,6,2,5,4203,0,1,2,,2,011,"RT 101","CARRILLO ST",528.00,S,N,A,-,Y,SB,5,101,-,R,14.660,H,-,S,N,4,0,1,2,A,-,03,22350,,N,C,C,A,A,H,-,A,D,1,,,,,Y,,A,01,0,0,1,0,0,0,0,0,0,"- ","- ",34.245600000000003,-119.42230000000001,"SANTA BARBARA","SANTA BARBARA",-119.70625747,34.415478139999998
6540316,2014,2015-03-20,9750,2014-06-12,1540,16773,,4,2,9,4200,0,1,3,,1,022,"RT 1","GRACIOSA RD",4224.00,N,N,A,-,Y,SB,5,1,-,R,32.570,H,-,S,Y,3,0,2,2,C,-,18,,,N,E,J,A,A,H,-,A,D,1,,,,Y,Y,,-,"- ",0,1,1,0,0,0,0,0,0,"- ","- ",34.823430000000002,-120.44981,"SANTA BARBARA",UNINCORPORATED,-120.4502038,34.82213462
6540856,2014,2014-08-18,4203,2014-07-22,1241,7570,,2,5,5,4203,0,0,0,,0,003,"GARDEN ST","PEDREGOSA ST",0.00,,Y,A,-,N,,,,,,,,,,Y,3,0,1,2,A,-,09,21802,A,N,D,C,A,A,H,-,A,A,0,,,,,Y,,-,,0,1,0,0,0,0,0,0,0,"- ","- ",34.262,-119.4233,"SANTA BARBARA","SANTA BARBARA",-119.71002989999999,34.433090100000001
6540860,2014,2014-08-18,4203,2014-07-25,2058,6973,,5,5,5,4203,0,0,0,,0,006,"SAN ANDRES ST","MISSION ST",9.00,S,N,A,-,N,,,,,,,,,,N,2,0,1,2,A,-,10,21950,A,N,G,B,B,A,H,-,C,A,0,Y,,,,Y,,-,,1,0,0,0,1,0,0,0,0,"- ","- ",34.423360000000002,-119.72244000000001,"SANTA BARBARA","SANTA BARBARA",-119.72245748,34.423343809999999
6540935,2014,2014-09-04,4203,2014-07-30,1545,6967,SBSC,3,5,5,4203,0,0,0,,0,004,"CHAPALA ST","PARKER WY",35.00,S,N,A,-,N,,,,,,,,,,Y,4,0,1,2,A,-,21,22106,,N,B,C,A,A,H,-,A,D,0,,,,,Y,,-,,0,0,1,0,0,0,0,0,0,"- ","- ",34.253100000000003,-119.4204,"SANTA BARBARA","SANTA BARBARA",-119.69459654000001,34.414253109999997
6540939,2014,2014-09-18,4203,2014-07-26,1759,2264,,6,5,5,4203,0,0,0,,0,004,"DE LA VINA ST","W COTA ST",0.00,,Y,A,-,N,,,,,,,,,,Y,4,0,1,3,A,-,09,21802,A,N,C,C,A,A,H,-,A,-,0,,,,,Y,,-,,0,0,1,0,0,0,0,0,0,"- ","- ",34.25497,-119.43271,"SANTA BARBARA","SANTA BARBARA",-119.6990699,34.415620109999999
6540943,2014,2014-09-03,4203,2014-07-20,0436,7568,,7,5,5,4203,0,0,0,,0,005,"CHAPALA ST","ALAMAR AV",240.00,S,N,A,-,N,,,,,,,,,,Y,3,0,1,4,A,-,08,22107,,N,C,E,A,A,H,-,C,D,0,,,,,Y,,-,,0,1,0,0,0,0,0,0,0,"- ","- ",34.435859999999998,-119.72410000000001,"SANTA BARBARA","SANTA BARBARA",-119.72413172,34.435906529999997
6540947,2014,2014-09-03,4203,2014-07-21,1649,7193,,1,5,5,4203,0,0,0,,0,002,"EAST CABRILLO BL","ANACAPA ST",0.00,,Y,A,-,N,,,,,,,,,,N,3,0,1,2,A,-,10,21950,A,N,A,B,B,A,H,-,A,A,0,Y,,,,Y,,-,,0,1,0,0,1,0,0,0,0,"- ","- ",34.244759999999999,-119.41168999999999,"SANTA BARBARA","SANTA BARBARA",-119.68800989,34.413260039999997
6541090,2014,2016-05-03,9755,2014-07-02,1645,017255,,3,2,9,4200,0,1,3,,1,042,"RT 154","EDISON ST",0.00,,Y,A,-,Y,SB,5,154,-,R,5.918,I,5,E,Y,4,0,1,2,A,-,12,22450,A,N,D,C,A,A,H,-,A,A,0,,,,,Y,,A,07,0,0,1,0,0,0,0,0,0,"- ","- ",34.633719999999997,-120.08108,"SANTA BARBARA",UNINCORPORATED,-120.08097082,34.63364172
6541094,2014,2014-08-26,9755,2014-07-13,2005,017378,,7,2,9,4200,0,3,5,,2,050,"VIA CORTEZ","VIA DONA",0.00,,Y,A,-,N,,,,,,,,,,N,2,0,1,1,A,-,01,23152,A,N,F,A,A,A,H,-,A,D,0,,,Y,,Y,Y,C,06,1,0,0,0,0,0,0,0,1,"- ","- ",34.686399999999999,-120.43510000000001,"SANTA BARBARA",UNINCORPORATED,-120.43517994,34.686369999999997
6541098,2014,2014-08-26,9755,2014-07-01,1315,017255,,2,1,9,4200,0,3,5,,2,040,"EDISON ST","PINE ST",0.00,,Y,A,-,N,,,,,,,,,,Y,2,0,1,2,A,-,12,22450,A,N,D,C,A,A,H,-,A,A,0,,,Y,,Y,,C,02,1,0,0,0,0,0,0,0,1,"- ","- ",34.615769999999998,-120.08163999999999,"SANTA BARBARA",UNINCORPORATED,-120.08177989000001,34.615790009999998
6541110,2014,2016-05-09,9755,2014-07-01,0630,019800,,2,1,9,4200,0,1,2,,2,004,"RT 101","RT 1",6336.00,S,N,B,-,Y,SB,5,101,-,R,47.650,H,-,S,Y,4,0,2,2,A,-,03,22350,,N,C,C,A,B,C,-,A,D,1,,,,,Y,,A,01,0,0,2,0,0,0,0,0,0,"- ","- ",34.49248,-120.22696999999999,"SANTA BARBARA",UNINCORPORATED,-120.22917928,34.493829069999997
6529100,2014,2014-08-09,4200,2014-06-13,1527,3116,14,5,5,4,4214,0,0,0,,0,060,"HOLLISTER AV","RUTHERFORD ST",0.00,,Y,A,-,N,,,,,,,,,,N,4,0,3,2,A,-,09,21801,A,N,D,C,A,A,H,-,A,A,0,,,,,Y,,A,01,0,0,3,0,0,0,0,0,0,"- ","- ",,,"SANTA BARBARA",GOLETA,-119.82523999,34.43576006
6529108,2014,2014-08-09,4200,2014-06-13,1656,3116,14,5,5,4,4214,0,0,0,,0,080,"STORKE RD","STORKE PLZ",0.00,,Y,A,-,N,,,,,,,,,,N,4,0,2,2,A,-,03,22350,,N,C,-,A,A,H,-,A,A,0,,,,,Y,,A,01,0,0,2,0,0,0,0,0,0,"- ","- ",,,"SANTA BARBARA",GOLETA,-119.87063995,34.434060070000001
6529249,2014,2014-08-11,9755,2014-06-02,2345,17967,,1,3,9,4200,0,3,5,,2,050,"SAN MIGUELITO RD","WILLOW AV",27456.00,S,N,A,-,N,,,,,,,,,,Y,4,0,1,1,A,-,08,22107,,N,E,I,A,A,H,-,D,D,0,,,,,Y,,A,01,0,0,1,0,0,0,0,0,0,"- ","- ",34.494840000000003,-120.49484,"SANTA BARBARA",UNINCORPORATED,-120.49463711999999,34.577835479999997
6529253,2014,2014-08-11,9755,2014-06-05,0215,19800,,4,3,9,4200,0,3,5,,2,050,"HARRIS GRADE RD","RUCKER RD",6336.00,N,N,A,-,N,,,,,,,,,,Y,4,0,1,1,A,-,08,22107,,N,E,I,A,A,H,-,D,D,0,,,,,Y,,A,01,0,0,1,0,0,0,0,0,0,"- ","- ",34.727559999999997,-120.43939,"SANTA BARBARA",UNINCORPORATED,-120.43904757999999,34.726962210000003
6529257,2014,2016-05-04,9755,2014-06-07,1805,17967,,6,2,9,4200,0,1,2,,2,004,"RT 101","RT 154",6336.00,N,N,A,-,Y,SB,5,101,-,-,63.870,H,-,N,Y,4,0,1,1,A,-,07,21658,A,N,E,I,A,A,H,-,A,D,1,,,,,Y,,A,07,0,0,1,0,0,0,0,0,0,"- ","- ",34.703420000000001,-120.16880999999999,"SANTA BARBARA",UNINCORPORATED,-120.16398554,34.69824852
6530803,2014,2015-02-02,9760,2014-06-21,1300,19831,,6,1,9,4200,0,1,2,,2,010,"RT 101","SAN YSIDRO RD",375.00,S,N,A,-,Y,SB,5,101,-,-,9.950,H,-,N,N,4,0,1,2,A,-,03,22350,,N,C,C,A,A,H,-,A,D,1,,,,,Y,,A,01,0,0,1,0,0,0,0,0,0,"- ","- ",34.422020000000003,-119.6302,"SANTA BARBARA",UNINCORPORATED,-119.63034032,34.422126509999998
6530807,2014,2015-02-03,9760,2014-06-20,1505,19831,,5,2,9,4200,0,1,2,,2,010,"RT 101","CASITAS PASS RD",540.00,S,N,A,-,Y,SB,5,101,-,-,2.540,H,-,S,Y,4,0,2,2,A,-,03,22350,,N,C,C,A,A,H,-,A,D,1,,,,,Y,,A,01,0,0,2,0,0,0,0,0,0,"- ","- ",34.394489999999998,-119.51024,"SANTA BARBARA",UNINCORPORATED,-119.51083624,34.39551951
6530811,2014,2015-02-03,9760,2014-06-20,1650,019464,,5,2,3,4205,0,1,2,,2,010,"RT 101","CASITAS PASS RD",801.00,S,N,A,-,Y,SB,5,101,-,-,2.490,H,-,N,Y,4,0,1,2,A,-,03,22350,,N,C,C,A,A,H,-,A,D,1,,,,,Y,,A,01,0,0,1,0,0,0,0,0,0,"- ","- ",34.394840000000002,-119.51021,"SANTA BARBARA",CARPINTERIA,-119.51022127,34.394972850000002
6530815,2014,2015-01-30,9760,2014-06-21,1325,17674,,6,1,9,4200,0,1,3,,1,022,"RT 154","PAINTED CAVE RD",2640.00,E,N,A,-,Y,SB,5,154,-,-,27.190,H,-,W,Y,3,0,2,1,A,-,01,23152,E,N,E,I,A,A,H,-,A,D,0,,,,,Y,,A,01,0,2,0,0,0,0,0,0,0,"- ","- ",34.495460000000001,-119.8004,"SANTA BARBARA",UNINCORPORATED,-119.78951084000001,34.486907440000003
6530819,2014,2014-08-11,9760,2014-06-21,1514,019069,,6,2,9,4200,0,3,5,,2,001,"COLD SPRINGS RD","E MOUNTAIN DR",528.00,S,N,A,-,N,,,,,,,,,,N,3,0,1,2,A,-,05,21460,A,N,A,G,A,A,H,-,A,D,0,,Y,,,Y,,L,04,0,1,0,0,0,0,1,0,0,"- ","- ",34.271099999999997,-119.39230000000001,"SANTA BARBARA",UNINCORPORATED,-119.65590724,34.453189649999999
6530851,2014,2015-02-02,9760,2014-06-16,1920,019464,,1,2,3,4205,0,1,2,,2,010,"RT 101","SANTA MONICA RD",16.00,N,N,A,-,Y,SB,5,101,-,-,3.900,H,-,N,Y,3,0,1,1,A,-,01,23152,A,N,E,I,A,A,H,-,A,D,1,,,,,Y,Y,A,01,0,1,0,0,0,0,0,0,0,"- ","- ",34.404350000000001,-119.53098,"SANTA BARBARA",CARPINTERIA,-119.53079191,34.404181850000001
6516126,2014,2016-04-04,9760,2014-06-12,1716,19069,,4,2,5,4203,0,1,2,,2,011,"RT 101","MILPAS ST",528.00,N,N,A,-,Y,SB,5,101,-,-,12.870,H,-,S,N,4,0,2,2,A,-,03,22350,,N,C,C,A,A,H,-,A,D,1,,,,,Y,,A,08,0,0,2,0,0,0,0,0,0,"- ","- ",34.41583,-119.69168999999999,"SANTA BARBARA","SANTA BARBARA",-119.67919636000001,34.420137760000003
6516130,2014,2016-04-04,9760,2014-06-10,1707,14690,,2,2,9,4200,0,1,2,,2,010,"RT 101","EVANS AV",903.00,N,N,B,-,Y,SB,5,101,-,R,8.430,H,-,S,N,4,0,2,2,A,-,03,22350,,N,C,C,A,A,H,-,A,D,1,,,,,Y,,A,07,0,0,2,0,0,0,0,0,0,"- ","- ",34.421019999999999,-119.60194,"SANTA BARBARA",UNINCORPORATED,-119.60430438,34.420909680000001
6516134,2014,2016-04-05,9760,2014-06-07,1755,18491,,6,2,9,4200,0,1,3,,1,022,"RT 154","CAMINO CIELO",1200.00,E,N,A,-,Y,SB,5,154,-,-,24.670,H,-,W,Y,3,0,4,1,A,-,08,22107,,N,F,A,A,A,H,-,A,D,0,,,,,Y,,A,01,0,4,0,0,0,0,0,0,0,"- ","- ",,,"SANTA BARBARA",UNINCORPORATED,-119.81950227,34.508142380000002
6516138,2014,2014-08-11,9760,2014-06-03,1630,16739,,2,2,9,4200,0,2,4,,1,021,"HOLLISTER AV","SAN MARCOS RD",0.00,,Y,A,-,N,,,,,,,,,,Y,2,0,3,2,D,-,00,,,N,D,C,A,A,H,-,A,A,0,,,,,Y,,-,"- ",2,1,0,0,0,0,0,0,0,"- ","- ",34.435389999999998,-119.79613999999999,"SANTA BARBARA",UNINCORPORATED,-119.79616992,34.435360090000003
6516297,2014,2016-04-04,9760,2014-05-31,1830,019464,,6,2,9,4200,0,1,2,,2,010,"RT 101","SHEFFIELD DR",93.00,S,N,A,-,Y,SB,5,101,-,-,8.980,H,-,N,Y,3,0,1,1,A,-,08,22107,,N,E,I,A,A,H,-,A,D,1,,,,Y,Y,,G,25,0,1,0,0,0,0,0,0,0,"- ","- ",34.421900000000001,-119.61373,"SANTA BARBARA",UNINCORPORATED,-119.61363933,34.421847929999998
6516329,2014,2016-04-04,9760,2014-06-18,0640,15658,,3,1,4,4214,0,1,2,,1,030,"RT 101","GLENN ANNIE RD",1200.00,N,N,A,-,Y,SB,5,101,-,-,24.990,H,-,S,Y,3,0,1,1,A,-,08,22107,,N,E,I,A,A,H,-,A,D,1,,,,,Y,,A,01,0,1,0,0,0,0,0,0,0,"- ","- ",34.433579999999999,-119.87338,"SANTA BARBARA",GOLETA,-119.87456472,34.43325127
6516838,2014,2014-08-20,4203,2014-06-12,1610,4732,,4,5,5,4203,0,0,0,,0,002,"NOPALITOS WY","CARPINTERIA ST",45.00,S,N,E,-,N,,,,,,,,,,Y,3,0,1,2,A,-,06,21755,,N,B,C,A,A,H,-,A,D,0,,,,,Y,,-,,0,1,0,0,0,0,0,0,0,"- ","- ",34.251040000000003,-119.40434,"SANTA BARBARA","SANTA BARBARA",-119.67862417000001,34.419552209999999
6516841,2014,2014-09-02,4203,2014-06-15,1622,6114,33,7,5,5,4203,0,0,0,,0,004,"DE LA VINA ST","W ARRELLAGA ST",82.00,N,N,A,-,N,,,,,,,,,,Y,3,0,1,1,A,-,08,22107,,N,F,I,A,A,H,-,A,D,0,,,,,Y,,-,,0,1,0,0,0,0,0,0,0,"- ","- ",34.253,-119.4242,"SANTA BARBARA","SANTA BARBARA",-119.71207385,34.425138850000003
6516842,2014,2016-03-30,4203,2014-06-11,1515,4732,,3,5,5,4203,0,0,0,,0,002,"RT 225","MONTECIELO ST",0.00,,Y,A,-,Y,SB,5,225,-,-,4.500,H,-,E,N,4,0,1,2,A,-,11,21456,B,F,G,B,B,A,H,-,A,A,0,Y,,,,Y,,N,60,0,0,1,0,1,0,0,0,0,"- ","- ",34.243850000000002,-119.41512,"SANTA BARBARA","SANTA BARBARA",-119.69750754,34.410641759999997
6516846,2014,2014-08-20,4203,2014-06-16,2006,6969,,1,5,5,4203,0,0,0,,0,005,"STATE ST","CALLE PALO COLORADO ST",0.00,,Y,A,-,N,,,,,,,,,,Y,3,0,1,2,A,-,01,23152,,F,D,C,A,A,H,-,B,D,0,,,,,Y,Y,-,,0,1,0,0,0,0,0,0,0,"- ","- ",34.262599999999999,-119.435,"SANTA BARBARA","SANTA BARBARA",-119.73100986,34.440380019999999
6516855,2014,2014-08-11,4203,2014-06-11,1610,1436,,3,5,5,4203,0,0,0,,0,003,"E MICHELTORENA ST","LAGUNA ST",0.00,,Y,A,-,N,,,,,,,,,,N,3,0,2,2,A,-,01,21200,5,N,D,G,A,A,H,-,A,A,0,,Y,,,Y,Y,L,04,0,1,1,0,0,0,2,0,0,"- ","- ",34.430419999999998,-119.70379,"SANTA BARBARA","SANTA BARBARA",-119.70370996,34.430430029999997
6541796,2014,2015-04-14,4200,2014-07-03,1617,4444,10,4,5,3,4205,0,0,0,,0,040,"VIA REAL","SANTA MONICA RD",0.00,,Y,A,-,N,,,,,,,,,,Y,4,0,2,2,A,-,09,21802,A,N,D,C,A,A,H,-,A,A,0,,,,,Y,,A,07,0,0,2,0,0,0,0,0,0,"- ","- ",,,"SANTA BARBARA",CARPINTERIA,-119.53018987,34.404760080000003
6541945,2014,2014-08-28,4202,2014-07-12,1539,26631," LOMP",6,5,4,4202,0,0,0,,0,,"O ST","E NECTARINE AV",98.00,N,N,A,-,N,,,,,,,,,,N,3,0,1,2,A,-,05,21650,,M,B,C,A,A,H,-,A,D,0,,,Y,,Y,,C,02,0,1,0,0,0,0,0,0,1,"- ","- ",,,"SANTA BARBARA",LOMPOC,-120.46665,34.649739189999998
6541949,2014,2016-05-04,4202,2014-07-12,2250,265,LOMPO,6,5,4,4202,0,0,0,,0,4202,"H ST","NORTH AV",20.00,N,N,A,-,Y,SB,5,1,-,-,21.570,H,-,N,N,4,0,3,2,A,-,03,22350,,F,C,C,A,A,H,-,C,A,0,,,,,Y,Y,A,01,0,0,3,0,0,0,0,0,0,"- ","- ",,,"SANTA BARBARA",LOMPOC,-120.4576816,34.65357127
6542254,2014,2014-08-12,4204,2014-06-03,1640,90242,,2,5,5,4204,0,0,0,,0,003,"BETTERAVIA RD",MILLER,0.00,,Y,A,-,N,,,,,,,,,,N,4,0,1,2,A,-,03,22350,,F,B,C,A,A,H,-,A,A,0,,,,Y,Y,,F,25,0,0,1,0,0,0,0,0,0,"- ","- ",,,"SANTA BARBARA","SANTA MARIA",-120.43128989,34.922600070000001
6542258,2014,2014-08-12,4204,2014-06-08,0025,90139,66,7,5,5,4204,0,0,0,,0,003,"WESTERN AV","BATTLES RD",48.00,S,N,A,-,N,,,,,,,,,,Y,3,0,1,1,A,-,01,23152,B,N,E,I,A,A,H,-,C,D,0,,,,,Y,Y,D,22,0,1,0,0,0,0,0,0,0,"- ","- ",,,"SANTA BARBARA","SANTA MARIA",-120.44947213,34.931408169999997
6542301,2014,2014-08-20,4204,2014-06-03,1858,90269,15,2,5,5,4204,0,0,0,,0,001,"ROSE AV",LINCOLN,70.00,E,N,A,-,N,,,,,,,,,,N,2,0,1,2,A,-,11,21954,A,N,G,B,D,A,H,-,A,D,0,Y,,,,Y,Y,N,60,1,0,0,0,1,0,0,0,0,"- ","- ",,,"SANTA BARBARA","SANTA MARIA",-120.43702646,34.961401520000003
6542305,2014,2016-04-05,4204,2014-06-03,1909,90137,88,2,5,5,4204,0,0,0,,0,003,BROADWAY,"SANTA MARIA WY",0.00,,Y,A,-,Y,SB,5,135,-,-,13.000,I,6,N,Y,3,0,2,2,A,-,12,21453,A,N,D,C,A,A,H,-,A,A,0,,,,,Y,,D,22,0,2,0,0,0,0,0,0,0,"- ","- ",,,"SANTA BARBARA","SANTA MARIA",-120.43584942,34.912938779999998
6542309,2014,2016-04-05,4204,2014-06-04,1215,23601,83,3,5,5,4204,0,0,0,,0,003,"BETTERAVIA RD","RT 101",0.00,,Y,A,-,Y,SB,5,101,-,-,86.470,R,4,N,Y,4,0,1,2,A,-,03,22350,,N,D,C,A,A,H,-,A,A,0,,,,,Y,,D,22,0,0,1,0,0,0,0,0,0,"- ","- ",,,"SANTA BARBARA","SANTA MARIA",-120.41783942000001,34.921888289999998
6542345,2014,2016-04-05,4204,2014-05-20,1652,90181,52,2,5,5,4204,0,0,0,,0,002,BROADWAY,BOONE,0.00,,Y,A,-,Y,SB,5,135,-,-,15.360,I,5,N,Y,4,0,1,2,A,-,09,21802,A,N,D,C,A,A,H,-,A,A,0,,,,,Y,,D,22,0,0,1,0,0,0,0,0,0,"- ","- ",,,"SANTA BARBARA","SANTA MARIA",-120.43590062,34.94714682
6542361,2014,2014-07-30,4204,2014-05-29,1610,90081,18,4,5,5,4204,0,0,0,,0,001,"BRADLEY RD","COLLEGE DR",340.00,E,N,A,-,N,,,,,,,,,,Y,4,0,1,3,A,-,08,22107,,N,C,E,A,A,H,-,A,D,0,,,,Y,Y,,A,01,0,0,1,0,0,0,0,0,0,"- ","- ",,,"SANTA BARBARA","SANTA MARIA",-120.42436607,34.966234559999997
6542369,2014,2014-08-07,4204,2014-05-30,0438,21338,082,5,5,5,4204,0,0,0,,0,003,"BETTERAVIA RD",MILLER,0.00,,Y,A,-,N,,,,,,,,,,Y,4,0,1,2,A,-,12,21453,A,N,D,C,A,A,H,-,C,A,0,,,,Y,Y,,-,"- ",0,0,1,0,0,0,0,0,0,"- ","- ",,,"SANTA BARBARA","SANTA MARIA",-120.43128989,34.922600070000001
6530855,2014,2015-02-03,9760,2014-06-18,0700,017140,,3,1,3,4205,0,1,2,,2,010,"RT 101","CASITAS PASS RD",597.00,N,N,B,-,Y,SB,5,101,-,-,2.750,H,-,N,Y,4,0,1,2,A,-,07,21658,A,N,F,A,A,A,H,-,A,D,1,,,Y,,Y,,A,01,0,0,1,0,0,0,0,0,1,"- ","- ",34.393369999999997,-119.51251000000001,"SANTA BARBARA",CARPINTERIA,-119.51247244,34.398270660000001
6530859,2014,2014-08-11,9760,2014-06-18,1445,16739,,3,2,9,4200,0,3,5,,2,002,"TURNPIKE RD","HOLLISTER AV",11.00,S,N,A,-,N,,,,,,,,,,N,3,0,1,2,A,-,11,21456,B,N,G,B,B,A,H,-,A,A,0,Y,,,,Y,,N,60,0,1,0,0,1,0,0,0,0,"- ","- ",34.436439999999997,-119.78955999999999,"SANTA BARBARA",UNINCORPORATED,-119.78945,34.436609799999999
6531168,2014,2014-08-07,9755,2014-05-21,1153,016058,,3,1,9,4200,0,3,5,,2,050,"BURTON MESA BL","HARRIS GRADE RD",844.00,E,N,B,-,N,,,,,,,,,,Y,3,0,1,1,A,-,08,22107,,N,E,I,A,A,H,-,A,D,0,,,,,Y,,A,07,0,1,0,0,0,0,0,0,0,"- ","- ",34.689880000000002,-120.44455000000001,"SANTA BARBARA",UNINCORPORATED,-120.44521236,34.689821469999998
6531427,2014,2016-04-09,9755,2014-06-07,0820,17884,,6,1,9,4200,0,1,3,,1,051,"RT 1","JALAMA RD",1056.00,S,N,A,-,Y,SB,5,1,-,-,14.810,H,-,N,Y,3,0,1,1,A,-,08,22107,,N,E,I,A,A,H,-,A,D,0,,,,,Y,,D,22,0,1,0,0,0,0,0,0,0,"- ","- ",34.587319999999998,-120.40805,"SANTA BARBARA",UNINCORPORATED,-120.40800766,34.586080879999997
6531428,2014,2014-08-01,9755,2014-05-22,0535,017910,,4,3,9,4200,0,3,5,,2,050,"PURISIMA RD",ENCANTO,470.00,E,N,B,-,N,,,,,,,,,,Y,4,0,1,1,A,-,08,22107,,N,F,I,A,A,H,-,B,D,0,,,,,Y,,D,22,0,0,1,0,0,0,0,0,0,"- ","- ",34.677039999999998,-120.45211,"SANTA BARBARA",UNINCORPORATED,-120.45207603,34.677070000000001
6531510,2014,2015-04-23,9760,2014-06-14,0325,019397,,6,3,9,4200,0,3,5,,2,001,"RT 192","E VALLEY RD",2112.00,W,N,A,-,Y,SB,5,192,-,-,7.540,H,-,W,Y,3,0,2,1,A,-,08,22107,,N,E,I,A,A,H,-,D,D,0,,,,,Y,,A,01,0,1,1,0,0,0,0,0,0,"- ","- ",34.43723,-119.64877,"SANTA BARBARA",UNINCORPORATED,-119.65011441999999,34.438299749999999