CASE_ID,ACCIDENT_YEAR,PROC_DATE,JURIS,COLLISION_DATE,COLLISION_TIME,OFFICER_ID,REPORTING_DISTRICT,DAY_OF_WEEK,CHP_SHIFT,POPULATION,CNTY_CITY_LOC,SPECIAL_COND,BEAT_TYPE,CHP_BEAT_TYPE,CITY_DIVISION_LAPD,CHP_BEAT_CLASS,BEAT_NUMBER,PRIMARY_RD,SECONDARY_RD,DISTANCE,DIRECTION,INTERSECTION,WEATHER_1,WEATHER_2,STATE_HWY_IND,CALTRANS_COUNTY,CALTRANS_DISTRICT,STATE_ROUTE,ROUTE_SUFFIX,POSTMILE_PREFIX,POSTMILE,LOCATION_TYPE,RAMP_INTERSECTION,SIDE_OF_HWY,TOW_AWAY,COLLISION_SEVERITY,NUMBER_KILLED,NUMBER_INJURED,PARTY_COUNT,PRIMARY_COLL_FACTOR,PCF_CODE_OF_VIOL,PCF_VIOL_CATEGORY,PCF_VIOLATION,PCF_VIOL_SUBSECTION,HIT_AND_RUN,TYPE_OF_COLLISION,MVIW,PED_ACTION,ROAD_SURFACE,ROAD_COND_1,ROAD_COND_2,LIGHTING,CONTROL_DEVICE,CHP_ROAD_TYPE,PEDESTRIAN_ACCIDENT,BICYCLE_ACCIDENT,MOTORCYCLE_ACCIDENT,TRUCK_ACCIDENT,NOT_PRIVATE_PROPERTY,ALCOHOL_INVOLVED,STWD_VEHTYPE_AT_FAULT,CHP_VEHTYPE_AT_FAULT,COUNT_SEVERE_INJ,COUNT_VISIBLE_INJ,COUNT_COMPLAINT_PAIN,COUNT_PED_KILLED,COUNT_PED_INJURED,COUNT_BICYCLIST_KILLED,COUNT_BICYCLIST_INJURED,COUNT_MC_KILLED,COUNT_MC_INJURED,PRIMARY_RAMP,SECONDARY_RAMP,LATITUDE,LONGITUDE,COUNTY,CITY,POINT_X,POINT_Y
6558505,2014,2014-08-13,4203,2014-05-15,0708,2661,,4,5,5,4203,0,0,0,,0,005,"STATE ST","CALLE PALO COLORADO",0.00,,Y,A,-,N,,,,,,,,,,N,2,0,1,2,A,-,09,21801,A,N,-,G,A,A,H,-,A,D,0,,Y,,,Y,,-,,1,0,0,0,0,0,1,0,0,"- ","- ",,,"SANTA BARBARA","SANTA BARBARA",-119.73100986,34.440380019999999
6558582,2014,2014-08-13,4203,2014-06-08,2147,7193,,7,5,5,4203,0,0,0,,0,006,"OCEANO AV","DEL MAR AV",109.00,S,N,A,-,N,,,,,,,,,,N,3,0,1,4,A,-,01,23152,F,M,B,E,A,A,H,-,C,D,0,,,,,Y,Y,-,,0,1,0,0,0,0,0,0,0,"- ","- ",34.241019999999999,-119.42119,"SANTA BARBARA","SANTA BARBARA",-119.7026913,34.402499730000002
6558586,2014,2014-08-15,4203,2014-06-08,2036,1959,,7,5,5,4203,0,0,0,,0,006,"OCEANO AV","DEL SOL AV",129.00,N,N,A,-,N,,,,,,,,,,Y,3,0,1,2,A,-,01,23152,F,M,B,E,A,A,H,-,A,A,0,,,,,Y,Y,-,,0,1,0,0,0,0,0,0,0,"- ","- ",34.241379999999999,-119.42174,"SANTA BARBARA","SANTA BARBARA",-119.70457702,34.403667769999998
6558590,2014,2014-08-14,4203,2014-06-08,2035,1959,,7,5,5,4203,0,0,0,,0,006,"OCEANO AV","DEL SOL AV",66.00,N,N,A,-,N,,,,,,,,,,Y,3,0,1,2,A,-,01,23152,F,M,B,E,A,A,H,-,A,A,0,,,,,Y,Y,-,,0,1,0,0,0,0,0,0,0,"- ","- ",34.241370000000003,-119.42171999999999,"SANTA BARBARA","SANTA BARBARA",-119.70441243,34.403561420000003
6558627,2014,2014-08-13,4203,2014-06-03,1434,2520,,2,5,5,4203,0,0,0,,0,003,"DE LA GUERRA ST","ANACAPA ST",0.00,,Y,A,-,N,,,,,,,,,,N,4,0,1,2,A,-,03,22350,,N,C,C,A,A,H,-,A,A,0,,,,,Y,,-,,0,0,1,0,0,0,0,0,0,"- ","- ",34.255600000000001,-119.4134,"SANTA BARBARA","SANTA BARBARA",-119.69831987000001,34.42084002
6558629,2014,2014-08-14,4203,2014-06-03,1215,2661,,2,5,5,4203,0,0,0,,0,005,"DE LA VINA ST","JUNIPERO ST",0.00,,Y,A,-,N,,,,,,,,,,,4,0,2,2,A,-,03,22350,,N,C,C,A,A,H,-,A,D,0,,,,,Y,,-,,0,0,2,0,0,0,0,0,0,"- ","- ",34.255699999999997,-119.4318,"SANTA BARBARA","SANTA BARBARA",-119.72191999,34.432610070000003
6558633,2014,2014-08-13,4203,2014-06-04,1634,2386,,3,5,5,4203,0,0,0,,0,004,"FIGUEROA ST","DE LA VINA ST",0.00,,Y,A,-,N,,,,,,,,,,N,4,0,1,2,A,-,09,21802,A,N,D,C,A,A,H,-,A,A,0,,,,,Y,,-,,0,0,1,0,0,0,0,0,0,"- ","- ",34.251300000000001,-119.42196,"SANTA BARBARA","SANTA BARBARA",-119.70544991,34.420300089999998
6558637,2014,2014-08-13,4203,2014-06-11,1107,4725,,3,5,5,4203,0,0,0,,0,004,"STATE ST","PADRE ST",90.00,N,N,B,-,N,,,,,,,,,,N,4,0,1,2,A,-,03,22350,,N,C,C,A,A,H,-,A,D,0,,,,,Y,,-,,0,0,1,0,0,0,0,0,0,"- ","- ",34.255499999999998,-119.4259,"SANTA BARBARA","SANTA BARBARA",-119.71625367,34.431933450000002
6558807,2014,2015-12-03,4202,2014-07-05,1606,235,LOMPO,6,5,4,4202,0,0,0,,0,,"O ST","MAPLE AV",0.00,,Y,A,-,N,,,,,,,,,,N,2,0,1,2,A,-,12,22450,,N,D,G,A,A,H,-,A,A,0,,Y,,,Y,Y,L,04,1,0,0,0,0,0,1,0,0,"- ","- ",,,"SANTA BARBARA",LOMPOC,-120.46670994999999,34.645490039999999
6569071,2014,2014-08-25,4204,2014-07-19,1838,23656,10,6,5,5,4204,0,0,0,,0,001,MCCLELLAND,WILLIAMS,0.00,,Y,A,-,N,,,,,,,,,,N,4,0,1,2,A,-,11,21950,B,N,G,B,E,A,H,-,A,A,0,Y,,,,Y,,N,60,0,0,1,0,1,0,0,0,0,"- ","- ",,,"SANTA BARBARA","SANTA MARIA",-120.43439995999999,34.970490099999999
6569119,2014,2014-08-06,4200,2014-06-28,1857,4167,14,6,5,4,4214,0,0,0,,0,060,"PINE AV","GAVIOTA AV",60.00,N,N,A,-,N,,,,,,,,,,N,2,0,1,2,A,-,09,21801,A,N,D,C,A,A,H,-,A,D,0,,,Y,,Y,,D,22,1,0,0,0,0,0,0,0,1,"- ","- ",,,"SANTA BARBARA",GOLETA,-119.82664,34.435024749999997
6569145,2014,2014-08-26,4204,2014-07-15,1326,90026,41,2,5,5,4204,0,0,0,,0,002,"SOUTH THORNBURG",COOK,0.00,,Y,A,-,N,,,,,,,,,,N,4,0,1,2,A,-,09,21802,A,N,D,C,A,A,H,-,A,D,0,,,,,Y,,A,01,0,0,1,0,0,0,0,0,0,"- ","- ",,,"SANTA BARBARA","SANTA MARIA",-120.44039991,34.949870079999997
6569149,2014,2014-08-26,4204,2014-07-20,2118,90200,25,7,5,5,4204,0,0,0,,0,002,FESLER,"RAILROAD AV",0.00,,Y,A,-,N,,,,,,,,,,N,4,0,1,2,A,-,09,21801,A,N,D,C,A,A,H,-,C,D,0,,,Y,,Y,,A,01,0,0,1,0,0,0,0,0,1,"- ","- ",,,"SANTA BARBARA","SANTA MARIA",-120.4446599,34.956870029999997
6570226,2014,2015-02-03,9755,2014-06-15,0155,019800,,7,3,9,4200,0,1,2,,2,004,"RT 101","JONATA PARK RD",6336.00,N,N,A,-,Y,SB,5,101,-,-,61.250,H,-,S,Y,3,0,1,1,A,-,08,22107,,N,F,A,A,A,H,-,D,D,1,,,,,Y,,A,01,0,1,0,0,0,0,0,0,0,"- ","- ",34.66469,-120.17501,"SANTA BARBARA",UNINCORPORATED,-120.17199574999999,34.667477869999999
6570230,2014,2015-01-15,9755,2014-06-22,1125,017884,,7,1,9,4200,0,3,5,,2,050,"JALAMA RD","RT 1",36960.00,W,N,A,-,N,,,,,,,,,,Y,4,0,1,1,A,-,08,22107,,N,F,A,A,A,H,-,A,D,0,,,Y,,Y,,C,02,0,0,1,0,0,0,0,0,1,"- ","- ",34.527949999999997,-120.39881,"SANTA BARBARA",UNINCORPORATED,-120.41740681,34.523917840000003
6570234,2014,2015-03-20,9755,2014-06-21,0345,018991,,6,3,9,4200,0,1,3,,1,051,"RT 1","SANTA ROSA RD",1584.00,N,N,A,-,Y,SB,5,1,-,-,18.060,H,-,N,Y,3,0,2,1,A,-,08,22107,,N,F,A,A,A,H,-,D,D,0,,,,,Y,,A,01,0,1,1,0,0,0,0,0,0,"- ","- ",34.627220000000001,-120.43210999999999,"SANTA BARBARA",UNINCORPORATED,-120.43088071,34.62550006
6570238,2014,2015-03-20,9755,2014-06-25,0750,015973,,3,1,9,4200,0,1,3,,1,051,"RT 1","SANTA ROSA RD",1056.00,S,N,B,-,Y,SB,5,1,-,-,17.560,H,-,S,Y,4,0,1,1,A,-,08,22107,,N,F,A,A,A,H,-,A,D,0,,,,,Y,,A,01,0,0,1,0,0,0,0,0,0,"- ","- ",34.616549999999997,-120.42758000000001,"SANTA BARBARA",UNINCORPORATED,-120.42785739999999,34.61858977
6570266,2014,2015-04-02,9755,2014-06-28,1116,018514,,6,1,9,4200,0,3,5,,2,040,"FOXEN CANYON RD","ZACA STATION RD",6336.00,E,N,A,-,N,,,,,,,,,,Y,2,0,1,2,A,-,04,21703,,N,C,C,A,A,H,-,A,D,0,,,Y,,Y,,C,02,1,0,0,0,0,0,0,0,1,"- ","- ",34.740499999999997,-120.12148999999999,"SANTA BARBARA",UNINCORPORATED,-120.1332,34.7241
6570812,2014,2016-05-09,9760,2014-07-11,1429,18019,,5,2,9,4200,0,1,2,,2,010,"RT 101","NORTH PADARO LN",2640.00,S,N,A,-,Y,SB,5,101,-,R,6.640,H,-,N,Y,4,0,1,2,A,-,03,22350,,N,C,C,A,A,H,-,A,D,1,,,,,Y,,A,01,0,0,1,0,0,0,0,0,0,"- ","- ",34.415990000000001,-119.57236,"SANTA BARBARA",UNINCORPORATED,-119.57415623999999,34.415786709999999
6570816,2014,2014-08-28,9760,2014-07-11,1900,18490,,5,2,9,4200,0,3,5,,2,002,"RHOADS AV","VIA MIGUEL AV",0.00,,Y,A,-,N,,,,,,,,,,N,4,0,1,2,A,-,09,21801,A,N,A,C,A,A,H,-,A,D,0,,,Y,,Y,,A,01,0,0,1,0,0,0,0,0,1,"- ","- ",34.427309999999999,-119.79756,"SANTA BARBARA",UNINCORPORATED,-119.79743989000001,34.42733003
6545262,2014,2014-07-31,4203,2014-05-27,1345,5618,12,2,5,5,4203,0,0,0,,0,002,"S CALLE CESAR CHAVEZ","QUINIENTOS ST",300.00,S,N,A,-,N,,,,,,,,,,N,4,0,1,2,A,-,"- ",,,N,D,C,A,A,H,-,A,D,0,,Y,,,Y,Y,L,04,0,0,1,0,0,0,1,0,0,"- ","- ",34.250349999999997,-119.40525,"SANTA BARBARA","SANTA BARBARA",-119.68155470000001,34.41792504
6545266,2014,2015-10-01,4203,2014-05-20,1710,7570,56,2,5,5,4203,0,0,0,,0,005,"CALLE REAL","PESETAS LN",65.00,W,N,A,-,N,,,,,,,,,,Y,3,0,8,3,A,-,03,22350,,N,C,C,A,A,H,-,A,D,0,,,,,Y,Y,A,01,0,1,7,0,0,0,0,0,0,"- ","- ",34.263010000000001,-119.45314,"SANTA BARBARA","SANTA BARBARA",-119.75861623999999,34.441561559999997
6546068,2014,2014-07-21,4203,2014-02-06,0620,5075,4203,4,5,5,4203,0,0,0,,0,006,"CLIFF DR","MEIGS RD",93.00,W,N,B,-,N,,,,,,,,,,N,3,0,1,2,A,-,11,21954,A,N,G,B,D,B,H,-,C,A,0,Y,,,,Y,,N,60,0,1,0,0,1,0,0,0,0,"- ","- ",34.246000000000002,-119.432,"SANTA BARBARA","SANTA BARBARA",-119.72236913,34.401621050000003
6546754,2014,2014-08-21,4203,2014-07-01,0932,6700,43,2,5,5,4203,0,0,0,,0,003,"GARDEN ST","HALEY ST",0.00,,Y,B,-,N,,,,,,,,,,N,4,0,3,2,A,-,12,21453,A,N,D,C,A,A,H,-,A,A,0,,,,,Y,,A,01,0,0,3,0,0,0,0,0,0,"- ","- ",34.251190000000001,-119.41316999999999,"SANTA BARBARA","SANTA BARBARA",-119.69211994,34.420009999999998
6546843,2014,2014-08-22,4200,2014-07-01,1224,3116,14,2,5,4,4214,0,0,0,,0,060,"HOLLISTER AV","RUTHERFORD AV",230.00,E,N,A,-,N,,,,,,,,,,N,3,0,1,2,A,-,09,21804,A,N,D,G,A,A,H,-,A,D,0,,Y,,,Y,,D,22,0,1,0,0,0,0,1,0,0,"- ","- ",,,"SANTA BARBARA",GOLETA,-119.82448045,34.435707000000001
6546847,2014,2014-08-11,4200,2014-05-30,1036,3077,14,5,5,4,4214,0,0,0,,0,080,"GLENN ANNIE RD","CATHEDRAL OAKS RD",800.00,S,N,A,-,N,,,,,,,,,,Y,3,0,3,2,A,-,03,22350,,N,D,C,A,A,H,-,A,D,0,,,,Y,Y,,A,01,0,3,0,0,0,0,0,0,0,"- ","- ",,,"SANTA BARBARA",GOLETA,-119.87331451,34.438887790000003
6547042,2014,2016-04-04,9760,2014-06-30,1430,016739,,1,2,9,4200,0,1,2,,2,020,"RT 101","TURNPIKE RD",1584.00,N,N,A,-,Y,SB,5,101,-,-,20.360,H,-,N,Y,2,0,1,2,A,-,03,22350,,N,C,C,A,A,H,-,A,D,1,,,Y,,Y,,C,02,1,0,0,0,0,0,0,0,1,"- ","- ",34.441890000000001,-119.79533000000001,"SANTA BARBARA",UNINCORPORATED,-119.7945345,34.441853639999998
6547046,2014,2016-04-05,9760,2014-06-30,1205,16739,,1,1,5,4203,0,1,2,,2,020,"RT 101","HOPE AV",1056.00,S,N,B,-,Y,SB,5,101,-,-,17.300,H,-,N,Y,4,0,2,3,A,-,03,22350,,N,C,C,A,A,H,-,A,D,1,,,,,Y,,A,01,0,0,2,0,0,0,0,0,0,"- ","- ",34.432250000000003,-119.74563999999999,"SANTA BARBARA","SANTA BARBARA",-119.74534537,34.431916340000001
6548413,2014,2016-05-03,9750,2014-07-02,0545,016170,,3,3,9,4200,0,1,3,,1,011,"RT 166","BONITA SCHOOL RD",450.00,E,N,B,-,Y,SB,5,166,-,-,3.840,H,-,W,N,4,0,1,3,A,-,03,22350,,N,C,C,A,A,H,-,A,A,0,,,,,Y,,D,22,0,0,1,0,0,0,0,0,0,"- ","- ",34.956710000000001,-120.50689,"SANTA BARBARA",UNINCORPORATED,-120.50683005,34.956752530000003
6581390,2014,2014-08-14,4203,2014-07-24,1453,6968,31,4,5,5,4203,0,0,0,,0,006,"CHINO ST","W ANAPAMU ST",27.00,N,N,A,-,N,,,,,,,,,,N,3,0,1,2,D,-,00,,,N,H,I,A,A,H,-,A,D,0,,Y,,,Y,,-,"- ",0,1,0,0,0,0,1,0,0,"- ","- ",34.24539,-119.42487,"SANTA BARBARA","SANTA BARBARA",-119.71349633,34.414969739999997
6581394,2014,2014-08-15,4203,2014-07-17,1148,6700,30,4,5,5,4203,0,0,0,,0,004,"COTA ST","BRINKER HOFF AV",0.00,,Y,A,-,N,,,,,,,,,,Y,4,0,1,2,A,-,09,21801,A,N,D,C,A,A,H,-,A,D,0,,,,,Y,,D,22,0,0,1,0,0,0,0,0,0,"- ","- ",34.245750000000001,-119.41553,"SANTA BARBARA","SANTA BARBARA",-119.69862994,34.416020060000001
6570875,2014,2014-08-28,9760,2014-07-16,1740,17662,,3,2,9,4200,0,3,5,,2,005,"CAMINO DEL SUR","EL COLEGIO RD",230.00,S,N,A,-,N,,,,,,,,,,N,3,0,2,2,A,-,05,21202,A,N,D,C,A,A,H,-,A,D,0,,Y,Y,,Y,,L,04,0,1,1,0,0,0,1,0,1,"- ","- ",34.41666,-119.86257000000001,"SANTA BARBARA",UNINCORPORATED,-119.86254585,34.416678449999999
6570879,2014,2016-05-09,9760,2014-07-21,1125,18019,,1,1,9,4200,0,1,2,,2,010,"RT 101","SAN YSIDRO RD",206.00,S,N,A,-,Y,SB,5,101,-,-,9.980,H,-,N,Y,4,0,3,3,A,-,03,22350,,N,C,C,A,A,H,-,A,D,1,,,,,Y,,A,01,0,0,3,0,0,0,0,0,0,"- ","- ",34.420830000000002,-119.62606,"SANTA BARBARA",UNINCORPORATED,-119.63083946,34.422282289999998
6571243,2014,2014-08-27,4202,2014-07-13,0008,GRIJALVA,LOMPO,7,5,4,4202,0,0,0,,0,,"O ST","CHESTNUT AV",0.00,,Y,A,-,N,,,,,,,,,,Y,3,0,2,3,A,-,12,22450,A,F,D,C,A,A,-,-,C,A,0,,,,,Y,,A,01,0,2,0,0,0,0,0,0,0,"- ","- ",,,"SANTA BARBARA",LOMPOC,-120.46673989,34.642310109999997
6571244,2014,2014-08-27,4202,2014-07-08,1726,265,LOMPO,2,5,4,4202,0,0,0,,0,4202,"7TH ST","PINE AV",0.00,,Y,A,-,N,,,,,,,,,,N,4,0,1,2,A,-,01,23152,B,N,D,C,A,A,H,-,A,D,0,,,,,Y,Y,A,01,0,0,1,0,0,0,0,0,0,"- ","- ",,,"SANTA BARBARA",LOMPOC,-120.44017995,34.65004004
6572024,2014,2016-04-05,4204,2014-04-21,0140,90241,10,1,5,5,4204,0,0,0,,0,001,BROADWAY,WILLIAMS,0.00,,Y,A,-,Y,SB,5,135,-,-,16.930,I,5,N,N,4,0,1,2,A,-,12,21453,A,F,G,B,B,A,H,-,C,A,0,Y,,,,Y,Y,-,,0,0,1,0,1,0,0,0,0,"- ","- ",,,"SANTA BARBARA","SANTA MARIA",-120.43554862000001,34.969882820000002
6572076,2014,2016-04-09,4204,2014-04-17,2127,20894,36,4,5,5,4204,0,0,0,,0,002,"COLLEGE DR","MAIN ST",8.00,S,N,A,-,Y,SB,5,166,-,-,8.510,I,6,E,N,4,0,1,2,A,-,01,23153,A,N,C,C,A,A,H,-,A,D,0,,,,,Y,Y,A,01,0,0,1,0,0,0,0,0,0,"- ","- ",,,"SANTA BARBARA","SANTA MARIA",-120.42473176,34.953063270000001
6572237,2014,2014-08-05,4200,2014-06-28,1619,4608,14,6,5,4,4214,0,0,0,,0,060,"KELLOGG AV","HOLLISTER AV",148.00,S,N,A,-,N,,,,,,,,,,Y,4,0,2,4,A,-,09,21804,A,N,D,C,A,A,H,-,A,D,0,,,,,Y,,A,07,0,0,2,0,0,0,0,0,0,"- ","- ",,,"SANTA BARBARA",GOLETA,-119.82055,34.435809999999996
6572670,2014,2016-05-09,9760,2014-07-24,1730,018431,,4,2,5,4203,0,1,2,,2,020,"RT 101","LA CUMBRE RD",400.00,N,N,A,-,Y,SB,5,101,-,-,17.860,H,-,S,Y,4,0,1,4,A,-,03,22350,,N,C,C,A,A,H,-,A,D,1,,,,,Y,,A,01,0,0,1,0,0,0,0,0,0,"- ","- ",34.437550000000002,-119.75275000000001,"SANTA BARBARA","SANTA BARBARA",-119.75264421999999,34.437597169999997
6572993,2014,2014-08-07,4204,2014-03-14,0751,90081,60,5,5,5,4204,0,0,0,,0,003,"WESTERN AV",PERSHING,0.00,,Y,A,-,N,,,,,,,,,,N,4,0,1,3,A,-,10,21950,A,N,G,B,B,A,H,-,A,A,0,Y,,,,Y,,A,01,0,0,1,0,1,0,0,0,0,"- ","- ",,,"SANTA BARBARA","SANTA MARIA",-120.44953989,34.941030009999999
6573655,2014,2014-08-27,4203,2014-07-21,0633,2520,,1,5,5,4203,0,0,0,,0,001,"ALAMEDA PADRE SERRA","DE LA GUERRA RD",0.00,,Y,A,-,N,,,,,,,,,,Y,3,0,2,1,A,-,01,23153,,N,E,I,A,A,H,-,A,D,0,,,,,Y,Y,-,,0,1,1,0,0,0,0,0,0,"- ","- ",34.264000000000003,-119.68600000000001,"SANTA BARBARA","SANTA BARBARA",-119.68261997,34.433860060000001
6573659,2014,2014-08-27,4203,2014-07-21,1804,7193,,1,5,5,4203,0,0,0,,0,005,"FOOTHILL RD","SAN ROQUE RD",0.00,,Y,A,-,N,,,,,,,,,,N,3,0,1,2,A,-,08,22107,,N,D,G,A,A,H,-,A,A,0,,Y,,,Y,,-,,0,1,0,0,0,0,1,0,0,"- ","- ",34.265630000000002,-119.43586999999999,"SANTA BARBARA","SANTA BARBARA",-119.73324993,34.449340100000001
6559473,2014,2016-04-05,4204,2014-06-15,1333,23028,48,7,5,5,4204,0,0,0,,0,002,MAIN,"BRADLEY RD",42.00,W,N,A,-,Y,SB,5,166,-,-,8.880,H,-,W,N,4,0,2,2,A,-,08,22107,,N,C,C,A,A,H,-,A,D,0,,,,,Y,,D,22,0,0,2,0,0,0,0,0,0,"- ","- ",,,"SANTA BARBARA","SANTA MARIA",-120.41826799,34.953057989999998
6559485,2014,2014-08-12,4204,2014-06-18,0820,23397,58,3,5,5,4204,0,0,0,,0,002,STOWELL,MILLER,40.00,E,N,A,-,N,,,,,,,,,,Y,3,0,2,3,A,-,03,22350,,N,C,C,A,A,H,-,A,A,0,,,,,Y,,D,22,0,1,1,0,0,0,0,0,0,"- ","- ",,,"SANTA BARBARA","SANTA MARIA",-120.43146659999999,34.938478089999997
6559731,2014,2015-10-01,4204,2014-05-06,1419,23073,38,2,5,5,4204,0,0,0,,0,002,MAIN,"SUEY RD",200.00,E,N,A,-,N,,,,,,,,,,N,4,0,1,2,A,-,07,21658,A,N,B,C,A,A,H,-,A,A,0,,,,,Y,,A,01,0,0,1,0,0,0,0,0,0,"- ","- ",,,"SANTA BARBARA","SANTA MARIA",-120.40837292000001,34.952829559999998
6559735,2014,2014-08-15,4204,2014-05-05,1643,23332,88,1,5,5,4204,0,0,0,,0,003,"MCCOY LN","LA COSTA",0.00,,Y,A,-,N,,,,,,,,,,N,3,0,1,2,A,-,09,21801,A,N,G,G,A,A,H,-,A,A,0,,Y,,,Y,,A,01,0,1,0,0,0,0,1,0,0,"- ","- ",,,"SANTA BARBARA","SANTA MARIA",-120.44181996,34.916710080000001
6559739,2014,2016-04-09,4204,2014-05-06,0557,90269,41,2,5,5,4204,0,0,0,,0,002,MAIN,SMITH,50.00,W,N,A,-,Y,SB,5,166,-,-,7.480,H,-,E,N,4,0,1,2,A,-,09,21804,,N,D,C,A,A,H,-,B,D,0,,,,,Y,,A,07,0,0,1,0,0,0,0,0,0,"- ","- ",,,"SANTA BARBARA","SANTA MARIA",-120.44290151,34.953148659999997
6559764,2014,2014-08-13,4204,2014-05-16,1535,23656,41,5,5,5,4204,0,0,0,,0,002,COOK,DEPOT,0.00,,Y,A,-,N,,,,,,,,,,Y,4,0,1,3,A,-,09,21806,A,N,C,C,A,A,H,-,A,A,0,,,,,Y,,A,07,0,0,1,0,0,0,0,0,0,"- ","- ",,,"SANTA BARBARA","SANTA MARIA",-120.44369998000001,34.949910010000004
6559768,2014,2014-08-13,4204,2014-05-16,1427,21846,11,5,5,5,4204,0,0,0,,0,001,"DONOVAN RD","CARLOTTI DR",92.00,E,N,A,-,N,,,,,,,,,,Y,4,0,1,2,A,-,09,21804,A,N,D,C,A,A,H,-,A,A,0,,,,,Y,,A,07,0,0,1,0,0,0,0,0,0,"- ","- ",,,"SANTA BARBARA","SANTA MARIA",-120.42039314,34.967633329999998
6559771,2014,2016-04-04,4204,2014-05-14,0859,23397,17,3,5,5,4204,0,0,0,,0,001,DONOVAN,"RT 101",40.00,W,N,A,-,Y,SB,5,101,-,-,89.810,R,4,S,N,4,0,1,2,A,-,03,22350,,N,C,C,A,A,H,-,A,A,0,,,,,Y,,A,01,0,0,1,0,0,0,0,0,0,"- ",SO,,,"SANTA BARBARA","SANTA MARIA",-120.42409146,34.969198710000001
6559775,2014,2014-08-13,4204,2014-05-17,1827,21846,10,6,5,5,4204,0,0,0,,0,001,DONOVAN,"MILLER ST",78.00,W,N,A,-,N,,,,,,,,,,Y,4,0,1,2,A,-,01,23152,A,N,C,C,A,A,H,-,B,A,0,,,Y,,Y,Y,A,01,0,0,1,0,0,0,0,0,1,"- ","- ",,,"SANTA BARBARA","SANTA MARIA",-120.43149026,34.967689999999997
6559776,2014,2014-08-13,4204,2014-06-15,1333,19656,40,7,5,5,4204,0,0,0,,0,002,COOK,"RUSSELL AV",0.00,,Y,A,-,N,,,,,,,,,,Y,3,0,3,2,A,-,09,21802,,N,D,C,A,A,H,-,A,A,0,,,,,Y,,A,01,0,2,1,0,0,0,0,0,0,"- ","- ",,,"SANTA BARBARA","SANTA MARIA",-120.45153998000001,34.949610059999998
6559779,2014,2014-08-13,4204,2014-05-12,1422,22491,50,1,5,5,4204,0,0,0,,0,,"BLOSSER RD",BOONE,0.00,,Y,A,-,N,,,,,,,,,,Y,4,0,2,2,A,-,09,21802,A,F,D,C,A,A,H,-,A,A,0,,,,,Y,Y,A,01,0,0,2,0,0,0,0,0,0,"- ","- ",,,"SANTA BARBARA","SANTA MARIA",-120.4538199,34.947510049999998
6559783,2014,2014-08-13,4204,2014-05-12,0627,21578,66,1,5,5,4204,0,0,0,,0,003,"BLOSSER RD","LA BREA",0.00,,Y,A,-,N,,,,,,,,,,Y,4,0,1,2,A,-,12,21453,A,N,D,C,A,A,H,-,A,A,0,,,,,Y,,A,01,0,0,1,0,0,0,0,0,0,"- ","- ",,,"SANTA BARBARA","SANTA MARIA",-120.45393986000001,34.935200109999997
6559787,2014,2014-08-28,4204,2014-05-12,0800,90200,33,1,5,5,4204,0,0,0,,0,002,CURRYER,FESLER,167.00,S,N,A,-,N,,,,,,,,,,N,4,0,1,2,A,I,"- ",,,N,H,G,A,A,H,-,A,D,0,,Y,,,Y,,L,04,0,0,1,0,0,0,1,0,0,"- ","- ",,,"SANTA BARBARA","SANTA MARIA",-120.44139195,34.956051350000003
6559788,2014,2016-04-05,4204,2014-05-27,1204,18141,052,2,5,5,4204,0,0,0,,0,002,BROADWAY,JONES,0.00,,Y,A,-,Y,SB,5,135,-,-,15.280,I,6,S,N,4,0,1,2,A,-,11,21954,A,N,D,B,D,A,H,-,A,A,0,Y,,,,Y,,N,60,0,0,1,0,1,0,0,0,0,"- ","- ",,,"SANTA BARBARA","SANTA MARIA",-120.43604022,34.945874670000002
6559791,2014,2014-08-13,4204,2014-05-12,1259,20904,79,1,5,5,4204,0,0,0,,0,003,"MCCOY LN",THOMPSON,125.00,W,N,A,-,N,,,,,,,,,,Y,4,0,1,2,A,-,08,22107,,N,D,C,A,A,H,-,A,D,0,,,,,Y,,A,01,0,0,1,0,0,0,0,0,0,"- ","- ",,,"SANTA BARBARA","SANTA MARIA",-120.45834443,34.916580670000002
6559792,2014,2014-08-13,4204,2014-05-26,1013,22104,30,1,5,5,4204,0,0,0,,0,002,"SUEY RD",FESLER,0.00,,Y,A,-,N,,,,,,,,,,Y,3,0,1,2,A,-,09,21802,A,N,D,C,A,A,H,-,A,A,0,,,Y,,Y,,A,01,0,1,0,0,0,0,0,0,1,"- ","- ",,,"SANTA BARBARA","SANTA MARIA",-120.40898992,34.956260010000001
6559794,2014,2014-08-13,4204,2014-05-09,0842,90232,82,5,5,5,4204,0,0,0,,0,003,"BETTERAVIA RD",MILLER,0.00,,Y,A,-,N,,,,,,,,,,Y,4,0,4,2,A,-,12,21453,A,N,A,C,A,A,H,-,A,A,0,,,,,Y,,-,,0,0,4,0,0,0,0,0,0,"- ","- ",,,"SANTA BARBARA","SANTA MARIA",-120.43128989,34.922600070000001
6559795,2014,2016-04-05,4204,2014-05-18,2342,90268,67,7,5,5,4204,0,0,0,,0,003,STOWELL,BROADWAY,0.00,,Y,A,-,Y,SB,5,135,-,-,14.780,I,6,S,Y,2,0,1,1,A,-,01,23152,B,N,E,I,A,A,H,-,C,A,0,,,,,Y,Y,A,01,1,0,0,0,0,0,0,0,0,"- ","- ",,,"SANTA BARBARA","SANTA MARIA",-120.43610289999999,34.93850321