CASE_ID,ACCIDENT_YEAR,PROC_DATE,JURIS,COLLISION_DATE,COLLISION_TIME,OFFICER_ID,REPORTING_DISTRICT,DAY_OF_WEEK,CHP_SHIFT,POPULATION,CNTY_CITY_LOC,SPECIAL_COND,BEAT_TYPE,CHP_BEAT_TYPE,CITY_DIVISION_LAPD,CHP_BEAT_CLASS,BEAT_NUMBER,PRIMARY_RD,SECONDARY_RD,DISTANCE,DIRECTION,INTERSECTION,WEATHER_1,WEATHER_2,STATE_HWY_IND,CALTRANS_COUNTY,CALTRANS_DISTRICT,STATE_ROUTE,ROUTE_SUFFIX,POSTMILE_PREFIX,POSTMILE,LOCATION_TYPE,RAMP_INTERSECTION,SIDE_OF_HWY,TOW_AWAY,COLLISION_SEVERITY,NUMBER_KILLED,NUMBER_INJURED,PARTY_COUNT,PRIMARY_COLL_FACTOR,PCF_CODE_OF_VIOL,PCF_VIOL_CATEGORY,PCF_VIOLATION,PCF_VIOL_SUBSECTION,HIT_AND_RUN,TYPE_OF_COLLISION,MVIW,PED_ACTION,ROAD_SURFACE,ROAD_COND_1,ROAD_COND_2,LIGHTING,CONTROL_DEVICE,CHP_ROAD_TYPE,PEDESTRIAN_ACCIDENT,BICYCLE_ACCIDENT,MOTORCYCLE_ACCIDENT,TRUCK_ACCIDENT,NOT_PRIVATE_PROPERTY,ALCOHOL_INVOLVED,STWD_VEHTYPE_AT_FAULT,CHP_VEHTYPE_AT_FAULT,COUNT_SEVERE_INJ,COUNT_VISIBLE_INJ,COUNT_COMPLAINT_PAIN,COUNT_PED_KILLED,COUNT_PED_INJURED,COUNT_BICYCLIST_KILLED,COUNT_BICYCLIST_INJURED,COUNT_MC_KILLED,COUNT_MC_INJURED,PRIMARY_RAMP,SECONDARY_RAMP,LATITUDE,LONGITUDE,COUNTY,CITY,POINT_X,POINT_Y
6559798,2014,2014-08-28,4204,2014-05-10,1003,22751,82,6,5,5,4204,0,0,0,,0,003,"BETTERAVIA RD","CENTERPOINTE PKWY",0.00,,Y,A,-,N,,,,,,,,,,Y,3,0,2,2,A,-,03,22350,,N,C,C,A,A,H,-,A,D,0,,,,,Y,,A,01,0,1,1,0,0,0,0,0,0,"- ","- ",,,"SANTA BARBARA","SANTA MARIA",-120.42889999000001,34.923500019999999
6559930,2014,2016-05-09,9760,2014-07-08,1625,16739,,2,2,5,4203,0,1,2,,2,011,"RT 101","MILPAS ST",1056.00,N,N,A,-,Y,SB,5,101,-,-,12.950,H,-,S,Y,4,0,4,2,A,-,03,22350,,N,C,C,A,A,H,-,A,D,1,,,,,Y,,A,07,0,0,4,0,0,0,0,0,0,"- ","- ",34.420000000000002,-119.6806,"SANTA BARBARA","SANTA BARBARA",-119.68059030000001,34.420019320000002
6559955,2014,2014-08-22,9760,2014-07-07,2120,17314,,1,2,9,4200,0,3,5,,2,003,"N FAIRVIEW AV","VIA LEMORA",895.00,S,N,A,-,N,,,,,,,,,,Y,3,0,1,1,A,-,08,22107,,N,E,I,A,A,H,-,D,D,0,,,,,Y,,A,07,0,1,0,0,0,0,0,0,0,"- ","- ",34.456099999999999,-119.83020999999999,"SANTA BARBARA",UNINCORPORATED,-119.83004703,34.455634140000001
6559959,2014,2016-05-09,9760,2014-07-03,1647,19446,,4,2,5,4203,0,1,2,,2,011,"RT 101","LAGUNA ST",600.00,S,N,A,-,Y,SB,5,101,-,-,13.280,H,-,N,Y,4,0,2,3,A,-,03,22350,,N,C,C,A,A,H,-,A,A,1,,,,,Y,,A,01,0,0,2,0,0,0,0,0,0,"- ","- ",34.419890000000002,-119.68359,"SANTA BARBARA","SANTA BARBARA",-119.68633396,34.419594770000003
6560017,2014,2016-04-04,9760,2014-06-15,1223,017603,,7,1,4,4214,0,1,2,,1,030,"RT 101","LOS CARNEROS CREEK",528.00,S,N,A,-,Y,SB,5,101,-,-,23.490,H,-,S,Y,3,0,1,3,A,-,03,22350,,N,C,C,A,A,H,-,A,D,1,,,,,Y,,A,01,0,1,0,0,0,0,0,0,0,"- ","- ",34.436430000000001,-119.85941,"SANTA BARBARA",GOLETA,-119.84902857,34.437789600000002
6582761,2014,2014-09-05,4203,2014-08-01,1952,2661,,5,5,5,4203,0,0,0,,0,002,"STATE ST","YANONALI ST",76.00,N,N,A,-,N,,,,,,,,,,Y,4,0,2,2,A,-,01,23152,A,N,C,C,A,A,H,-,A,A,0,,,,,Y,Y,-,,0,0,2,0,0,0,0,0,0,"- ","- ",34.244999999999997,-119.413,"SANTA BARBARA","SANTA BARBARA",-119.69184482999999,34.414131699999999
6583208,2014,2014-09-04,4204,2014-08-03,1211,22104,76,7,5,5,4204,0,0,0,,0,003,"BETTERAVIA RD","AUTO PLAZA LN",105.00,W,N,A,-,N,,,,,,,,,,Y,4,0,1,2,A,-,03,22350,,N,C,C,A,A,H,-,A,A,0,,,,,Y,,A,01,0,0,1,0,0,0,0,0,0,"- ","- ",,,"SANTA BARBARA","SANTA MARIA",-120.42441006999999,34.923583639999997
6583212,2014,2016-05-07,4204,2014-08-03,1433,22104,05,7,5,5,4204,0,0,0,,0,001,BROADWAY,"RT 101",200.00,W,N,A,-,Y,SB,5,135,-,-,17.760,H,-,S,N,4,0,1,2,A,-,09,21802,A,N,D,C,A,A,H,-,A,A,0,,,,,Y,,A,01,0,0,1,0,0,0,0,0,0,"- ","- ",,,"SANTA BARBARA","SANTA MARIA",-120.43200337,34.980897040000002
6583368,2014,2014-08-18,4204,2014-07-29,1206,19101,32,2,5,5,4204,0,0,0,,0,002,"BLOSSER RD",CHURCH,106.00,N,N,A,-,N,,,,,,,,,,Y,4,0,1,2,A,-,21,22106,,N,H,J,A,A,H,-,A,D,0,,,Y,,Y,,A,01,0,0,1,0,0,0,0,0,1,"- ","- ",,,"SANTA BARBARA","SANTA MARIA",-120.45372999999999,34.95231115
6583372,2014,2014-08-18,4204,2014-07-30,1541,22807,99,3,5,5,4204,0,0,0,,0,003,"UNION VALLEY PKWY","CALIFORNIA BL",0.00,,Y,A,-,N,,,,,,,,,,N,4,0,1,2,A,-,09,21801,,N,D,C,A,A,H,-,A,D,0,,,,,Y,,A,01,0,0,1,0,0,0,0,0,0,"- ","- ",,,"SANTA BARBARA","SANTA MARIA",-120.44567993,34.879840010000002
6583386,2014,2014-08-16,4200,2014-07-29,1615,3683,14,2,5,4,4214,0,0,0,,0,080,"CATHEDRAL OAKS RD","LOS CARNEROS RD",2640.00,W,N,A,-,N,,,,,,,,,,Y,3,0,2,2,A,-,01,23152,E,N,D,C,A,A,H,-,A,D,0,,,,,Y,,A,07,0,1,1,0,0,0,0,0,0,"- ","- ",,,"SANTA BARBARA",GOLETA,-119.86240409,34.441835990000001
6583569,2014,2016-05-07,4204,2014-07-24,1211,23073,68,4,5,5,4204,0,0,0,,0,003,BROADWAY,"BATTLES RD",365.00,N,N,A,-,Y,SB,5,135,-,-,14.350,H,-,S,N,4,0,1,2,A,-,03,22350,,N,C,C,A,A,H,-,A,A,0,,,,,Y,,D,22,0,0,1,0,0,0,0,0,0,"- ","- ",,,"SANTA BARBARA","SANTA MARIA",-120.43612191,34.932443259999999
6583585,2014,2014-08-22,4204,2014-07-27,2259,23813,,7,5,5,4204,0,0,0,,0,B01,MONROE,PINE,43.00,E,N,A,-,N,,,,,,,,,,Y,3,0,1,2,A,-,08,22107,,N,A,E,A,A,H,-,D,D,0,,,,,Y,,A,01,0,1,0,0,0,0,0,0,0,"- ","- ",,,"SANTA BARBARA","SANTA MARIA",-120.43856654,34.972048100000002
6585411,2014,2016-05-09,9760,2014-07-29,0700,17662,,2,1,3,4205,0,1,2,,2,010,"RT 101","CASITAS PASS RD",160.00,N,N,B,-,Y,SB,5,101,-,-,2.670,H,-,N,Y,4,0,1,3,A,-,03,22350,,N,C,C,A,A,H,-,A,D,1,,,,,Y,,A,07,0,0,1,0,0,0,0,0,0,"- ","- ",34.397260000000003,-119.51183,"SANTA BARBARA",CARPINTERIA,-119.51177560000001,34.397249840000001
6585735,2014,2014-08-18,9760,2014-07-25,1705,018431,,5,2,9,4200,0,2,4,,1,021,"HOLLISTER AV","TURNPIKE RD",0.00,,Y,A,-,N,,,,,,,,,,Y,3,0,1,2,D,-,00,,,N,A,C,A,A,H,-,A,A,0,,,,,Y,,-,"- ",0,1,0,0,0,0,0,0,0,"- ","- ",34.436500000000002,-119.78944,"SANTA BARBARA",UNINCORPORATED,-119.78944992,34.436640079999997
6585739,2014,2014-08-18,9760,2014-07-28,1425,017662,,1,2,9,4200,0,3,5,,2,001,"PADARO LN","SANTA CLAUS LN",3696.00,W,N,A,-,N,,,,,,,,,,N,3,0,2,3,A,-,08,22107,,N,D,G,A,A,H,-,A,D,0,,Y,,,Y,,A,07,0,2,0,0,0,0,2,0,0,"- ","- ",34.415750000000003,-119.5617,"SANTA BARBARA",UNINCORPORATED,-119.56299616,34.415912120000002
6560021,2014,2016-05-09,9760,2014-07-02,1325,017140,,3,1,3,4205,0,1,2,,2,010,"RT 101","SANTA MONICA CREEK",300.00,N,N,B,-,Y,SB,5,101,-,-,3.830,H,-,S,N,4,0,1,2,A,-,03,22350,,N,C,C,A,A,H,-,A,D,1,,,,,Y,,A,01,0,0,1,0,0,0,0,0,0,"- ","- ",34.403880000000001,-119.53033000000001,"SANTA BARBARA",CARPINTERIA,-119.52962015999999,34.403762270000001
6560028,2014,2016-05-09,9760,2014-07-03,1600,019831,,4,2,5,4203,0,1,2,,2,011,"RT 101","CASTILLO ST",135.00,S,N,A,-,Y,SB,5,101,-,R,14.160,H,-,S,N,4,0,1,2,A,-,03,22350,,N,C,C,A,A,H,-,A,D,1,,,,,Y,,A,01,0,0,1,0,0,0,0,0,0,"- ","- ",34.412149999999997,-119.69902,"SANTA BARBARA","SANTA BARBARA",-119.69841971,34.412200249999998
6560032,2014,2016-05-03,9760,2014-07-03,1330,012518,,4,1,9,4200,0,2,4,,1,021,"STATE ST W","RT 154",90.00,E,N,A,-,Y,SB,5,154,-,-,32.281,I,6,W,N,4,0,2,2,A,-,03,22350,,N,C,C,A,A,H,-,A,A,0,,,,,Y,,A,01,0,0,2,0,0,0,0,0,0,"- ","- ",34.440559999999998,-119.75951999999999,"SANTA BARBARA",UNINCORPORATED,-119.76002502999999,34.44074423
6560060,2014,2016-05-09,9750,2014-07-04,0005,018616,,5,3,9,4200,0,1,2,,2,002,"RT 101","SOLOMON SUMMIT",2640.00,S,N,A,-,Y,SB,5,101,-,-,78.190,H,-,N,Y,4,0,1,2,A,-,03,22350,,N,C,C,A,A,H,-,D,D,1,,,,,Y,,A,01,0,0,1,0,0,0,0,0,0,"- ","- ",34.817300000000003,-120.34918,"SANTA BARBARA",UNINCORPORATED,-120.35273357,34.820133220000002
6560064,2014,2014-08-22,9750,2014-07-11,0604,014820,,5,1,9,4200,0,3,5,,2,030,"BETTERAVIA RD","NICHOLSON AV",121.00,E,N,A,-,N,,,,,,,,,,N,4,0,1,2,A,-,03,22350,,N,C,C,A,A,H,-,A,D,0,,,,,Y,,A,01,0,0,1,0,0,0,0,0,0,"- ","- ",34.923479999999998,-120.41512,"SANTA BARBARA",UNINCORPORATED,-120.41510667999999,34.923580340000001
6560250,2014,2016-05-09,9750,2014-07-01,1210,012697,,2,1,5,4204,0,1,2,,2,001,"RT 101","STOWELL RD",1584.00,N,N,A,-,Y,SB,5,101,-,-,87.980,H,-,N,Y,4,0,3,1,A,-,08,22107,,N,B,I,A,A,H,-,A,D,0,,,,,Y,,A,01,0,0,3,0,0,0,0,0,0,"- ","- ",34.942659999999997,-120.47768000000001,"SANTA BARBARA","SANTA MARIA",-120.41766552,34.943801389999997
6560257,2014,2014-08-21,4204,2014-07-02,1906,18261,47,3,5,5,4204,0,0,0,,0,002,COOK,SCHOOL,0.00,,Y,A,-,N,,,,,,,,,,N,4,0,1,2,A,-,08,22107,,N,H,-,A,A,H,-,A,D,0,,,Y,,Y,,A,01,0,0,1,0,0,0,0,0,1,"- ","- ",,,"SANTA BARBARA","SANTA MARIA",-120.43002989,34.949900100000001
6560261,2014,2014-08-28,4204,2014-07-14,2133,23813,11,1,5,5,4204,0,0,0,,0,B01,DONOVAN,"CARLOTTI DR",0.00,,Y,A,-,N,,,,,,,,,,Y,3,0,2,2,A,-,09,21801,A,N,A,C,A,A,H,-,C,A,0,,,,,Y,,A,01,0,1,1,0,0,0,0,0,0,"- ","- ",,,"SANTA BARBARA","SANTA MARIA",-120.42069997999999,34.967640090000003
6560483,2014,2014-08-13,4204,2014-06-18,0645,21846,4204,3,5,5,4204,0,0,0,,0,002,"MORRISON AV",THORNBURG,0.00,,Y,A,-,N,,,,,,,,,,N,4,0,1,2,A,-,09,21802,A,N,D,C,A,A,H,-,A,A,0,,,,,Y,,A,01,0,0,1,0,0,0,0,0,0,"- ","- ",,,"SANTA BARBARA","SANTA MARIA",-120.44024994999999,34.943140079999999
6560554,2014,2014-08-13,4204,2014-06-16,1755,90241,3,1,5,5,4204,0,0,0,,0,078,"MAHONEY RD","BETTERAVIA RD",0.00,,Y,A,-,N,,,,,,,,,,Y,3,0,1,2,A,-,08,22107,,N,D,C,A,A,H,-,A,D,0,,,,,Y,,A,08,0,1,0,0,0,0,0,0,0,"- ","- ",,,"SANTA BARBARA","SANTA MARIA",-120.47485998000001,34.920660060000003
6560558,2014,2014-08-13,4204,2014-06-17,1556,90200,87,2,5,5,4204,0,0,0,,0,003,"SKYWAY DR","FAIRWAY DR",1374.00,S,N,A,-,N,,,,,,,,,,Y,4,0,2,3,A,-,"- ",,,N,C,C,A,A,H,-,A,D,0,,,,,Y,,A,01,0,0,2,0,0,0,0,0,0,"- ","- ",,,"SANTA BARBARA","SANTA MARIA",-120.45420498999999,34.909656159999997
6573726,2014,2015-04-23,4202,2014-06-23,1717,10251,LOMPO,1,5,4,4202,0,0,0,,0,,"RT 246","N ST",0.00,,Y,A,-,Y,SB,5,246,-,-,9.130,I,5,E,Y,4,0,1,2,A,-,09,21801,,N,D,C,A,A,H,-,A,A,0,,,,,Y,,A,08,0,0,1,0,0,0,0,0,0,"- ","- ",,,"SANTA BARBARA",LOMPOC,-120.46550456999999,34.63899275
6575778,2014,2015-04-14,4200,2014-07-22,1748,3116,14,2,5,4,4214,0,0,0,,0,050,"CATHEDRAL OAKS RD","DARA RD",0.00,,Y,A,-,N,,,,,,,,,,Y,3,0,1,3,A,-,03,22350,,N,D,E,A,A,H,-,A,D,0,,,,,Y,,A,01,0,1,0,0,0,0,0,0,0,"- ","- ",,,"SANTA BARBARA",GOLETA,-119.82230989999999,34.451280099999998
6575863,2014,2016-01-15,9750,2014-07-23,1815,016874,,3,2,9,4200,0,3,5,,2,030,"ALISOS CANYON RD","RT 101",27984.00,E,N,A,-,N,,,,,,,,,,Y,3,0,1,1,A,-,08,22107,,N,F,A,A,A,H,-,A,D,0,,,,,Y,,D,22,0,1,0,0,0,0,0,0,0,"- ","- ",34.76323,-120.15747,"SANTA BARBARA",UNINCORPORATED,-120.23884,34.759450000000001
6575866,2014,2014-08-28,9750,2014-07-19,1914,018616,,6,2,9,4200,0,3,5,,2,030,"TELEPHONE RD","CLARK AV",0.00,,Y,B,-,N,,,,,,,,,,Y,3,0,5,2,A,-,09,21801,A,N,D,C,A,A,H,-,A,A,0,,,,,Y,,A,01,0,2,3,0,0,0,0,0,0,"- ","- ",34.86533,-120.38326000000001,"SANTA BARBARA",UNINCORPORATED,-120.38319998999999,34.865330059999998
6575870,2014,2016-05-03,9750,2014-07-24,1645,017267,,4,2,9,4200,0,1,3,,1,011,"RT 166","BLACK RD",2640.00,E,N,A,-,Y,SB,5,166,-,-,5.320,H,-,W,Y,4,0,2,2,A,-,09,21804,A,N,D,C,A,A,H,-,A,D,0,,,,,Y,,A,01,0,0,2,0,0,0,0,0,0,"- ","- ",34.954680000000003,-120.48057,"SANTA BARBARA",UNINCORPORATED,-120.48093534,34.954701010000001
6576101,2014,2016-05-07,4204,2014-07-10,1306,23351,52,4,5,5,4204,0,0,0,,0,B02,"SOUTH BROADWAY","W ORANGE",6.00,E,N,A,-,Y,SB,5,135,-,-,15.460,H,-,S,N,2,0,1,2,A,-,03,22350,,N,H,J,A,A,H,-,A,D,0,,,Y,,Y,,C,03,1,0,0,0,0,0,0,0,1,"- ","- ",,,"SANTA BARBARA","SANTA MARIA",-120.43600841999999,34.948557809999997
6576831,2014,2016-05-07,4204,2014-07-16,1412,90081,76,3,5,5,4204,0,0,0,,0,003,BROADWAY,"NEWLOVE DR",0.00,,Y,A,-,Y,SB,5,135,-,-,14.170,I,5,S,Y,4,0,1,2,A,-,12,21453,A,N,D,C,A,A,H,-,A,A,0,,,,,Y,,A,08,0,0,1,0,0,0,0,0,0,"- ","- ",,,"SANTA BARBARA","SANTA MARIA",-120.43612562,34.92988682
6577735,2014,2014-09-02,4200,2014-07-17,1214,3683,14,4,5,4,4214,0,0,0,,0,080,"STORKE RD","MARKET PLACE DR",0.00,,Y,A,-,N,,,,,,,,,,Y,3,0,1,2,A,-,17,21451,A,N,D,C,A,A,H,-,A,A,0,,,,,Y,,A,01,0,1,0,0,0,0,0,0,0,"- ","- ",,,"SANTA BARBARA",GOLETA,-119.86977997,34.428660069999999
6577739,2014,2014-09-02,4200,2014-07-18,1551,4444,10,5,5,3,4205,0,0,0,,0,030,"CARPINTERIA AV","BAILARD AV",1320.00,E,N,A,-,N,,,,,,,,,,Y,4,0,1,1,A,-,08,22107,,N,E,I,A,A,H,-,A,D,0,,,,,Y,,A,07,0,0,1,0,0,0,0,0,0,"- ","- ",,,"SANTA BARBARA",CARPINTERIA,-119.49417647,34.386800289999996
6578765,2014,2014-08-14,4204,2014-07-21,1332,22104,94,1,5,5,4204,0,0,0,,0,003,"FOSTER RD","FOXENWOOD LN",0.00,,Y,A,-,N,,,,,,,,,,N,3,0,1,2,A,-,09,21802,A,N,D,G,A,A,H,-,A,A,0,,Y,,,Y,,L,04,0,1,0,0,0,0,1,0,0,"- ","- ",,,"SANTA BARBARA","SANTA MARIA",-120.43863985999999,34.883230070000003
6578833,2014,2016-04-05,4204,2014-06-12,2106,23656,10,4,5,5,4204,0,0,0,,0,001,BROADWAY,WILLIAMS,0.00,,Y,A,-,Y,SB,5,135,-,-,16.930,I,5,S,Y,2,0,2,2,A,-,03,22350,,N,D,C,A,A,H,-,A,A,0,,,Y,,Y,,C,02,1,0,1,0,0,0,0,0,1,"- ","- ",,,"SANTA BARBARA","SANTA MARIA",-120.43570962,34.969881819999998
6562802,2014,2016-04-04,4204,2014-06-12,0923,23656,37,4,5,5,4204,0,0,0,,0,002,MAIN,"RT 101",0.00,,Y,A,-,Y,SB,5,101,-,-,88.780,R,4,N,N,4,0,1,2,A,-,10,21950,A,N,G,B,B,A,H,-,A,A,0,Y,,,,Y,,A,01,0,0,1,0,1,0,0,0,0,"- ","- ",,,"SANTA BARBARA","SANTA MARIA",-120.4171954,34.955400529999999
6562806,2014,2014-08-12,4204,2014-06-11,1206,21513,53,3,5,5,4204,0,0,0,,0,002,"S MILLER","E BOONE",0.00,,Y,A,-,N,,,,,,,,,,N,4,0,2,2,A,-,03,22350,,N,C,C,A,A,H,-,A,A,0,,,,,Y,,A,01,0,0,2,0,0,0,0,0,0,"- ","- ",,,"SANTA BARBARA","SANTA MARIA",-120.43149991999999,34.946910080000002
6562810,2014,2014-08-12,4204,2014-06-15,1326,90082,68,7,5,5,4204,0,0,0,,0,B03,"ENOS DR",MILLER,0.00,,Y,A,-,N,,,,,,,,,,Y,4,0,1,2,A,-,09,21801,A,N,A,C,A,A,H,-,A,A,0,,,,,Y,,-,,0,0,1,0,0,0,0,0,0,"- ","- ",,,"SANTA BARBARA","SANTA MARIA",-120.43162998,34.934060070000001
6562818,2014,2014-08-12,4204,2014-06-13,0852,90232,59,5,5,5,4204,0,0,0,,0,002,"STOWELL RD","COLLEGE DR",0.00,,Y,B,-,N,,,,,,,,,,Y,3,0,1,2,A,-,12,21453,A,N,D,C,A,A,H,-,A,A,0,,,,,Y,,A,01,0,1,0,0,0,0,0,0,0,"- ","- ",,,"SANTA BARBARA","SANTA MARIA",-120.42487987,34.938390050000002
6562822,2014,2014-08-12,4204,2014-06-12,1440,18261,10,4,5,5,4204,0,0,0,,0,001,DONOVAN,"EAST ST",270.00,W,N,A,-,N,,,,,,,,,,N,4,0,1,2,A,-,05,21202,A,N,D,G,A,A,H,-,A,D,0,,Y,,,Y,,L,04,0,0,1,0,0,0,1,0,0,"- ","- ",,,"SANTA BARBARA","SANTA MARIA",-120.42826087,34.967673189999999
6562849,2014,2016-04-05,4204,2014-06-13,1728,90239,026,5,5,5,4204,0,0,0,,0,001,BROADWAY,"EL CAMINO",0.00,,Y,A,-,Y,SB,5,135,-,-,16.150,I,5,N,Y,4,0,1,2,A,-,03,22350,,N,C,C,A,A,H,-,A,A,0,,,,,Y,,A,01,0,0,1,0,0,0,0,0,0,"- ","- ",,,"SANTA BARBARA","SANTA MARIA",-120.43574362,34.958529820000003
6562880,2014,2014-07-24,4200,2014-04-28,1615,4658,14,1,5,4,4214,0,0,0,,0,080,"HILLVIEW DR","EVERGREEN DR",345.00,W,N,A,-,N,,,,,,,,,,N,4,0,1,2,A,-,09,21804,A,N,G,B,D,A,H,-,A,D,0,Y,,,,Y,,A,07,0,0,1,0,1,0,0,0,0,"- ","- ",,,"SANTA BARBARA",GOLETA,-119.88969,34.438400000000001
6564343,2014,2014-08-25,4203,2014-07-03,1126,2520,,4,5,5,4203,0,0,0,,0,001,"ALISOS ST","GUTIERREZ ST",0.00,,Y,A,-,N,,,,,,,,,,Y,3,0,1,2,A,-,09,21802,,N,D,C,A,A,H,-,A,D,0,,,,,Y,,-,,0,1,0,0,0,0,0,0,0,"- ","- ",34.250799999999998,-119.4024,"SANTA BARBARA","SANTA BARBARA",-119.68290997,34.426460089999999
6564347,2014,2016-05-03,4203,2014-07-07,0930,6114,24,1,5,5,4203,0,0,0,,0,006,"LAS POSITAS RD",MODOC,35.00,S,N,A,-,Y,SB,5,225,-,-,0.170,H,-,E,N,4,0,1,2,A,-,"- ",,,N,C,C,A,A,H,-,A,-,0,,,,,Y,,-,,0,0,1,0,0,0,0,0,0,"- ","- ",34.256,-119.4336,"SANTA BARBARA","SANTA BARBARA",-119.73490746,34.426101809999999
6564351,2014,2014-08-25,4203,2014-07-01,1215,4732,,2,5,5,4203,0,0,0,,0,002,"COAST VILLAGE RD","BUTTERFLY LN",5280.00,E,N,B,-,N,,,,,,,,,,N,4,0,1,2,A,-,03,22350,,N,C,C,A,A,H,-,A,D,0,,,,,Y,,-,,0,0,1,0,0,0,0,0,0,"- ","- ",34.251649999999998,-119.38466,"SANTA BARBARA","SANTA BARBARA",-119.64782,34.421419999999998
6564358,2014,2014-08-22,4203,2014-07-04,2139,6973,,5,5,5,4203,0,0,0,,0,006,"LA MARINA","DEL SOL AV",141.00,N,N,E,-,N,,,,,,,,,,Y,4,0,1,3,D,-,00,,,F,B,C,A,A,H,-,C,D,0,,,,,Y,Y,-,"- ",0,0,1,0,0,0,0,0,0,"- ","- ",34.400219999999997,-119.70459,"SANTA BARBARA","SANTA BARBARA",-119.70644776,34.401488659999998
6587536,2014,2016-05-03,4204,2014-07-30,1334,22113,33,3,5,5,4204,0,0,0,,0,002,MAIN,THORNBURG,0.00,,Y,A,-,Y,SB,5,166,-,-,7.630,I,5,W,Y,4,0,1,2,A,-,12,22450,A,F,D,C,A,A,H,-,A,A,0,,,,,Y,,-,,0,0,1,0,0,0,0,0,0,"- ","- ",,,"SANTA BARBARA","SANTA MARIA",-120.44020401,34.953239170000003
6587677,2014,2016-05-07,4204,2014-07-25,2139,90200,09,5,5,5,4204,0,0,0,,0,001,BROADWAY,WILLIAMS,336.00,S,N,A,-,Y,SB,5,135,-,-,16.870,H,-,N,N,2,0,1,2,A,-,09,21804,A,F,H,G,A,A,H,-,B,D,0,,Y,,,Y,Y,A,01,1,0,0,0,0,0,1,0,0,"- ","- ",,,"SANTA BARBARA","SANTA MARIA",-120.43556956,34.969026739999997
6587887,2014,2016-05-07,4204,2014-08-01,2206,90239,016,5,5,5,4204,0,0,0,,0,001,BROADWAY,"ALVIN AV",0.00,,Y,B,-,Y,SB,5,135,-,-,16.280,I,5,S,Y,4,0,1,2,A,-,12,21453,A,F,D,C,A,A,H,-,C,A,0,,,,,Y,Y,D,22,0,0,1,0,0,0,0,0,0,"- ","- ",,,"SANTA BARBARA","SANTA MARIA",-120.43582304,34.96047531
6587899,2014,2014-09-04,4204,2014-08-08,0545,90200,25,5,5,5,4204,0,0,0,,0,001,"BLOSSER RD",FESLER,0.00,,Y,B,-,N,,,,,,,,,,Y,4,0,2,2,A,-,09,21802,A,N,D,C,A,B,H,-,B,D,0,,,,,Y,,A,01,0,0,2,0,0,0,0,0,0,"- ","- ",,,"SANTA BARBARA","SANTA MARIA",-120.45355988,34.95696006
6587911,2014,2014-09-19,4204,2014-08-09,1139,23656,,6,5,5,4204,0,0,0,,0,,MILLER,"BETTERAVIA RD",0.00,,Y,A,-,N,,,,,,,,,,Y,4,0,2,4,A,-,01,23152,B,N,C,C,A,A,A,-,A,A,0,,,,,Y,Y,A,08,0,0,2,0,0,0,0,0,0,"- ","- ",,,"SANTA BARBARA","SANTA MARIA",-120.43128989,34.922600070000001
6588003,2014,2016-05-07,4204,2014-08-11,1404,19656,52,1,5,5,4204,0,0,0,,0,002,BROADWAY,BOONE,0.00,,Y,A,-,Y,SB,5,135,-,-,15.360,I,5,N,N,4,0,1,2,A,-,03,22350,,N,C,C,A,A,H,-,A,D,0,,,,,Y,,A,01,0,0,1,0,0,0,0,0,0,"- ","- ",,,"SANTA BARBARA","SANTA MARIA",-120.43590062,34.94714682
6588152,2014,2014-09-04,4204,2014-08-01,1054,90081,58,5,5,5,4204,0,0,0,,0,002,MILLER,"PARK AV",0.00,,Y,A,-,N,,,,,,,,,,N,4,0,1,2,A,-,05,21650,1,N,D,G,A,A,H,-,A,A,0,,Y,,,Y,,L,04,0,0,1,0,0,0,1,0,0,"- ","- ",,,"SANTA BARBARA","SANTA MARIA",-120.43141994,34.944400020000003
6588156,2014,2016-05-07,4204,2014-08-02,1426,22807,27,6,5,5,4204,0,0,0,,0,001,BROADWAY,TUNNELL,0.00,,Y,A,-,Y,SB,5,135,-,-,16.090,H,-,S,N,4,0,1,2,A,-,03,22350,,N,C,C,A,A,H,-,A,D,0,,,,,Y,,A,01,0,0,1,0,0,0,0,0,0,"- ","- ",,,"SANTA BARBARA","SANTA MARIA",-120.43586534000001,34.957656839999999
6588160,2014,2014-09-04,4204,2014-08-06,1751,23028,13,3,5,5,4204,0,0,0,,0,001,"WESTERN AV","ALVIN AV",0.00,,Y,A,-,N,,,,,,,,,,Y,4,0,1,2,A,-,12,22450,A,N,D,C,A,A,H,-,A,D,0,,,,,Y,,A,01,0,0,1,0,0,0,0,0,0,"- ","- ",,,"SANTA BARBARA","SANTA MARIA",-120.44923987999999,34.960550009999999
6588327,2014,2016-05-07,4204,2014-07-30,1210,90081,74,3,5,5,4204,0,0,0,,0,003,BROADWAY,"CARMEN LN",0.00,,Y,A,B,Y,SB,5,135,-,-,13.810,I,5,S,N,4,0,1,2,A,-,09,21800,A,N,D,-,A,A,H,-,A,A,0,,,,,Y,,A,01,0,0,1,0,0,0,0,0,0,"- ","- ",,,"SANTA BARBARA","SANTA MARIA",-120.43615162,34.924815819999999