CASE_ID,ACCIDENT_YEAR,PROC_DATE,JURIS,COLLISION_DATE,COLLISION_TIME,OFFICER_ID,REPORTING_DISTRICT,DAY_OF_WEEK,CHP_SHIFT,POPULATION,CNTY_CITY_LOC,SPECIAL_COND,BEAT_TYPE,CHP_BEAT_TYPE,CITY_DIVISION_LAPD,CHP_BEAT_CLASS,BEAT_NUMBER,PRIMARY_RD,SECONDARY_RD,DISTANCE,DIRECTION,INTERSECTION,WEATHER_1,WEATHER_2,STATE_HWY_IND,CALTRANS_COUNTY,CALTRANS_DISTRICT,STATE_ROUTE,ROUTE_SUFFIX,POSTMILE_PREFIX,POSTMILE,LOCATION_TYPE,RAMP_INTERSECTION,SIDE_OF_HWY,TOW_AWAY,COLLISION_SEVERITY,NUMBER_KILLED,NUMBER_INJURED,PARTY_COUNT,PRIMARY_COLL_FACTOR,PCF_CODE_OF_VIOL,PCF_VIOL_CATEGORY,PCF_VIOLATION,PCF_VIOL_SUBSECTION,HIT_AND_RUN,TYPE_OF_COLLISION,MVIW,PED_ACTION,ROAD_SURFACE,ROAD_COND_1,ROAD_COND_2,LIGHTING,CONTROL_DEVICE,CHP_ROAD_TYPE,PEDESTRIAN_ACCIDENT,BICYCLE_ACCIDENT,MOTORCYCLE_ACCIDENT,TRUCK_ACCIDENT,NOT_PRIVATE_PROPERTY,ALCOHOL_INVOLVED,STWD_VEHTYPE_AT_FAULT,CHP_VEHTYPE_AT_FAULT,COUNT_SEVERE_INJ,COUNT_VISIBLE_INJ,COUNT_COMPLAINT_PAIN,COUNT_PED_KILLED,COUNT_PED_INJURED,COUNT_BICYCLIST_KILLED,COUNT_BICYCLIST_INJURED,COUNT_MC_KILLED,COUNT_MC_INJURED,PRIMARY_RAMP,SECONDARY_RAMP,LATITUDE,LONGITUDE,COUNTY,CITY,POINT_X,POINT_Y
6588328,2014,2014-09-02,4202,2014-07-28,0657,292,,1,5,4,4202,0,0,0,,0,,"CHESTNUT AV","G ST",0.00,,Y,B,-,N,,,,,,,,,,Y,4,0,1,2,A,-,09,21802,A,N,D,C,A,B,H,-,B,A,0,,,,,Y,,A,01,0,0,1,0,0,0,0,0,0,"- ","- ",,,"SANTA BARBARA",LOMPOC,-120.45652991,34.642180080000003
6588332,2014,2016-05-04,4202,2014-07-20,2050,234,,7,5,4,4202,0,0,0,,0,,"RT 1","BARTON AV",8.00,W,N,A,-,Y,SB,5,1,-,-,21.810,I,5,N,N,3,0,1,2,A,-,"- ",,,N,D,G,A,A,H,-,C,A,0,,Y,,,Y,,A,01,0,1,0,0,0,0,1,0,0,"- ","- ",,,"SANTA BARBARA",LOMPOC,-120.45754789999999,34.657057139999999
6588505,2014,2016-05-04,9755,2014-07-20,1105,013618,,7,1,9,4200,0,1,3,,1,051,"RT 1","RT 101",31680.00,N,N,B,-,Y,SB,5,1,-,R,6.020,H,-,S,Y,3,0,1,1,A,-,08,22107,,N,E,I,A,A,H,-,A,D,0,,,,,Y,,A,01,0,1,0,0,0,0,0,0,0,"- ","- ",34.517919999999997,-120.32452000000001,"SANTA BARBARA",UNINCORPORATED,-120.32504229,34.517946739999999
6588509,2014,2016-05-09,9755,2014-07-16,0700,016999,,3,1,9,4200,0,1,2,,2,004,"RT 101","RT 1",8448.00,S,N,E,-,Y,SB,5,101,-,R,47.250,H,-,S,N,4,0,1,1,A,-,03,22350,,N,E,I,A,B,H,-,A,D,1,,,,,Y,,A,01,0,0,1,0,0,0,0,0,0,"- ","- ",34.498570000000001,-120.23102,"SANTA BARBARA",UNINCORPORATED,-120.22625123,34.489196849999999
6588513,2014,2016-05-03,9755,2014-07-12,0103,018991,,6,3,9,4200,0,1,3,,1,042,"RT 154","ARMOUR RANCH RD",20592.00,E,N,A,-,Y,SB,5,154,-,R,13.940,H,-,E,Y,4,0,1,1,A,-,08,22107,,N,E,I,A,A,H,-,D,D,0,,,,,Y,,A,07,0,0,1,0,0,0,0,0,0,"- ","- ",34.57385,-119.96737,"SANTA BARBARA",UNINCORPORATED,-119.9700715,34.574916160000001
6588517,2014,2016-01-13,9755,2014-07-20,1440,017884,,7,2,9,4200,0,3,5,,2,050,"JALAMA RD","RT 1",63360.00,W,N,A,-,N,,,,,,,,,,Y,3,0,1,1,A,-,03,22350,,N,F,A,A,A,H,-,A,D,0,,,Y,,Y,,C,02,0,1,0,0,0,0,0,0,1,"- ","- ",34.513489999999997,-120.48915,"SANTA BARBARA",UNINCORPORATED,-120.48905404,34.513533930000001
6588521,2014,2016-05-03,9755,2014-07-26,1415,019800,,6,2,9,4200,0,1,3,,1,042,"RT 154","FOXEN CANYON RD",0.00,,Y,A,-,Y,SB,5,154,-,R,2.386,I,5,E,Y,3,0,4,3,A,-,09,21802,A,N,D,C,A,A,H,-,A,A,0,,,,,Y,,A,01,0,1,3,0,0,0,0,0,0,"- ","- ",34.667619999999999,-120.12278999999999,"SANTA BARBARA",UNINCORPORATED,-120.12294899,34.668047600000001
6588549,2014,2014-08-29,9755,2014-07-29,1545,017967,,2,2,9,4200,0,3,5,,2,050,"FLORADALE AV","CENTRAL AV",15.00,S,N,A,-,N,,,,,,,,,,Y,4,0,1,1,A,-,03,22350,,N,F,I,A,A,H,-,A,A,0,,,Y,,Y,,C,02,0,0,1,0,0,0,0,0,1,"- ","- ",34.661520000000003,-120.49272999999999,"SANTA BARBARA",UNINCORPORATED,-120.49285999999999,34.661168799999999
6588553,2014,2016-05-09,9755,2014-07-29,0137,019800,,2,3,9,4200,0,1,2,,2,004,"RT 101","DAMASSA RD",1056.00,N,N,A,-,Y,SB,5,101,-,R,57.750,H,-,N,Y,2,0,2,1,A,-,08,22107,,N,E,I,A,A,H,-,D,D,1,,,,,Y,,A,01,1,0,1,0,0,0,0,0,0,"- ","- ",34.624009999999998,-120.10075000000001,"SANTA BARBARA",UNINCORPORATED,-120.18916492,34.621294409999997
6589068,2014,2014-09-09,4203,2014-08-02,1929,6983,,6,5,5,4203,0,0,0,,0,004,"DE LA VINA ST","PADRE ST",49.00,N,N,A,-,N,,,,,,,,,,Y,3,0,2,2,A,-,08,22107,,N,B,E,A,A,H,-,A,D,0,,,,,Y,,-,,0,2,0,0,0,0,0,0,0,"- ","- ",,,"SANTA BARBARA","SANTA BARBARA",-119.71832748999999,34.429792859999999
6589070,2014,2014-09-09,4203,2014-08-03,1408,6968,11,7,5,5,4203,0,0,0,,0,002,"S MILPAS ST","CACIQUE ST",69.00,N,N,A,-,N,,,,,,,,,,Y,3,0,2,2,A,-,09,21804,A,N,D,C,A,A,H,-,A,D,0,,,,,Y,,-,,0,1,1,0,0,0,0,0,0,"- ","- ",34.251130000000003,-119.40351,"SANTA BARBARA","SANTA BARBARA",-119.67652316,34.419893690000002
6589071,2014,2014-09-05,4203,2014-08-06,1756,2264,,3,5,5,4203,0,0,0,,0,006,"LA CORONILLA DR","LA CRESTA CIR",0.00,,Y,A,-,N,,,,,,,,,,Y,3,0,3,1,A,-,01,23153,A,N,E,I,A,A,H,-,-,A,0,,,,,Y,Y,-,,0,3,0,0,0,0,0,0,0,"- ","- ",,,"SANTA BARBARA","SANTA BARBARA",-119.71464997,34.406180040000002
6589535,2014,2014-09-04,9760,2014-08-03,1355,017674,,7,1,9,4200,0,3,5,,2,002,"HOLLISTER AV","MODOC RD",100.00,W,N,B,-,N,,,,,,,,,,N,4,0,1,3,A,-,03,22350,,N,C,C,A,A,-,-,A,A,0,,,,,Y,,D,22,0,0,1,0,0,0,0,0,0,"- ","- ",34.440060000000003,-119.77074,"SANTA BARBARA",UNINCORPORATED,-119.77036289999999,34.440128170000001
6589579,2014,2016-05-04,9760,2014-07-19,0515,018490,,6,3,9,4200,0,1,2,,1,030,"RT 101","DOS PUEBLOS CANYON RD",3696.00,S,N,A,-,Y,SB,5,101,-,-,29.360,H,-,S,Y,2,0,1,1,A,-,08,22107,,N,E,I,A,A,H,-,D,D,5,,,,,Y,,D,22,1,0,0,0,0,0,0,0,0,"- ","- ",34.440440000000002,-119.94252,"SANTA BARBARA",UNINCORPORATED,-119.94893811999999,34.442006040000003
6589583,2014,2016-05-09,9760,2014-08-11,1620,17662,,1,2,9,4200,0,1,2,,2,010,"RT 101","SAN YSIDRO RD",1056.00,S,N,A,-,Y,SB,5,101,-,-,9.820,H,-,N,N,4,0,1,3,A,-,03,22350,,N,C,C,A,A,H,-,A,D,1,,,,,Y,,A,07,0,0,1,0,0,0,0,0,0,"- ","- ",34.421410000000002,-119.62772,"SANTA BARBARA",UNINCORPORATED,-119.62817518999999,34.421459489999997
6589599,2014,2016-05-03,9760,2014-07-30,1540,017662,,3,2,9,4200,0,3,5,,2,001,"SAN YSIDRO RD","RT 192",80.00,S,N,A,-,Y,SB,5,192,-,-,8.820,I,6,E,Y,4,0,1,2,A,-,05,21460,A,N,D,C,A,A,H,-,A,A,0,,,,,Y,,A,01,0,0,1,0,0,0,0,0,0,"- ","- ",34.436549999999997,-119.63218000000001,"SANTA BARBARA",UNINCORPORATED,-119.63220482,34.437002290000002
6589702,2014,2014-09-04,9760,2014-08-01,1240,18019,,5,1,9,4200,0,3,5,,2,002,"CALLE REAL","CAMINO DEL REMEDIO",0.00,,Y,A,-,N,,,,,,,,,,N,4,0,1,2,A,-,09,21802,A,N,D,C,A,A,H,-,A,D,0,,,,,Y,,A,01,0,0,1,0,0,0,0,0,0,"- ","- ",34.442630000000001,-119.79976000000001,"SANTA BARBARA",UNINCORPORATED,-119.77949999000001,34.442420060000003
6589706,2014,2016-05-09,9760,2014-08-05,0735,17097,,2,1,9,4200,0,1,2,,2,010,"RT 101","BATES RD",300.00,N,N,B,-,Y,SB,5,101,-,R,0.160,H,-,S,Y,3,0,1,1,A,-,08,22107,,N,E,I,A,A,H,-,A,D,1,,,,,Y,,A,07,0,1,0,0,0,0,0,0,0,"- ","- ",34.376860000000001,-119.47919,"SANTA BARBARA",UNINCORPORATED,-119.48029801,34.377793500000003
6589708,2014,2015-12-03,9760,2014-08-03,1415,17674,,7,2,9,4200,0,3,5,,2,002,"CALLE REAL","OLD MILL RD",15.00,E,N,B,-,N,,,,,,,,,,Y,4,0,1,2,A,-,03,22350,,N,C,C,A,A,-,-,A,A,0,,,,,Y,,A,07,0,0,1,0,0,0,0,0,0,"- ","- ",34.441450000000003,-119.76449,"SANTA BARBARA",UNINCORPORATED,-119.76460032999999,34.441311659999997
6589741,2014,2016-05-09,9760,2014-08-07,1720,17314,,4,2,4,4214,0,1,2,,2,020,"RT 101","RT 217",1250.00,N,N,A,-,Y,SB,5,101,-,-,21.650,H,-,S,Y,3,0,1,2,A,-,08,22107,,N,D,C,A,A,H,-,A,D,1,,,,,Y,Y,A,01,0,1,0,0,0,0,0,0,0,"- ","- ",34.440890000000003,-119.81738,"SANTA BARBARA",GOLETA,-119.81697054,34.440876930000002
6589745,2014,2014-09-04,9760,2014-08-03,0825,18019,,7,1,9,4200,0,3,5,,2,001,"MISSION CANYON RD","MOUNTAIN DR",284.00,N,N,C,-,N,,,,,,,,,,Y,3,0,1,1,C,-,18,,,N,E,I,A,B,H,-,A,D,0,,,,,Y,,-,"- ",0,1,0,0,0,0,0,0,0,"- ","- ",34.441029999999998,-119.71223000000001,"SANTA BARBARA",UNINCORPORATED,-119.71302806,34.440984450000002
6589749,2014,2016-05-09,9760,2014-08-11,0815,17097,,1,1,5,4203,0,1,2,,2,020,"RT 101","LA CUMBRE RD",50.00,S,N,A,-,Y,SB,5,101,-,-,17.640,R,1,S,Y,3,0,1,1,A,-,08,22107,,N,F,A,A,A,H,-,A,D,1,,,Y,,Y,,C,02,0,1,0,0,0,0,0,0,1,FR,"- ",34.436320000000002,-119.7517,"SANTA BARBARA","SANTA BARBARA",-119.74994408000001,34.435164729999997
6589753,2014,2016-05-03,9760,2014-08-10,1315,17674,,7,1,9,4200,0,1,3,,1,022,"RT 154","CATHEDRAL OAKS RD",1314.00,E,N,A,-,Y,SB,5,154,-,R,31.820,H,-,W,Y,2,0,4,2,A,-,05,21460,A,N,D,C,A,A,H,-,A,D,1,,,,,Y,,A,01,1,2,1,0,0,0,0,0,0,"- ","- ",34.448230000000002,-119.75991,"SANTA BARBARA",UNINCORPORATED,-119.7600187,34.447837059999998
6565253,2014,2014-08-26,4200,2014-07-04,1807,3875,6,5,5,2,4206,0,0,0,,0,,"VIBORG RD","ALISAL RD",215.00,W,N,A,-,N,,,,,,,,,,Y,3,0,1,2,A,-,03,22350,,N,B,E,A,-,H,-,B,D,0,,,,,Y,,A,01,0,1,0,0,0,0,0,0,0,"- ","- ",,,"SANTA BARBARA",SOLVANG,-120.13390887,34.60586825
6595659,2014,2016-05-09,4200,2014-07-26,0954,3738,,6,5,2,4212,0,0,0,,0,,"AVENUE OF THE FLAGS","RT 101",0.00,,Y,A,-,Y,SB,5,101,-,R,57.780,R,4,S,N,4,0,1,2,A,-,09,21800,A,N,D,C,A,A,H,-,A,D,0,,,,,Y,,-,,0,0,1,0,0,0,0,0,0,"- ","- ",,,"SANTA BARBARA",BUELLTON,-120.18941818,34.621732029999997
6595800,2014,2016-05-04,9750,2014-08-05,1653,15334,,2,2,9,4200,0,1,3,,1,022,"RT 1","GRACIOSA RD",1056.00,S,N,A,-,Y,SB,5,1,-,R,31.570,H,-,S,Y,3,0,1,1,A,-,08,22107,,N,F,A,A,A,H,-,A,D,0,,,,,Y,,A,08,0,1,0,0,0,0,0,0,0,"- ","- ",34.807479999999998,-120.44641,"SANTA BARBARA",UNINCORPORATED,-120.44663955999999,34.808106729999999
6596342,2014,2015-05-19,4200,2014-08-11,1706,4246,10,1,5,3,4205,0,0,0,,0,030,"VIA REAL","SANTA MONICA",447.00,W,N,A,-,N,,,,,,,,,,Y,4,0,1,2,A,-,09,21801,A,N,D,C,A,A,H,-,A,D,0,,,,,Y,,A,01,0,0,1,0,0,0,0,0,0,"- ","- ",,,"SANTA BARBARA",CARPINTERIA,-119.53162408999999,34.404558610000002
6597320,2014,2016-05-04,4202,2014-08-02,1319,10112,LOMPO,6,5,4,4202,0,0,0,,0,,"N H ST","W NORTH AV",0.00,,Y,A,-,Y,SB,5,1,-,-,21.559,I,5,S,Y,4,0,1,2,A,-,04,21703,,N,C,C,A,A,H,-,A,A,0,,,,,Y,,D,22,0,0,1,0,0,0,0,0,0,"- ","- ",,,"SANTA BARBARA",LOMPOC,-120.45779927,34.653411269999999
6597397,2014,2014-09-24,4204,2014-08-08,1856,90241,89,5,5,5,4204,0,0,0,,0,003,"SANTA MARIA WY",MILLER,0.00,,Y,A,-,N,,,,,,,,,,Y,4,0,2,2,A,-,12,21453,A,N,D,C,A,A,H,-,A,A,0,,,,,Y,,-,"- ",0,0,2,0,0,0,0,0,0,"- ","- ",,,"SANTA BARBARA","SANTA MARIA",-120.43414989,34.90955005
6597532,2014,2014-08-26,4204,2014-07-30,1318,90081,78,3,5,5,4204,0,0,0,,0,003,"BETTERAVIA RD",MILLER,75.00,W,N,A,-,N,,,,,,,,,,N,4,0,1,2,A,-,03,22350,,N,C,C,A,A,H,-,A,A,0,,,,,Y,,A,01,0,0,1,0,0,0,0,0,0,"- ","- ",,,"SANTA BARBARA","SANTA MARIA",-120.4315038,34.922493099999997
6597536,2014,2014-08-26,4204,2014-07-31,1741,90272,60,4,5,5,4204,0,0,0,,0,002,"BLOSSER RD",STOWELL,60.00,S,N,A,-,N,,,,,,,,,,N,4,0,1,2,A,-,03,22350,,N,C,C,A,A,H,-,A,A,0,,,,,Y,,A,01,0,0,1,0,0,0,0,0,0,"- ","- ",,,"SANTA BARBARA","SANTA MARIA",-120.4539,34.938615200000001
6597766,2014,2014-09-11,4204,2014-08-12,0548,22491,56,2,5,5,4204,0,0,0,,0,002,"MORRISON AV",SMITH,0.00,,Y,A,-,N,,,,,,,,,,N,3,0,2,2,A,-,09,21804,A,N,D,C,A,A,H,-,A,A,0,,,,,Y,,A,01,0,1,1,0,0,0,0,0,0,"- ","- ",,,"SANTA BARBARA","SANTA MARIA",-120.44264986,34.943200019999999
6598379,2014,2014-09-06,9760,2014-08-06,0950,014690,,3,1,9,4200,0,3,5,,2,001,"HOT SPRINGS RD","RIVEN ROCK RD",0.00,,Y,A,-,N,,,,,,,,,,Y,3,0,1,2,A,-,09,21801,A,N,D,C,A,A,H,-,A,D,0,,,Y,,Y,,D,22,0,1,0,0,0,0,0,0,0,"- ","- ",34.442639999999997,-119.64269,"SANTA BARBARA",UNINCORPORATED,-119.64270995,34.4423101
6598641,2014,2014-09-08,4203,2014-08-12,1521,6700,50,2,5,5,4203,0,0,0,,0,005,"SANTA BARBARA ST","CONSTANCE AV",0.00,,Y,A,-,N,,,,,,,,,,Y,3,0,1,1,A,-,08,22100,B,N,A,I,A,A,H,-,A,A,0,,,,,Y,,A,01,0,1,0,0,0,0,0,0,0,"- ","- ",34.26182,-119.43109,"SANTA BARBARA","SANTA BARBARA",-119.71965994999999,34.438330020000002
6589793,2014,2016-05-09,9760,2014-08-12,1725,017097,,2,2,9,4200,0,1,2,,2,010,"RT 101","SOUTH PADARO LN",200.00,N,N,A,-,Y,SB,5,101,-,R,5.350,H,-,S,Y,4,0,6,3,A,-,03,22350,,N,C,C,A,A,H,-,A,D,1,,,,,Y,,A,07,0,0,6,0,0,0,0,0,0,"- ","- ",34.411169999999998,-119.55362,"SANTA BARBARA",UNINCORPORATED,-119.55385118,34.411303519999997
6589802,2014,2016-05-07,9750,2014-08-05,1514,014358,,2,2,9,4200,0,1,3,,1,021,"RT 135","RICE RANCH RD",92.00,S,N,A,-,Y,SB,5,135,-,R,9.980,H,-,S,Y,2,0,1,1,A,-,03,22350,,N,E,J,A,A,H,-,A,D,5,,,Y,,Y,,C,02,1,0,0,0,0,0,0,0,1,"- ","- ",34.859119999999997,-120.43929,"SANTA BARBARA",UNINCORPORATED,-120.43917620000001,34.859217229999999
6589923,2014,2014-08-25,9760,2014-07-26,2208,19464,,6,3,9,4200,0,3,5,,2,005,"PARDALL RD","EMBARCADERO DEL NORTE",0.00,,Y,A,-,N,,,,,,,,,,N,4,0,1,2,A,-,09,21801,A,N,D,G,A,A,H,-,C,A,0,,Y,,,Y,,A,01,0,0,1,0,0,0,1,0,0,"- ","- ",34.4131,-119.85532000000001,"SANTA BARBARA",UNINCORPORATED,-119.85538993999999,34.413090050000001
6589937,2014,2016-05-09,9760,2014-07-28,2245,018803,,1,3,9,4200,0,1,2,,2,010,"RT 101","SAN YSIDRO RD",369.00,N,N,A,-,Y,SB,5,101,-,-,10.090,H,-,S,Y,4,0,1,1,A,-,01,23152,E,N,E,I,A,A,H,-,C,D,1,,,,,Y,,A,01,0,0,1,0,0,0,0,0,0,"- ","- ",34.422409999999999,-119.63162,"SANTA BARBARA",UNINCORPORATED,-119.63265938000001,34.422540300000001
6590108,2014,2014-08-25,9755,2014-07-18,2115,018991,,5,2,9,4200,0,3,5,,2,040,"ZACA STATION RD","RT 154",10296.00,N,N,A,-,N,,,,,,,,,,Y,4,0,1,1,A,-,08,22107,,N,E,I,A,A,H,-,D,D,0,,,,,Y,,D,22,0,0,1,0,0,0,0,0,0,"- ","- ",34.709580000000003,-120.14328,"SANTA BARBARA",UNINCORPORATED,-120.14224839000001,34.710928250000002
6590132,2014,2016-05-03,9755,2014-07-30,1330,013618,,3,1,9,4200,0,1,3,,1,053,"RT 246","CAMPBELL RD",2376.00,E,N,A,-,Y,SB,5,246,-,R,18.620,H,-,W,Y,4,0,3,2,A,-,16,24002,A,N,H,C,A,A,H,-,A,D,0,,,,,Y,,D,22,0,0,3,0,0,0,0,0,0,"- ","- ",34.648629999999997,-120.30849000000001,"SANTA BARBARA",UNINCORPORATED,-120.30840909,34.648578860000001
6592284,2014,2014-09-02,9750,2014-07-26,1222,16469,,6,1,9,4200,0,2,4,,1,024,"BRADLEY RD","DEL LAGO DR",299.00,S,N,A,-,N,,,,,,,,,,N,3,0,1,1,A,-,08,22107,,N,E,I,A,A,H,-,A,D,0,,,Y,,Y,,C,02,0,1,0,0,0,0,0,0,1,"- ","- ",34.889229999999998,-120.41977,"SANTA BARBARA",UNINCORPORATED,-120.41956992999999,34.88922994
6592322,2014,2014-09-02,4204,2014-07-27,2136,90200,66,7,5,5,4204,0,0,0,,0,003,"BISCAYNE STREET","SONYA LN",363.00,N,N,A,-,N,,,,,,,,,,N,4,0,1,2,A,-,16,24002,,N,D,E,A,A,H,-,C,D,0,,,,,Y,,A,01,0,0,1,0,0,0,0,0,0,"- ","- ",,,"SANTA BARBARA","SANTA MARIA",-120.45241366,34.928846970000002
6592334,2014,2016-05-03,4204,2014-07-30,1718,23332,47,3,5,5,4204,0,0,0,,0,002,"MAIN ST",CONCEPCION,208.00,W,N,A,-,Y,SB,5,166,-,-,8.590,H,-,E,Y,4,0,1,2,A,-,09,21804,,N,A,C,A,A,H,-,A,A,0,,,,,Y,,A,01,0,0,1,0,0,0,0,0,0,"- ","- ",,,"SANTA BARBARA","SANTA MARIA",-120.42333802,34.953040919999999
6592636,2014,2016-05-03,9755,2014-08-07,0915,012826,,4,1,9,4200,0,1,3,,1,042,"RT 154","CACHUMA LAKE ENTRANCE",10560.00,E,N,A,-,Y,SB,5,154,-,-,16.700,H,-,W,Y,3,0,1,1,A,-,08,22107,,N,E,I,A,A,H,-,A,D,0,,,,,Y,,A,01,0,1,0,0,0,0,0,0,0,"- ","- ",34.56259,-119.93002,"SANTA BARBARA",UNINCORPORATED,-119.92902214999999,34.562331460000003
6592736,2014,2015-04-17,9750,2014-07-31,1155,17267,,4,1,9,4200,0,3,5,,2,020,"HARRIS GRADE RD","RT 135",5808.00,S,N,A,-,N,,,,,,,,,,Y,4,0,1,1,A,-,03,22350,,N,F,A,A,A,H,-,A,D,0,,,,,Y,,A,01,0,0,1,0,0,0,0,0,0,"- ","- ",34.75347,-120.43264000000001,"SANTA BARBARA",UNINCORPORATED,-120.43220101,34.755759210000001
6579743,2014,2015-04-06,9760,2014-06-27,1810,018583,,5,2,9,4200,0,3,5,,2,001,"SYCAMORE CANYON RD","COLD SPRINGS RD",0.00,,Y,A,-,N,,,,,,,,,,N,4,0,1,2,A,-,12,22450,A,N,D,C,A,A,H,-,A,A,0,,,,,Y,,A,01,0,0,1,0,0,0,0,0,0,"- ","- ",34.4407,-119.65929,"SANTA BARBARA",UNINCORPORATED,-119.65929986,34.440710090000003
6579761,2014,2014-08-29,9750,2014-07-16,0526,014820,,3,3,9,4200,0,3,5,,2,020,"UNION VALLEY PKWY","ORCUTT RD",0.00,,Y,A,-,N,,,,,,,,,,Y,4,0,2,2,D,-,00,,,N,D,C,A,A,H,-,B,D,0,,,,,Y,,-,"- ",0,0,2,0,0,0,0,0,0,"- ","- ",34.87932,-120.43497000000001,"SANTA BARBARA",UNINCORPORATED,-120.43504987,34.879519999999999
6579777,2014,2014-08-29,9750,2014-07-24,0902,014820,,4,1,9,4200,0,2,4,,1,024,"LAKEVIEW RD","HILLVIEW RD",46.00,E,N,A,-,N,,,,,,,,,,N,4,0,1,2,A,-,03,22350,,N,C,C,A,A,H,-,A,D,0,,,,,Y,,A,01,0,0,1,0,0,0,0,0,0,"- ","- ",34.894500000000001,-120.42519,"SANTA BARBARA",UNINCORPORATED,-120.42505667,34.894492130000003
6580441,2014,2016-05-07,4204,2014-07-06,2235,90241,2,7,5,5,4204,0,0,0,,0,057,BROADWAY,LIBERTY,0.00,,Y,A,-,Y,SB,5,135,-,-,14.820,I,5,N,N,4,0,1,2,A,-,21,22106,,N,C,C,A,A,H,-,C,D,0,,,,,Y,,A,01,0,0,1,0,0,0,0,0,0,"- ","- ",,,"SANTA BARBARA","SANTA MARIA",-120.4359437,34.939111089999997
6580606,2014,2014-09-02,9760,2014-07-23,1815,18754,,3,2,5,4203,0,3,5,,2,001,"SYCAMORE CANYON RD","HOT SPRINGS RD",528.00,N,N,A,-,N,,,,,,,,,,Y,3,0,1,2,A,-,08,22107,,N,F,I,A,A,H,-,A,D,0,,,Y,,Y,Y,C,02,0,1,0,0,0,0,0,0,1,"- ","- ",34.43141,-119.64532,"SANTA BARBARA","SANTA BARBARA",-119.64503569999999,34.430153660000002
6580691,2014,2016-05-09,9760,2014-07-26,1704,18431,,6,2,4,4214,0,1,2,,1,030,"RT 101","LOS CARNEROS RD",1000.00,N,N,A,-,Y,SB,5,101,-,-,23.910,H,-,S,Y,4,0,1,3,A,-,04,21703,,N,-,-,A,A,H,-,A,-,1,,,,,Y,,A,01,0,0,1,0,0,0,0,0,0,"- ","- ",34.43683,-119.85765000000001,"SANTA BARBARA",GOLETA,-119.85628772,34.437056650000002
6580693,2014,2016-05-09,9760,2014-07-24,1125,16739,,4,1,9,4200,0,1,2,,1,040,"RT 101","ARROYO QUEMADO BRIDGE",2640.00,N,N,A,-,Y,SB,5,101,-,-,39.250,H,-,S,Y,2,0,2,2,A,-,07,21658,A,N,B,C,A,A,H,-,A,D,5,,,Y,,Y,,A,01,1,1,0,0,0,0,0,0,2,"- ","- ",34.47063,-120.11569,"SANTA BARBARA",UNINCORPORATED,-120.11079788000001,34.468366580000001
6580793,2014,2014-08-08,4204,2014-02-27,1811,90228,67,4,5,5,4204,0,0,0,,0,003,DEPOT,"ENOS DR",0.00,,Y,B,-,N,,,,,,,,,,N,4,0,1,2,A,-,08,22107,,N,D,C,A,B,H,-,C,D,0,,,,,Y,,A,01,0,0,1,0,0,0,0,0,0,"- ","- ",,,"SANTA BARBARA","SANTA MARIA",-120.44475991,34.934670009999998
6581219,2014,2016-05-09,9760,2014-07-26,1500,019446,,6,2,9,4200,0,1,2,,2,010,"RT 101","SAN YSIDRO RD",250.00,S,N,A,-,Y,SB,5,101,-,-,9.970,H,-,S,Y,4,0,1,3,A,-,03,22350,,N,C,C,A,A,H,-,A,A,1,,,,,Y,,A,07,0,0,1,0,0,0,0,0,0,"- ","- ",34.4223,-119.6305,"SANTA BARBARA",UNINCORPORATED,-119.63067411999999,34.422066139999998
6624707,2014,2016-05-03,9760,2014-08-23,2043,18491,,6,2,5,4203,0,1,3,,1,022,"RT 154","PAINTED CAVE RD",2200.00,E,N,A,-,Y,SB,5,154,-,-,27.110,H,-,W,Y,3,0,2,2,A,-,01,23152,A,N,E,I,A,A,H,-,D,D,0,,,,,Y,Y,D,22,0,2,0,0,0,0,0,0,0,"- ","- ",34.486710000000002,-119.79024,"SANTA BARBARA","SANTA BARBARA",-119.79086713,34.486844329999997
6624727,2014,2016-01-15,9755,2014-09-01,1247,017910,,1,1,9,4200,0,3,5,,2,050,"JALAMA RD","RT 1",63360.00,W,N,A,-,N,,,,,,,,,,Y,3,0,2,1,A,-,08,22107,,N,E,I,A,A,H,-,A,D,0,,,,,Y,,D,22,0,1,1,0,0,0,0,0,0,"- ","- ",34.513069999999999,-120.40904,"SANTA BARBARA",UNINCORPORATED,-120.48905404,34.513533930000001
6598645,2014,2014-09-08,4203,2014-08-12,1231,2661,,2,5,5,4203,0,0,0,,0,006,"CLIFF DR","OLIVER RD",0.00,,Y,A,-,N,,,,,,,,,,Y,4,0,1,1,C,-,18,,,N,E,I,A,A,H,-,A,D,0,,,,,Y,,-,"- ",0,0,1,0,0,0,0,0,0,"- ","- ",34.244,-119.4335,"SANTA BARBARA","SANTA BARBARA",-119.72601998,34.402450039999998