CASE_ID,ACCIDENT_YEAR,PROC_DATE,JURIS,COLLISION_DATE,COLLISION_TIME,OFFICER_ID,REPORTING_DISTRICT,DAY_OF_WEEK,CHP_SHIFT,POPULATION,CNTY_CITY_LOC,SPECIAL_COND,BEAT_TYPE,CHP_BEAT_TYPE,CITY_DIVISION_LAPD,CHP_BEAT_CLASS,BEAT_NUMBER,PRIMARY_RD,SECONDARY_RD,DISTANCE,DIRECTION,INTERSECTION,WEATHER_1,WEATHER_2,STATE_HWY_IND,CALTRANS_COUNTY,CALTRANS_DISTRICT,STATE_ROUTE,ROUTE_SUFFIX,POSTMILE_PREFIX,POSTMILE,LOCATION_TYPE,RAMP_INTERSECTION,SIDE_OF_HWY,TOW_AWAY,COLLISION_SEVERITY,NUMBER_KILLED,NUMBER_INJURED,PARTY_COUNT,PRIMARY_COLL_FACTOR,PCF_CODE_OF_VIOL,PCF_VIOL_CATEGORY,PCF_VIOLATION,PCF_VIOL_SUBSECTION,HIT_AND_RUN,TYPE_OF_COLLISION,MVIW,PED_ACTION,ROAD_SURFACE,ROAD_COND_1,ROAD_COND_2,LIGHTING,CONTROL_DEVICE,CHP_ROAD_TYPE,PEDESTRIAN_ACCIDENT,BICYCLE_ACCIDENT,MOTORCYCLE_ACCIDENT,TRUCK_ACCIDENT,NOT_PRIVATE_PROPERTY,ALCOHOL_INVOLVED,STWD_VEHTYPE_AT_FAULT,CHP_VEHTYPE_AT_FAULT,COUNT_SEVERE_INJ,COUNT_VISIBLE_INJ,COUNT_COMPLAINT_PAIN,COUNT_PED_KILLED,COUNT_PED_INJURED,COUNT_BICYCLIST_KILLED,COUNT_BICYCLIST_INJURED,COUNT_MC_KILLED,COUNT_MC_INJURED,PRIMARY_RAMP,SECONDARY_RAMP,LATITUDE,LONGITUDE,COUNTY,CITY,POINT_X,POINT_Y
6598649,2014,2014-09-08,4203,2014-08-05,1538,6048,,2,5,5,4203,0,0,0,,0,005,"STATE ST","ALAMAR AV",0.00,,Y,A,-,N,,,,,,,,,,Y,4,0,1,2,A,-,12,21453,A,N,D,C,A,A,H,-,A,-,0,,,,,Y,,-,,0,0,1,0,0,0,0,0,0,"- ","- ",34.261839999999999,-119.43285,"SANTA BARBARA","SANTA BARBARA",-119.72476989,34.438540029999999
6598653,2014,2014-09-24,4203,2014-08-05,1929,4732,,2,5,5,4203,0,0,0,,0,003,"STATE ST","MICHELTORENA ST",43.00,S,N,A,-,N,,,,,,,,,,N,3,0,1,1,B,-,22,,,N,E,-,A,A,H,-,A,D,0,,Y,,,Y,Y,L,04,0,1,0,0,0,0,1,0,0,"- ","- ",34.253410000000002,-119.4229,"SANTA BARBARA","SANTA BARBARA",-119.70821259,34.426092429999997
6598657,2014,2014-09-08,4203,2014-08-05,1745,7187,,2,5,5,4203,0,0,0,,0,006,"MICHELTORENA ST","SAN ANDRES ST",36.00,E,N,A,-,N,,,,,,,,,,N,4,0,1,2,A,-,03,22350,,N,C,C,A,A,H,-,A,A,0,,,,,Y,,-,,0,0,1,0,0,0,0,0,0,"- ","- ",34.418889999999998,-119.71602,"SANTA BARBARA","SANTA BARBARA",-119.71609912,34.418852649999998
6598665,2014,2014-09-08,4203,2014-08-11,1453,2520,4203,1,5,5,4203,0,0,0,,0,004,"CARRILLO ST","DE LA VINA ST",0.00,,Y,A,-,N,,,,,,,,,,N,4,0,4,2,A,-,03,22350,,N,C,C,A,A,H,-,A,A,0,,,,,Y,,-,,0,0,4,0,0,0,0,0,0,"- ","- ",,,"SANTA BARBARA","SANTA BARBARA",-119.70413992,34.419350080000001
6598698,2014,2014-09-25,4203,2014-08-04,1610,6978,12,1,5,5,4203,0,0,0,,0,002,"QUINIENTOS ST","CALLE CESAR CHAVEZ",24.00,E,N,A,-,N,,,,,,,,,,N,3,0,1,2,A,-,08,22100,B,N,A,C,A,A,H,-,A,-,0,,,Y,,Y,,A,01,0,1,0,0,0,0,0,0,1,"- ","- ",34.250660000000003,-119.40558,"SANTA BARBARA","SANTA BARBARA",-119.68224678999999,34.418518970000001
6598891,2014,2014-08-29,4204,2014-07-26,1404,90241,1,6,5,5,4204,0,0,0,,0,001,"BLOSSER RD",CANAL,360.00,S,N,A,-,N,,,,,,,,,,N,3,0,2,1,A,-,03,22350,,N,F,I,A,A,H,-,A,D,0,,,,,Y,,A,01,0,2,0,0,0,0,0,0,0,"- ","- ",,,"SANTA BARBARA","SANTA MARIA",-120.45321864,34.980584
6599937,2014,2016-05-07,4204,2014-08-18,1740,90273,33,1,5,5,4204,0,0,0,,0,002,BROADWAY,CHAPEL,0.00,,Y,A,-,Y,SB,5,135,-,-,15.850,I,5,N,Y,3,0,1,2,A,-,09,21801,A,N,D,C,A,A,H,-,A,D,0,,,,,Y,,D,22,0,1,0,0,0,0,0,0,0,"- ","- ",,,"SANTA BARBARA","SANTA MARIA",-120.43579244999999,34.954206139999997
6599974,2014,2016-05-03,4202,2014-08-21,0824,291,LOMPO,4,5,4,4202,0,0,0,,0,013,"RT 246","L ST",9.00,E,N,A,-,Y,SB,5,246,-,-,9.280,H,-,E,N,2,0,1,2,A,-,17,21663,,N,G,B,F,A,H,-,A,A,0,Y,,,,Y,,D,22,1,0,0,0,1,0,0,0,0,"- ","- ",,,"SANTA BARBARA",LOMPOC,-120.46367119,34.6389864
6600029,2014,2016-01-15,4200,2014-08-22,1652,4671,14,5,5,2,4212,0,0,0,,0,,"RT 246","RT 101",118.00,S,N,A,-,N,,,,,,,,,,Y,2,0,1,2,A,-,09,21804,A,N,D,C,A,A,H,-,A,A,0,,,Y,,Y,,D,22,1,0,0,0,0,0,0,0,1,"- ",SF,,,"SANTA BARBARA",BUELLTON,-120.19004,34.612029999999997
6600813,2014,2016-05-07,4204,2014-08-18,1342,90242,68,1,5,5,4204,0,0,0,,0,003,BROADWAY,"ENOS DR",0.00,,Y,A,-,Y,SB,5,135,-,-,14.470,I,5,N,Y,3,0,1,2,A,-,12,21453,A,N,D,C,A,A,H,-,A,A,0,,,,,Y,,A,01,0,1,0,0,0,0,0,0,0,"- ","- ",,,"SANTA BARBARA","SANTA MARIA",-120.43592009,34.934110920000002
6601610,2014,2016-05-03,4200,2014-08-18,1022,4222,11,1,5,2,4212,0,0,0,,0,,"RT 246","MCMURRAY RD",66.00,W,N,A,-,Y,SB,5,246,-,-,26.360,H,-,E,N,4,0,1,3,A,-,03,22350,,N,C,C,A,A,H,-,A,A,0,,,,,Y,,A,01,0,0,1,0,0,0,0,0,0,"- ","- ",,,"SANTA BARBARA",BUELLTON,-120.18894053,34.611604130000003
6601798,2014,2014-09-09,4200,2014-07-25,2226,4255,14,5,5,4,4214,0,0,0,,0,060,"MANDARIN DR","ORANGE AV",0.00,,Y,A,-,N,,,,,,,,,,N,3,0,1,2,A,-,12,22450,A,F,D,B,E,A,H,-,C,A,0,Y,,,,Y,,A,01,0,1,0,0,1,0,0,0,0,"- ","- ",,,"SANTA BARBARA",GOLETA,-119.8289499,34.437480049999998
6602167,2014,2016-05-07,9750,2014-08-09,2139,018009,,6,2,9,4200,0,1,3,,1,023,"RT 135","HARRIS GRADE RD",0.00,,Y,A,-,Y,SB,5,135,-,-,9.095,I,5,N,Y,4,0,2,2,A,-,09,21802,A,N,D,C,A,A,H,-,D,A,0,,,,,Y,,A,01,0,0,2,0,0,0,0,0,0,"- ","- ",34.766469999999998,-120.42408,"SANTA BARBARA",UNINCORPORATED,-120.4310516,34.777473809999996
6602176,2014,2014-09-15,4200,2014-08-13,1626,3640,10,3,5,3,4205,0,0,0,,0,040,"ARAGON DR","CHANEY AV",0.00,,Y,A,-,N,,,,,,,,,,N,4,0,1,2,A,-,08,22107,,N,B,G,A,A,H,-,A,D,0,,Y,,,Y,,-,,0,0,1,0,0,0,1,0,0,"- ","- ",,,"SANTA BARBARA",CARPINTERIA,-119.52397995,34.405020059999998
6602180,2014,2014-09-15,4200,2014-08-14,1251,3116,14,4,5,4,4214,0,0,0,,0,060,"HOLLISTER AV","ORANGE AV",0.00,,Y,A,-,N,,,,,,,,,,Y,3,0,1,2,A,-,03,22350,,N,C,C,A,A,H,-,A,D,0,,,Y,,Y,,A,01,0,1,0,0,0,0,0,0,1,"- ","- ",,,"SANTA BARBARA",GOLETA,-119.82905995,34.436000020000002
6602184,2014,2014-09-15,4200,2014-08-17,1128,3822,14,7,5,4,4214,0,0,0,,0,080,"STORKE RD","MARKET PLACE DR",0.00,,Y,A,-,N,,,,,,,,,,Y,3,0,1,2,A,-,09,21801,A,N,D,C,A,A,H,-,A,A,0,,,,,Y,,A,01,0,1,0,0,0,0,0,0,0,"- ","- ",,,"SANTA BARBARA",GOLETA,-119.86977997,34.428660069999999
6602238,2014,2014-09-10,4200,2014-08-07,1623,4472,14,4,5,4,4214,0,0,0,,0,080,"WHITTIER DR","WHITMAN ST",75.00,W,N,A,-,N,,,,,,,,,,N,3,0,1,2,A,-,09,21804,A,N,D,G,A,A,H,-,A,D,0,,Y,,,Y,,A,01,0,1,0,0,0,0,1,0,0,"- ","- ",,,"SANTA BARBARA",GOLETA,-119.87189382,34.422719530000002
6602499,2014,2016-05-09,9760,2014-08-15,1255,018019,,5,1,9,4200,0,1,2,,2,010,"RT 101","SHEFFIELD DR",424.00,S,N,A,-,Y,SB,5,101,-,-,8.920,H,-,N,Y,4,0,1,2,A,-,03,22350,,N,C,C,A,A,H,-,A,D,1,,,,,Y,,A,07,0,0,1,0,0,0,0,0,0,"- ","- ",34.421959999999999,-119.61304,"SANTA BARBARA",UNINCORPORATED,-119.61259973,34.42174206
6602702,2014,2014-09-09,4200,2014-08-23,1507,3934,,6,5,2,4206,0,0,0,,0,,"MISSION DR","4TH ST",113.00,E,N,A,-,N,,,,,,,,,,N,4,0,2,2,A,-,04,21703,,N,C,C,A,A,H,-,A,D,0,,,,,Y,,A,01,0,0,2,0,0,0,0,0,0,"- ","- ",,,"SANTA BARBARA",SOLVANG,-120.14352476000001,34.596055130000003
6602742,2014,2016-05-09,9750,2014-08-16,0320,018616,,6,3,9,4200,0,1,2,,2,002,"RT 101","PALMER RD",1584.00,N,N,E,-,Y,SB,5,101,-,-,76.280,H,-,N,Y,3,0,2,1,A,-,08,22107,,N,F,A,A,A,H,-,D,D,1,,,,,Y,,A,01,0,2,0,0,0,0,0,0,0,"- ","- ",34.794620000000002,-120.33686,"SANTA BARBARA",UNINCORPORATED,-120.3377431,34.795502120000002
6603279,2014,2014-09-03,4204,2014-08-16,0902,90242,72,6,5,5,4204,0,0,0,,0,003,"BATTLES RD","BISCAYNE STREET",0.00,,Y,B,-,N,,,,,,,,,,N,3,0,1,2,A,-,12,22450,A,F,H,G,A,A,H,-,A,A,0,,Y,,,Y,Y,A,01,0,1,0,0,0,0,1,0,0,"- ","- ",,,"SANTA BARBARA","SANTA MARIA",-120.45236988000001,34.931579999999997
6609182,2014,2016-05-09,9750,2014-07-19,0857,014820,,6,1,5,4204,0,1,2,,2,001,"RT 101","DONOVAN RD",2112.00,N,N,-,-,Y,SB,5,101,-,-,90.090,H,-,S,N,4,0,1,2,A,-,17,23114,A,N,E,J,A,A,H,-,A,D,0,,,,,Y,,D,22,0,0,1,0,0,0,0,0,0,"- ","- ",,,"SANTA BARBARA","SANTA MARIA",-120.42629465,34.97279666
6609499,2014,2016-05-09,9760,2014-08-21,1300,017674,,4,1,5,4203,0,1,2,,2,011,"RT 101","LAS POSITAS RD",1584.00,S,N,A,-,Y,SB,5,101,-,-,16.250,H,-,S,Y,4,0,3,3,A,-,07,21658,A,N,B,C,A,A,H,-,A,D,1,,,,Y,Y,,G,25,0,0,3,0,0,0,0,0,0,"- ","- ",34.426929999999999,-119.72786000000001,"SANTA BARBARA","SANTA BARBARA",-119.72850132000001,34.426982479999999
6609503,2014,2016-05-09,9760,2014-07-26,1520,019831,,6,2,9,4200,0,1,2,,2,010,"RT 101","PADARO LN",395.00,S,N,A,-,Y,SB,5,101,-,R,7.070,H,-,N,N,4,0,1,3,A,-,03,22350,,N,C,C,A,A,H,-,A,D,1,,,,,Y,,A,08,0,0,1,0,0,0,0,0,0,"- ","- ",34.873100000000001,-119.2946,"SANTA BARBARA",UNINCORPORATED,-119.58150756000001,34.416480679999999
6609849,2014,2014-09-26,4204,2014-08-11,1427,22113,17,1,5,5,4204,0,0,0,,0,001,MILLER,ORCHARD,200.00,S,N,A,-,N,,,,,,,,,,N,3,0,1,2,A,-,21,22106,,F,C,G,A,A,H,-,A,-,0,,Y,,,Y,,-,,0,1,0,0,0,0,1,0,0,"- ","- ",,,"SANTA BARBARA","SANTA MARIA",-120.43121484,34.965290799999998
6609853,2014,2014-10-24,4204,2014-08-25,1800,90232,83,1,5,5,4204,0,0,0,,0,003,"BETTERAVIA RD","COLLEGE DR",0.00,,Y,A,-,N,,,,,,,,,,Y,4,0,1,3,A,-,03,22350,,N,C,C,A,A,H,-,A,A,0,,,,,Y,,A,01,0,0,1,0,0,0,0,0,0,"- ","- ",,,"SANTA BARBARA","SANTA MARIA",-120.42563995,34.923750060000003
6610168,2014,2014-09-26,9750,2014-08-20,1320,016773,,3,1,9,4200,0,2,4,,1,024,"CLARK AV","ORCUTT RD",0.00,,Y,A,-,N,,,,,,,,,,Y,3,0,2,2,A,-,12,21453,A,N,D,C,A,A,H,-,A,A,0,,,,,Y,,D,22,0,2,0,0,0,0,0,0,0,"- ","- ",,,"SANTA BARBARA",UNINCORPORATED,-120.4353199,34.865060059999998
6610227,2014,2014-09-26,9750,2014-08-23,1735,016773,,6,2,9,4200,0,2,4,,1,024,"BRADLEY RD","LAKE VIEW AV",0.00,,Y,A,-,N,,,,,,,,,,Y,3,0,3,2,A,-,12,21453,A,N,D,C,A,A,H,-,A,A,0,,,,,Y,,D,22,0,2,1,0,0,0,0,0,0,"- ","- ",,,"SANTA BARBARA",UNINCORPORATED,-120.42311995,34.894509999999997
6610235,2014,2016-05-03,9750,2014-08-22,0645,014645,,5,1,9,4200,0,1,3,,1,011,"RT 166","HANSON WY",2112.00,W,N,B,-,Y,SB,5,166,-,-,6.120,H,-,W,N,4,0,1,2,A,-,04,21703,,N,C,C,A,A,H,-,A,D,0,,,,,Y,,A,08,0,0,1,0,0,0,0,0,0,"- ","- ",34.953699999999998,-120.46680000000001,"SANTA BARBARA",UNINCORPORATED,-120.46709927000001,34.953669939999997
6610239,2014,2014-09-18,9750,2014-08-22,0105,018009,,5,3,9,4200,0,2,4,,1,024,"ORCUTT RD","VALLEY VIEW DR",168.00,N,N,A,-,N,,,,,,,,,,Y,4,0,1,3,A,-,08,22107,,M,C,E,A,A,H,-,C,D,0,,,,,Y,,D,22,0,0,1,0,0,0,0,0,0,"- ","- ",34.860709999999997,-120.43634,"SANTA BARBARA",UNINCORPORATED,-120.43639078,34.860711180000003
6611667,2014,2016-05-09,9760,2014-08-18,1817,018583,,1,2,5,4203,0,1,2,,2,011,"RT 101","CARRILLO ST",528.00,N,N,A,-,Y,SB,5,101,-,R,14.890,H,-,S,Y,4,0,1,3,A,-,03,22350,,N,C,C,A,A,H,-,A,D,1,,,,,Y,,A,01,0,0,1,0,0,0,0,0,0,"- ","- ",34.418509999999998,-119.7107,"SANTA BARBARA","SANTA BARBARA",-119.70908366,34.417336380000002
6611671,2014,2016-05-09,9760,2014-08-22,1640,019464,,5,2,9,4200,0,1,2,,1,030,"RT 101","EL CAPITAN STATE BEACH RD",2000.00,S,N,A,-,Y,SB,5,101,-,-,33.470,H,-,N,Y,4,0,1,2,A,-,07,21658,A,N,C,C,A,A,H,-,A,D,5,,,,,Y,,A,01,0,0,1,0,0,0,0,0,0,"- ","- ",34.462400000000002,-120.01396,"SANTA BARBARA",UNINCORPORATED,-120.01478632,34.462419429999997
6603280,2014,2016-05-07,4204,2014-08-17,1621,90026,27,7,5,5,4204,0,0,0,,0,001,BROADWAY,HERMOSA,216.00,S,N,A,-,Y,SB,5,135,-,-,16.180,H,-,N,N,4,0,1,2,A,-,03,22350,,N,C,C,A,A,H,-,A,A,0,,,,,Y,,A,01,0,0,1,0,0,0,0,0,0,"- ","- ",,,"SANTA BARBARA","SANTA MARIA",-120.43573891,34.9589547
6605025,2014,2014-09-18,4200,2014-08-20,1636,3116,14,3,5,4,4214,0,0,0,,0,060,"HOLLISTER AV","CORTONA DR",0.00,,Y,A,-,N,,,,,,,,,,N,4,0,1,4,A,-,03,22350,,N,C,C,A,A,H,-,A,D,0,,,,,Y,,A,07,0,0,1,0,0,0,0,0,0,"- ","- ",,,"SANTA BARBARA",GOLETA,-119.86806986000001,34.430210070000001
6605108,2014,2016-05-09,9750,2014-08-17,1334,014449,,7,1,5,4204,0,1,2,,2,001,"RT 101","STOWELL RD",187.00,S,N,A,-,Y,SB,5,101,-,-,87.520,R,1,S,Y,3,0,1,1,A,-,03,22350,,N,F,A,A,A,H,-,A,A,0,,,Y,,Y,,C,02,0,1,0,0,0,0,0,0,1,TO,"- ",34.93629,-120.41822000000001,"SANTA BARBARA","SANTA MARIA",-120.41791766999999,34.937130140000001
6605112,2014,2014-09-06,9750,2014-08-18,1930,015334,,1,2,9,4200,0,2,4,,1,024,"BRADLEY RD","CLARK AV",93.00,N,N,A,-,N,,,,,,,,,,N,4,0,2,2,A,-,03,22350,,N,C,C,A,A,H,-,A,D,0,,,,,Y,,A,01,0,0,2,0,0,0,0,0,0,"- ","- ",34.86551,-120.41862,"SANTA BARBARA",UNINCORPORATED,-120.41887,34.865257190000001
6605142,2014,2014-09-09,4200,2014-08-18,1203,3116,14,1,5,4,4214,0,0,0,,0,080,"STORKE RD","HOLLISTER AV",185.00,N,N,A,-,N,,,,,,,,,,N,4,0,1,2,A,-,05,21650,1,N,D,G,A,A,H,-,A,D,0,,Y,,,Y,,L,04,0,0,1,0,0,0,1,0,0,"- ","- ",,,"SANTA BARBARA",GOLETA,-119.86971641,34.430606849999997
6606619,2014,2014-09-15,4202,2014-07-28,1554,929,,1,5,4,4202,0,0,0,,0,,"A ST","NORTH AV",0.00,,Y,A,-,N,,,,,,,,,,N,3,0,1,2,D,-,00,,,N,D,G,A,A,H,-,A,A,0,,Y,,,Y,,-,"- ",0,1,0,0,0,0,1,0,0,"- ","- ",,,"SANTA BARBARA",LOMPOC,-120.44885993,34.653320100000002
6606809,2014,2014-09-18,9750,2014-08-26,1710,015514,,2,2,9,4200,0,3,5,,2,030,"DOMINION RD","PALMER RD",1056.00,N,N,A,-,N,,,,,,,,,,Y,3,0,1,1,A,-,08,22107,,N,E,I,A,A,H,-,A,D,0,,,,,Y,,D,22,0,1,0,0,0,0,0,0,0,"- ","- ",34.843429999999998,-120.31717,"SANTA BARBARA",UNINCORPORATED,-120.3167375,34.843116969999997
6606959,2014,2014-11-04,4204,2014-08-15,1604,016469,,5,5,5,4204,0,0,0,,0,,"COLLEGE AV","SANTA MARIA WY",510.00,N,N,A,-,N,,,,,,,,,,Y,4,0,1,1,A,-,08,22107,,N,E,I,A,A,H,-,A,D,0,,,,,Y,,A,07,0,0,1,0,0,0,0,0,0,"- ","- ",34.896549999999998,-120.42116,"SANTA BARBARA","SANTA MARIA",-120.42114312,34.896301860000001
6637149,2014,2016-05-11,9750,2014-09-18,1809,018009,,4,2,5,4204,0,1,2,,2,001,"RT 101","STOWELL RD",1584.00,S,N,A,-,Y,SB,5,101,-,-,87.300,H,-,S,N,4,0,1,4,A,-,03,22350,,M,C,C,A,A,H,-,A,D,0,,,,Y,Y,,A,01,0,0,1,0,0,0,0,0,0,"- ","- ",34.93336,-120.41801,"SANTA BARBARA","SANTA MARIA",-120.41793815,34.933934219999998
6637428,2014,2016-05-09,9760,2014-08-10,1323,017603,,7,1,5,4203,0,1,2,,2,011,"RT 101","GARDEN ST",528.00,S,N,A,-,Y,SB,5,101,-,-,13.390,H,-,S,Y,4,0,4,2,A,-,03,22350,,N,C,C,A,A,H,-,A,D,1,,,,,Y,,A,01,0,0,4,0,0,0,0,0,0,"- ","- ",34.419969999999999,-119.67668999999999,"SANTA BARBARA","SANTA BARBARA",-119.68802554,34.419106390000003
6638244,2014,2016-05-09,9760,2014-09-09,1315,017662,,2,1,9,4200,0,1,2,,1,040,"RT 101","GAVIOTA BEACH RD",2112.00,S,N,A,-,Y,SB,5,101,-,-,45.960,H,-,N,Y,3,0,1,2,A,-,03,22350,,N,C,C,A,A,D,-,A,A,5,,,,,Y,,A,01,0,1,0,0,0,0,0,0,0,"- ","- ",34.474080000000001,-120.22589000000001,"SANTA BARBARA",UNINCORPORATED,-120.22366208,34.473433999999997
6638250,2014,2016-05-09,9760,2014-09-08,1555,012263,,1,2,5,4203,0,1,2,,2,020,"RT 101","MILPAS ST",3168.00,S,N,A,-,Y,SB,5,101,-,-,12.130,H,-,S,Y,4,0,1,3,A,-,03,22350,,N,C,C,A,A,H,-,A,D,1,,,,,Y,,A,01,0,0,1,0,0,0,0,0,0,"- ","- ",34.253030000000003,-119.39867,"SANTA BARBARA","SANTA BARBARA",-119.66653743000001,34.421094600000004
6638251,2014,2016-05-09,9760,2014-09-05,0620,017603,,5,1,9,4200,0,1,2,,1,030,"RT 101","GLENN ANNIE RD",2640.00,N,N,A,-,Y,SB,5,101,-,-,25.400,H,-,S,Y,2,0,2,2,A,-,08,22107,,N,D,C,A,A,H,-,B,D,1,,,,,Y,,A,01,1,0,1,0,0,0,0,0,0,"- ","- ",34.434150000000002,-119.87029,"SANTA BARBARA",UNINCORPORATED,-119.881682,34.432429519999999
6638295,2014,2016-05-09,9760,2014-09-13,0940,020029,,6,1,9,4200,0,1,2,,2,010,"RT 101","SANTA YNEZ RD",500.00,N,N,A,-,Y,SB,5,101,-,R,3.740,H,-,N,Y,4,0,1,2,A,-,03,22350,,N,C,C,A,A,H,-,A,D,1,,,,,Y,,A,01,0,0,1,0,0,0,0,0,0,"- ","- ",34.405610000000003,-119.53811,"SANTA BARBARA",UNINCORPORATED,-119.52845035,34.40373803
6638296,2014,2016-05-03,9760,2014-09-10,1645,014690,,3,2,4,4214,0,1,3,,2,027,"RT 217","PATTERSON AV",528.00,W,N,A,-,Y,SB,5,217,-,-,20.850,R,2,E,N,4,0,1,2,A,-,08,22107,,N,C,C,A,A,H,-,A,D,0,,,,,Y,,A,01,0,0,1,0,0,0,0,0,0,TO,"- ",34.441490000000002,-119.81103,"SANTA BARBARA",GOLETA,-119.81103,34.441490000000002
6638297,2014,2016-05-09,9760,2014-09-07,1625,020211,,7,2,9,4200,0,3,5,,2,002,"TURNPIKE RD","RT 101",0.00,,Y,A,-,Y,SB,5,101,-,-,20.207,R,4,N,Y,4,0,1,2,A,-,12,21453,A,N,D,C,A,A,H,-,A,A,1,,,,,Y,,A,01,0,0,1,0,0,0,0,0,0,"- ",FR,34.443049999999999,-119.78981,"SANTA BARBARA",UNINCORPORATED,-119.79187356,34.442176000000003
6638299,2014,2014-10-08,9760,2014-09-16,0720,017662,,2,1,9,4200,0,3,5,,2,001,"SANTA CLAUS LN","SAND POINT RD",535.00,W,N,A,-,N,,,,,,,,,,Y,4,0,1,2,A,-,09,21804,A,N,D,C,A,A,H,-,A,D,0,,,,,Y,,A,01,0,0,1,0,0,0,0,0,0,"- ","- ",34.406300000000002,-119.54716000000001,"SANTA BARBARA",UNINCORPORATED,-119.54706002,34.406353940000002
6638300,2014,2016-05-03,9760,2014-09-17,1240,017097,,3,1,9,4200,0,1,3,,1,022,"RT 154","PARADISE RD",4752.00,E,N,A,-,Y,SB,5,154,-,-,22.490,H,-,E,Y,3,0,3,2,A,-,09,21801,A,N,D,C,A,A,H,-,A,D,0,,,,,Y,,A,01,0,1,2,0,0,0,0,0,0,"- ","- ",34.530470000000001,-119.84197,"SANTA BARBARA",UNINCORPORATED,-119.84271611,34.530803280000001
6638321,2014,2014-10-13,9760,2014-09-22,1510,012518,,1,2,9,4200,0,2,4,,1,021,"HOLLISTER AV","TURNPIKE RD",175.00,W,N,A,-,N,,,,,,,,,,N,3,0,1,2,A,-,08,21717,,N,H,G,A,A,H,-,A,D,0,,Y,,,Y,,A,01,0,1,0,0,0,0,1,0,0,"- ","- ",34.43627,-119.79000000000001,"SANTA BARBARA",UNINCORPORATED,-119.79001418,34.43652865
6640338,2014,2016-05-03,9750,2014-09-24,0626,14820,,3,1,9,4200,0,1,3,,1,011,"RT 166","SIMAS RD",1584.00,E,N,B,-,Y,SB,5,166,-,-,1.190,H,-,E,Y,3,0,5,3,A,-,03,22350,,F,C,C,A,A,H,-,D,D,0,,,,,Y,,-,99,0,1,4,0,0,0,0,0,0,"- ","- ",34.958570000000002,-120.54357,"SANTA BARBARA",UNINCORPORATED,-120.55297732,34.957369780000001
6640346,2014,2016-05-09,9750,2014-09-28,2000,14753,,7,2,9,4200,0,1,2,,2,001,"RT 101","SANTA MARIA WY",3168.00,S,N,A,-,Y,SB,5,101,-,-,83.740,H,-,N,N,4,0,3,2,A,-,03,22350,,N,C,C,A,A,D,-,D,A,0,,,,,Y,,A,01,0,0,3,0,0,0,0,0,0,"- ","- ",34.882689999999997,-120.41103,"SANTA BARBARA",UNINCORPORATED,-120.41191718,34.883767319999997
6640931,2014,2014-10-14,4202,2014-09-05,1714,239,LOMPO,5,5,4,4202,0,0,0,,0,005,"O ST","NECTARINE AV",57.00,S,N,A,-,N,,,,,,,,,,Y,4,0,2,3,A,-,03,22350,,N,C,C,A,A,H,-,A,D,0,,,,,Y,,A,01,0,0,2,0,0,0,0,0,0,"- ","- ",,,"SANTA BARBARA",LOMPOC,-120.46665,34.649313429999999
6611908,2014,2014-09-22,4203,2014-08-26,2022,6495,,2,5,5,4203,0,0,0,,0,006,"CLIFF DR","ALAN RD",150.00,W,N,A,-,N,,,,,,,,,,Y,3,0,2,1,A,-,08,22107,,N,E,J,A,A,H,-,D,D,0,,,,,Y,,-,,0,2,0,0,0,0,0,0,0,"- ","- ",34.241430000000001,-119.44371,"SANTA BARBARA","SANTA BARBARA",-119.74116346,34.404765159999997
6612088,2014,2016-05-03,4204,2014-08-26,1239,22113,49,2,5,5,4204,0,0,0,,0,002,MAIN,"BRADLEY RD",150.00,W,N,A,-,Y,SB,5,166,-,-,8.880,H,-,E,N,4,0,1,3,A,-,08,22107,,F,B,C,A,A,H,-,A,A,0,,,,,Y,,-,,0,0,1,0,0,0,0,0,0,"- ","- ",,,"SANTA BARBARA","SANTA MARIA",-120.41828345,34.952969320000001
6612092,2014,2014-09-18,4204,2014-08-27,1233,90268,40,3,5,5,4204,0,0,0,,0,002,"BLOSSER RD",COOK,0.00,,Y,A,-,N,,,,,,,,,,Y,4,0,1,2,A,-,12,21453,A,N,D,C,A,A,H,-,A,A,0,,,,,Y,,A,01,0,0,1,0,0,0,0,0,0,"- ","- ",,,"SANTA BARBARA","SANTA MARIA",-120.45376996,34.949620109999998
6612168,2014,2016-05-03,9760,2014-08-19,0835,14690,,2,1,9,4200,0,3,5,,2,001,"RT 192","MISSION CANYON RD",45.00,W,N,B,-,Y,SB,5,192,-,-,3.230,H,-,W,N,2,0,1,2,A,-,08,22107,,N,E,I,A,A,H,-,A,A,0,,Y,,,Y,,L,04,1,0,0,0,0,0,1,0,0,"- ","- ",34.44652,-119.71362000000001,"SANTA BARBARA",UNINCORPORATED,-119.71068968,34.446623690000003