CASE_ID,ACCIDENT_YEAR,PROC_DATE,JURIS,COLLISION_DATE,COLLISION_TIME,OFFICER_ID,REPORTING_DISTRICT,DAY_OF_WEEK,CHP_SHIFT,POPULATION,CNTY_CITY_LOC,SPECIAL_COND,BEAT_TYPE,CHP_BEAT_TYPE,CITY_DIVISION_LAPD,CHP_BEAT_CLASS,BEAT_NUMBER,PRIMARY_RD,SECONDARY_RD,DISTANCE,DIRECTION,INTERSECTION,WEATHER_1,WEATHER_2,STATE_HWY_IND,CALTRANS_COUNTY,CALTRANS_DISTRICT,STATE_ROUTE,ROUTE_SUFFIX,POSTMILE_PREFIX,POSTMILE,LOCATION_TYPE,RAMP_INTERSECTION,SIDE_OF_HWY,TOW_AWAY,COLLISION_SEVERITY,NUMBER_KILLED,NUMBER_INJURED,PARTY_COUNT,PRIMARY_COLL_FACTOR,PCF_CODE_OF_VIOL,PCF_VIOL_CATEGORY,PCF_VIOLATION,PCF_VIOL_SUBSECTION,HIT_AND_RUN,TYPE_OF_COLLISION,MVIW,PED_ACTION,ROAD_SURFACE,ROAD_COND_1,ROAD_COND_2,LIGHTING,CONTROL_DEVICE,CHP_ROAD_TYPE,PEDESTRIAN_ACCIDENT,BICYCLE_ACCIDENT,MOTORCYCLE_ACCIDENT,TRUCK_ACCIDENT,NOT_PRIVATE_PROPERTY,ALCOHOL_INVOLVED,STWD_VEHTYPE_AT_FAULT,CHP_VEHTYPE_AT_FAULT,COUNT_SEVERE_INJ,COUNT_VISIBLE_INJ,COUNT_COMPLAINT_PAIN,COUNT_PED_KILLED,COUNT_PED_INJURED,COUNT_BICYCLIST_KILLED,COUNT_BICYCLIST_INJURED,COUNT_MC_KILLED,COUNT_MC_INJURED,PRIMARY_RAMP,SECONDARY_RAMP,LATITUDE,LONGITUDE,COUNTY,CITY,POINT_X,POINT_Y
6612193,2014,2014-09-17,9750,2014-08-25,0605,014645,,1,1,9,4200,0,3,5,,2,010,"BETTERAVIA RD","BROWN RD",0.00,,Y,B,-,N,,,,,,,,,,Y,3,0,2,2,A,-,09,21801,A,N,A,C,A,A,H,-,B,D,0,,,,,Y,,A,01,0,2,0,0,0,0,0,0,0,"- ","- ",34.935139999999997,-120.54646,"SANTA BARBARA",UNINCORPORATED,-120.54642995,34.935200080000001
6612227,2014,2016-05-03,9760,2014-08-19,1310,16739,,2,1,9,4200,0,1,3,,1,022,"RT 154","PARADISE RD",2640.00,E,N,A,-,Y,SB,5,154,-,-,22.090,H,-,E,Y,3,0,1,2,A,-,05,21460,A,N,D,C,A,A,H,-,A,D,0,,,,,Y,,A,01,0,1,0,0,0,0,0,0,0,"- ","- ",34.532530000000001,-119.84947,"SANTA BARBARA",UNINCORPORATED,-119.8490051,34.53247099
6612231,2014,2016-05-09,9760,2014-08-15,1915,18583,,5,2,4,4214,0,1,2,,1,030,"RT 101","LOS CARNEROS RD",1782.00,N,N,A,-,Y,SB,5,101,-,-,24.060,H,-,N,Y,3,0,2,1,A,-,08,22107,,N,E,I,A,A,H,-,A,D,1,,,,,Y,,A,07,0,2,0,0,0,0,0,0,0,"- ","- ",34.436790000000002,-119.85857,"SANTA BARBARA",GOLETA,-119.8588616,34.436732929999998
6612235,2014,2016-05-09,9760,2014-08-18,0620,15658,,1,1,5,4203,0,1,2,,2,011,"RT 101","LAS POSITAS RD",900.00,S,N,A,-,Y,SB,5,101,-,-,16.380,H,-,N,Y,4,0,1,1,A,-,08,22107,,N,E,I,A,A,H,-,A,D,1,,,,,Y,,A,01,0,0,1,0,0,0,0,0,0,"- ","- ",34.427610000000001,-119.73084,"SANTA BARBARA","SANTA BARBARA",-119.73075719000001,34.427510210000001
6612237,2014,2016-05-07,9750,2014-08-20,2100,017548,,3,2,9,4200,0,1,3,,1,021,"RT 135","RT 1",3168.00,N,N,A,-,Y,SB,5,135,-,R,9.700,H,-,S,Y,3,0,1,1,A,-,08,22107,,N,F,A,A,A,H,-,D,D,5,,,,,Y,,A,01,0,1,0,0,0,0,0,0,0,"- ","- ",34.858199999999997,-120.44438,"SANTA BARBARA",UNINCORPORATED,-120.44371802000001,34.858172930000002
6612286,2014,2014-09-17,4204,2014-08-27,1552,18261,69,3,5,5,4204,0,0,0,,0,003,"BRADLEY RD","HANCOCK AV",0.00,,Y,A,-,N,,,,,,,,,,Y,4,0,1,2,A,-,09,21802,A,N,D,D,A,A,H,-,A,A,0,,,Y,,Y,,A,07,0,0,1,0,0,0,0,0,1,"- ","- ",,,"SANTA BARBARA","SANTA MARIA",-120.41824987,34.932940090000002
6612371,2014,2016-05-09,9760,2014-08-27,0805,017662,,3,1,5,4203,0,1,2,,2,011,"RT 101","JUNIPERO ST PED",590.00,S,N,A,-,Y,SB,5,101,-,-,16.120,H,-,S,Y,4,0,1,3,A,-,03,22350,,N,C,C,A,A,H,-,A,D,1,,,,,Y,,A,07,0,0,1,0,0,0,0,0,0,"- ","- ",34.426659999999998,-119.72581,"SANTA BARBARA","SANTA BARBARA",-119.72627445000001,34.426667799999997
6624729,2014,2016-05-03,9755,2014-08-19,1635,15281,,2,2,9,4200,0,1,3,,1,042,"RT 154","ROBLAR AV",0.00,,Y,A,-,Y,SB,5,154,-,R,4.502,I,5,E,Y,4,0,1,2,A,-,09,21802,A,N,D,C,A,A,H,-,A,A,0,,,,,Y,,D,22,0,0,1,0,0,0,0,0,0,"- ","- ",34.650320000000001,-120.095,"SANTA BARBARA",UNINCORPORATED,-120.09531348,34.650552130000001
6624730,2014,2015-12-03,9755,2014-08-19,0825,13618,,2,1,9,4200,0,3,5,,2,050,"HARRIS GRADE RD","GARDENGATE LN",251.00,S,N,B,-,N,,,,,,,,,,Y,4,0,1,4,A,-,03,22350,,N,C,C,A,A,H,-,A,A,0,,,,,Y,,A,01,0,0,1,0,0,0,0,0,0,"- ","- ",34.679720000000003,-120.45501,"SANTA BARBARA",UNINCORPORATED,-120.45493784999999,34.679773220000001
6624761,2014,2016-05-03,9755,2014-08-12,2020,017910,,2,2,9,4200,0,1,3,,2,041,"RT 246","HIGH MEADOW DR",0.00,,Y,A,-,Y,SB,5,246,-,-,30.360,I,5,E,Y,3,0,1,2,A,-,01,23152,A,N,C,C,A,A,D,-,B,A,0,,,,,Y,Y,A,01,0,1,0,0,0,0,0,0,0,"- ","- ",34.599460000000001,-120.12683,"SANTA BARBARA",UNINCORPORATED,-120.12679536,34.599470169999996
6624762,2014,2014-09-25,9755,2014-08-16,1100,017910,,6,1,9,4200,0,3,5,,2,040,"BALLARD CANYON RD","FOXEN CANYON RD",3696.00,S,N,A,-,N,,,,,,,,,,N,3,0,1,1,A,-,03,22350,,N,F,A,A,A,H,-,A,D,0,,Y,,,Y,,L,04,0,1,0,0,0,0,1,0,0,"- ","- ",34.66507,-120.12773,"SANTA BARBARA",UNINCORPORATED,-120.12291,34.667630000000003
6624763,2014,2014-09-25,9755,2014-08-30,1822,017910,,6,2,9,4200,0,3,5,,2,040,"HOLLISTER ST","SAN MARCOS AV",22.00,W,N,A,-,N,,,,,,,,,,N,3,0,1,2,A,-,01,21200,5,M,B,E,A,A,H,-,A,D,0,,Y,,,Y,Y,L,04,0,1,0,0,0,0,1,0,0,"- ","- ",34.664529999999999,-120.1139,"SANTA BARBARA",UNINCORPORATED,-120.11386312,34.66451
6624764,2014,2016-05-09,9755,2014-08-31,1510,015281,,7,2,9,4200,0,1,2,,2,004,"RT 101","RT 154",11616.00,N,N,A,-,Y,SB,5,101,-,-,65.320,H,-,S,Y,4,0,1,1,A,-,08,22107,,N,E,I,A,A,H,-,A,D,1,,,,,Y,,A,07,0,0,1,0,0,0,0,0,0,"- ","- ",34.715600000000002,-120.19221,"SANTA BARBARA",UNINCORPORATED,-120.18337631999999,34.711335750000003
6624765,2014,2016-05-09,9755,2014-08-21,1200,012826,,4,1,9,4200,0,1,2,,2,004,"RT 101","OLD COAST HWY",7920.00,S,N,A,-,Y,SB,5,101,-,R,50.880,H,-,S,Y,2,0,1,1,A,-,08,22107,,N,F,A,A,A,H,-,A,D,1,,,,,Y,,A,01,1,0,0,0,0,0,0,0,0,"- ","- ",34.52608,-120.19889000000001,"SANTA BARBARA",UNINCORPORATED,-120.19941445000001,34.525603279999999
6624772,2014,2014-09-25,9760,2014-08-16,1515,018019,,6,2,9,4200,0,3,5,,2,001,"NIDEVER RD","VIA REAL",25.00,S,N,A,-,N,,,,,,,,,,Y,3,0,1,1,A,-,01,23152,,N,E,I,A,A,H,-,A,D,0,,,,,Y,Y,A,01,0,1,0,0,0,0,0,0,0,"- ","- ",34.416530000000002,-119.56049,"SANTA BARBARA",UNINCORPORATED,-119.56057,34.416449999999998
6625101,2014,2014-09-30,4204,2014-08-08,0605,90246,4204,5,5,5,4204,0,0,0,,0,001,"BLOSSER RD","ALVIN AV",607.00,S,N,A,-,N,,,,,,,,,,N,4,0,1,3,A,-,03,22350,,N,C,C,A,A,H,-,A,D,0,,,,,Y,,D,22,0,0,1,0,0,0,0,0,0,"- ","- ",,,"SANTA BARBARA","SANTA MARIA",-120.45353926999999,34.958922860000001
6625105,2014,2014-10-01,4204,2014-09-14,1813,90239,10,7,5,5,4204,0,0,0,,0,001,JEWELL,"VIA RUBIO",135.00,E,N,A,-,N,,,,,,,,,,N,4,0,1,2,A,-,08,22107,,N,D,B,E,A,H,-,A,D,0,Y,,,,Y,,D,22,0,0,1,0,1,0,0,0,0,"- ","- ",,,"SANTA BARBARA","SANTA MARIA",-120.43301964,34.969672279999997
6626376,2014,2016-05-07,4204,2014-09-04,0749,22751,75,4,5,5,4204,0,0,0,,0,003,BROADWAY,"INGER DR",0.00,,Y,B,-,Y,SB,5,135,-,-,13.950,I,5,N,Y,4,0,1,2,A,-,09,21802,A,N,B,C,A,A,H,-,A,D,0,,,,,Y,,D,22,0,0,1,0,0,0,0,0,0,"- ","- ",,,"SANTA BARBARA","SANTA MARIA",-120.43594415,34.926790310000001
6612375,2014,2016-05-09,9760,2014-08-24,1219,018019,,7,1,5,4203,0,1,2,,2,011,"RT 101","CABRILLO BL",734.00,N,N,A,-,Y,SB,5,101,-,-,11.570,H,-,S,Y,4,0,2,2,A,-,03,22350,,N,C,C,A,A,H,-,A,D,1,,,,,Y,,A,07,0,0,2,0,0,0,0,0,0,"- ","- ",34.421939999999999,-119.66315,"SANTA BARBARA","SANTA BARBARA",-119.65716510999999,34.422951009999998
6612379,2014,2016-05-09,9760,2014-08-26,1245,015658,,2,1,4,4214,0,1,2,,1,030,"RT 101","FAIRVIEW AV",1600.00,N,N,A,-,Y,SB,5,101,-,-,22.830,H,-,S,Y,4,0,3,3,A,-,03,22350,,N,C,C,A,A,D,-,A,A,1,,,,,Y,,A,07,0,0,3,0,0,0,0,0,0,"- ","- ",34.438969999999998,-119.83671,"SANTA BARBARA",GOLETA,-119.83757568999999,34.438993009999997
6612563,2014,2014-09-19,4203,2014-08-25,1015,2520,4203,1,5,5,4203,0,0,0,,0,001,"MILPAS ST","CANON PERDIDO ST",0.00,,Y,A,-,N,,,,,,,,,,N,4,0,1,2,D,-,00,,,N,B,G,A,A,H,-,A,D,0,,Y,,,Y,,-,"- ",0,0,1,0,0,0,1,0,0,"- ","- ",34.253599999999999,-119.4128,"SANTA BARBARA","SANTA BARBARA",-119.69039992,34.430020089999999
6612567,2014,2014-09-19,4203,2014-08-25,1153,6700,62,1,5,5,4203,0,0,0,,0,001,"MILPAS ST","REDDICK AV",0.00,,Y,A,-,N,,,,,,,,,,N,4,0,1,2,A,-,10,21950,A,N,D,-,A,A,H,-,A,A,0,,Y,,,Y,,A,07,0,0,1,0,0,0,1,0,0,"- ","- ",34.253279999999997,-119.4152,"SANTA BARBARA","SANTA BARBARA",-119.68468993,34.425850070000003
6612571,2014,2014-09-19,4203,2014-08-25,1655,1780,4203,1,5,5,4203,0,0,0,,0,002,"EAST CABRILLO BL","NINOS DR",348.00,E,N,A,-,N,,,,,,,,,,N,3,0,1,3,A,-,08,22107,,N,-,-,A,A,H,-,A,D,0,,Y,,,Y,,A,01,0,1,0,0,0,0,1,0,0,"- ","- ",34.250239999999998,-119.39584000000001,"SANTA BARBARA","SANTA BARBARA",-119.66629198,34.417415089999999
6612575,2014,2014-09-19,4203,2014-08-16,1630,6983,,6,5,5,4203,0,0,0,,0,,"HOLLISTER AV","LOS CARNEROS RD",0.00,,Y,A,-,N,,,,,,,,,,Y,3,0,2,2,A,-,12,21453,A,N,D,C,A,A,H,-,A,A,0,,,,,Y,,-,,0,1,1,0,0,0,0,0,0,"- ","- ",34.254899999999999,-119.5134,"SANTA BARBARA","SANTA BARBARA",-119.8595899,34.430340020000003
6612579,2014,2014-09-19,4203,2014-08-27,1945,4732,,3,5,5,4203,0,0,0,,0,004,"CHAPALA ST","HALEY ST",12.00,S,N,A,-,N,,,,,,,,,,Y,2,0,1,2,A,-,08,22100,B,N,D,C,A,A,H,-,C,A,0,,,,,Y,,-,,1,0,0,0,0,0,0,0,0,"- ","- ",34.245600000000003,-119.4148,"SANTA BARBARA","SANTA BARBARA",-119.69661997999999,34.415728399999999
6612619,2014,2014-09-19,4203,2014-08-16,0901,1959,,6,5,5,4203,0,0,0,,0,004,"DE LA VINA ST","FIGUEROA ST",0.00,,Y,A,-,N,,,,,,,,,,Y,3,0,1,2,A,-,09,21800,A,N,D,C,A,A,H,-,A,A,0,,,,,Y,,-,,0,1,0,0,0,0,0,0,0,"- ","- ",34.251289999999997,-119.48196,"SANTA BARBARA","SANTA BARBARA",-119.70544991,34.420300089999998
6612623,2014,2014-09-19,4203,2014-08-25,1044,3769,,1,5,5,4203,0,0,0,,0,002,"SHORELINE DR","LOMA ALTA DR",1011.00,W,N,A,-,N,,,,,,,,,,Y,4,0,1,3,A,-,03,22350,,N,C,C,A,A,H,-,A,D,0,,,,,Y,,-,,0,0,1,0,0,0,0,0,0,"- ","- ",34.402050000000003,-119.70062,"SANTA BARBARA","SANTA BARBARA",-119.70058739,34.402017440000002
6612866,2014,2016-05-09,9750,2014-08-28,2040,017379,,4,2,5,4204,0,1,2,,2,001,"RT 101",BROADWAY,1584.00,S,N,A,-,Y,SB,5,101,-,-,90.450,H,-,N,Y,4,0,1,3,A,-,04,21703,,M,C,C,A,A,C,-,D,D,0,,,,,Y,,A,01,0,0,1,0,0,0,0,0,0,"- ","- ",34.977620000000002,-120.42897000000001,"SANTA BARBARA","SANTA MARIA",-120.42893484,34.977508010000001
6613073,2014,2014-09-20,9750,2014-08-30,1700,017267,,6,2,9,4200,0,3,5,,2,030,"COLSON CANYON RD","TEPUSQUET RD",15840.00,E,N,A,-,N,,,,,,,,,,Y,3,0,1,1,A,-,08,22107,,N,F,A,A,A,B,E,A,D,0,,,,,Y,,A,07,0,1,0,0,0,0,0,0,0,"- ","- ",34.940249999999999,-120.17466,"SANTA BARBARA",UNINCORPORATED,-120.18583898,34.939286699999997
6641449,2014,2014-10-17,4204,2014-09-23,0909,18261,87,2,5,5,4204,0,0,0,,0,003,"SKYWAY DR","INDUSTRIAL PKWY",75.00,W,N,A,-,N,,,,,,,,,,N,4,0,1,2,A,-,03,22350,,N,C,C,A,A,H,-,A,D,0,,,,,Y,,D,22,0,0,1,0,0,0,0,0,0,"- ","- ",,,"SANTA BARBARA","SANTA MARIA",-120.44812174,34.901739730000003
6641453,2014,2014-11-12,4204,2014-09-21,1915,90139,40,7,5,5,4204,0,0,0,,0,002,"RUSSELL AV",CHURCH,70.00,S,N,A,-,N,,,,,,,,,,Y,3,0,2,2,A,-,08,22107,,F,D,E,A,A,H,-,A,D,0,,,,Y,Y,Y,A,01,0,2,0,0,0,0,0,0,0,"- ","- ",,,"SANTA BARBARA","SANTA MARIA",-120.45152,34.952027729999998
6641465,2014,2016-05-09,9760,2014-09-21,1520,18490,,7,2,9,4200,0,1,2,,2,010,"RT 101","SAN YSIDRO RD",3168.00,S,N,A,-,Y,SB,5,101,-,-,9.420,H,-,N,Y,4,0,1,3,A,-,03,22350,,N,C,C,A,A,H,-,A,D,1,,,,,Y,,A,07,0,0,1,0,0,0,0,0,0,"- ","- ",34.420969999999997,-119.62161999999999,"SANTA BARBARA",UNINCORPORATED,-119.62125896000001,34.421069279999998
6641477,2014,2016-05-09,9760,2014-09-16,1625,12263,,2,2,5,4203,0,1,2,,2,020,"RT 101","HOPE AV",2000.00,S,N,A,-,Y,SB,5,101,-,-,17.110,H,-,S,Y,4,0,1,3,A,-,03,22350,,N,C,C,A,A,H,-,A,D,1,,,,,Y,,A,01,0,0,1,0,0,0,0,0,0,"- ","- ",34.431289999999997,-119.74484,"SANTA BARBARA","SANTA BARBARA",-119.74274148000001,34.43012272
6641503,2014,2014-10-20,4204,2014-09-24,1528,90081,10,3,5,5,4204,0,0,0,,0,001,DONOVAN,MILLER,104.00,W,N,A,-,N,,,,,,,,,,Y,4,0,1,3,A,-,03,22350,,N,C,C,A,A,H,-,A,A,0,,,,,Y,,D,22,0,0,1,0,0,0,0,0,0,"- ","- ",,,"SANTA BARBARA","SANTA MARIA",-120.43157701,34.967689999999997
6641507,2014,2014-11-12,4204,2014-09-10,1437,90081,58,3,5,5,4204,0,0,0,,0,003,STOWELL,MILLER,127.00,E,N,A,-,N,,,,,,,,,,Y,2,0,4,5,A,-,03,22350,,N,C,C,A,A,H,-,A,A,0,,,,Y,Y,,G,27,1,1,2,0,0,0,0,0,0,"- ","- ",,,"SANTA BARBARA","SANTA MARIA",-120.43117646,34.938473950000002
6643747,2014,2015-01-14,9750,2014-11-16,0558,014449,,7,3,9,4200,0,1,3,,1,023,"RT 135","BELL ST",4752.00,N,N,A,-,Y,,,135,,,,,,,Y,4,0,1,2,A,-,06,21751,,N,A,C,A,A,H,-,D,D,0,,,,,Y,,A,01,0,0,1,0,0,0,0,0,0,"- ","- ",34.747680000000003,-120.30256,"SANTA BARBARA",UNINCORPORATED,-120.30256409,34.747653499999998
6643906,2014,2016-06-22,4200,2014-11-28,1559,3116,14,5,5,4,4214,0,0,0,,0,050,"FAIRVIEW AV","RT 101",0.00,,Y,A,-,Y,SB,5,101,-,-,22.710,R,4,S,Y,3,0,2,2,A,-,12,21453,A,N,D,C,A,A,H,-,A,A,0,,,,,Y,,D,22,0,1,1,0,0,0,0,0,0,"- ",SF,,,"SANTA BARBARA",GOLETA,-119.83548969,34.439181189999999
6643930,2014,2016-02-16,4202,2014-11-13,0853,22,,4,5,4,4202,0,0,0,,0,,"CHESTNUT AV","D ST",158.00,E,N,A,-,N,,,,,,,,,,Y,4,0,1,2,A,-,09,21804,A,N,D,C,A,A,H,-,A,D,0,,,,,Y,,D,22,0,0,1,0,0,0,0,0,0,"- ","- ",,,"SANTA BARBARA",LOMPOC,-120.4522549,34.642185869999999
6643934,2014,2015-01-16,4202,2014-11-18,1812,273,LOMPO,2,5,4,4202,0,0,0,,0,,"R ST","COLLEGE AV",0.00,,Y,A,-,N,,,,,,,,,,N,4,0,1,2,A,-,12,22450,,F,G,B,B,A,H,-,C,A,0,Y,,,,Y,,D,22,0,0,1,0,1,0,0,0,0,"- ","- ",,,"SANTA BARBARA",LOMPOC,-120.47046998,34.647120090000001
6644041,2014,2016-06-22,4200,2014-11-11,0408,2711,10,2,5,3,4205,0,0,0,,0,040,"VIA REAL","SANTA MONICA RD",148.00,E,N,A,-,Y,SB,5,101,-,-,3.820,R,4,N,Y,4,0,1,1,A,-,08,22107,,N,E,I,A,A,H,-,C,D,0,,,,,Y,,A,07,0,0,1,0,0,0,0,0,0,"- ","- ",,,"SANTA BARBARA",CARPINTERIA,-119.52945391999999,34.40392825
6613077,2014,2014-09-20,9750,2014-08-30,2307,018616,,6,3,9,4200,0,2,4,,1,024,"CLARK AV","LEON ST",138.00,E,N,A,-,N,,,,,,,,,,N,4,0,1,2,A,-,06,21750,,M,H,G,A,A,H,-,C,D,0,,Y,,,Y,,-,99,0,0,1,0,0,0,1,0,0,"- ","- ",34.86497,-120.41224,"SANTA BARBARA",UNINCORPORATED,-120.41225014,34.86505322
6614939,2014,2015-11-30,4200,2014-08-20,1803,4783,6,3,5,2,4206,0,0,0,,0,,"FIR AV","ATTERDAG RD",200.00,E,N,A,-,N,,,,,,,,,,Y,4,0,1,2,A,-,08,22107,,N,D,C,A,A,H,-,A,D,0,,,,,Y,,-,,0,0,1,0,0,0,0,0,0,"- ","- ",,,"SANTA BARBARA",SOLVANG,-120.14104578,34.596603430000002
6614988,2014,2016-05-09,9760,2014-08-26,1735,018754,,2,2,9,4200,0,1,2,,2,010,"RT 101","SAN YSIDRO RD",1200.00,N,N,A,-,Y,SB,5,101,-,-,10.250,H,-,S,N,4,0,1,2,A,-,03,22350,,N,C,C,A,A,H,-,A,D,1,,,,Y,Y,,F,26,0,0,1,0,0,0,0,0,0,"- ","- ",34.422519999999999,-119.6356,"SANTA BARBARA",UNINCORPORATED,-119.63537150000001,34.42247502
6614996,2014,2016-05-03,9760,2014-08-26,1035,015658,,2,1,9,4200,0,1,3,,1,022,"RT 154","SAN ANTONIO CREEK RD",5808.00,W,N,A,-,Y,SB,5,154,-,-,28.860,H,-,W,Y,3,0,2,2,A,-,05,21460,A,N,B,C,A,A,H,-,A,D,0,,,,,Y,,D,22,0,1,1,0,0,0,0,0,0,"- ","- ",34.47925,-119.77039000000001,"SANTA BARBARA",UNINCORPORATED,-119.77022042999999,34.479220650000002
6617589,2014,2016-05-07,4204,2014-08-22,1352,90081,67,5,5,5,4204,0,0,0,,0,003,BROADWAY,"ENOS DR",101.00,N,N,A,-,Y,SB,5,135,-,-,14.490,H,-,S,N,4,0,1,2,A,-,03,22350,,N,C,C,A,A,H,-,A,A,0,,,,,Y,,A,07,0,0,1,0,0,0,0,0,0,"- ","- ",,,"SANTA BARBARA","SANTA MARIA",-120.43612929,34.934399329999998
6617593,2014,2016-05-07,4204,2014-08-25,0515,90272,74,1,5,5,4204,0,0,0,,0,003,BROADWAY,"CARMEN LN",145.00,S,N,A,-,Y,SB,5,135,-,-,13.780,H,-,S,N,4,0,1,2,A,-,03,22350,,N,C,C,A,A,H,-,B,D,0,,,,,Y,,A,01,0,0,1,0,0,0,0,0,0,"- ","- ",,,"SANTA BARBARA","SANTA MARIA",-120.4361506,34.924371540000003
6617656,2014,2014-10-06,4200,2014-09-01,1858,3083,14,1,5,4,4214,0,0,0,,0,080,"HOLLISTER AV","S GLEN ANNIE RD",23.00,W,N,A,-,N,,,,,,,,,,Y,3,0,1,1,A,-,01,23152,A,M,A,I,A,A,D,-,C,D,0,,,,,Y,Y,D,22,0,1,0,0,0,0,0,0,0,"- ","- ",,,"SANTA BARBARA",GOLETA,-119.87184621999999,34.430199170000002
6618004,2014,2014-09-25,4203,2014-08-27,1603,2264,,3,5,5,4203,0,0,0,,0,002,"NINOS DR","CABRILLO BL",27.00,W,N,A,-,N,,,,,,,,,,N,3,0,2,3,A,-,10,21950,C,N,G,B,B,A,H,-,A,A,0,Y,,,,Y,,A,07,0,1,1,0,2,0,0,0,0,"- ","- ",34.253999999999998,-119.404,"SANTA BARBARA","SANTA BARBARA",-119.66746869000001,34.41734684
6618016,2014,2014-09-22,4203,2014-08-31,1627,4464,,7,5,5,4203,0,0,0,,0,001,"DE LA GUERRA ST","MILPAS ST",0.00,,Y,A,-,N,,,,,,,,,,N,3,0,1,2,A,-,05,21202,A,N,D,G,A,A,H,-,A,A,0,,Y,,,Y,,L,04,0,1,0,0,0,0,1,0,0,"- ","- ",34.254460000000002,-119.41216,"SANTA BARBARA","SANTA BARBARA",-119.68917997,34.429140089999997
6618024,2014,2014-09-22,4203,2014-08-30,2125,6114,52,6,5,5,4203,0,0,0,,0,005,"STATE ST",HITCHCOCK,5.00,W,N,A,-,N,,,,,,,,,,N,3,0,1,2,A,-,08,22107,,N,B,G,A,A,H,-,D,A,0,,Y,,,Y,,-,,0,1,0,0,0,0,1,0,0,"- ","- ",34.2624,-119.444,"SANTA BARBARA","SANTA BARBARA",-119.74446657,34.440480000000001
6618028,2014,2014-09-22,4203,2014-08-29,2143,2264,,5,5,5,4203,0,0,0,,0,005,"STATE ST","CONSTANCE AV",0.00,,Y,A,-,N,,,,,,,,,,Y,4,0,5,3,A,-,12,22450,A,N,-,C,A,A,H,-,C,A,0,,,,,Y,,A,01,0,0,5,0,0,0,0,0,0,"- ","- ",34.261069999999997,-119.43196,"SANTA BARBARA","SANTA BARBARA",-119.72232990000001,34.436400089999999
6645975,2014,2014-10-08,9760,2014-09-25,2200,018583,,4,3,9,4200,0,3,5,,2,002,"N SAN MARCOS RD","VIA PARVA",336.00,S,N,A,-,N,,,,,,,,,,Y,4,0,1,1,A,-,08,22107,,N,E,I,A,A,H,-,C,C,0,,,,,Y,,A,01,0,0,1,0,0,0,0,0,0,"- ","- ",34.456569999999999,-119.79622000000001,"SANTA BARBARA",UNINCORPORATED,-119.79616822,34.45696006
6645993,2014,2016-05-09,9760,2014-09-19,1725,019831,,5,2,5,4203,0,1,2,,2,011,"RT 101","LAS POSITAS RD",223.00,S,N,A,-,Y,SB,5,101,-,-,16.510,H,-,S,Y,3,0,3,3,A,-,03,22350,,N,C,C,A,A,H,-,A,D,1,,,,,Y,,A,01,0,1,2,0,0,0,0,0,0,"- ","- ",34.427779999999998,-119.73283000000001,"SANTA BARBARA","SANTA BARBARA",-119.73302775000001,34.427840500000002
6645997,2014,2016-05-09,9760,2014-09-24,1645,014690,,3,2,5,4203,0,1,2,,2,011,"RT 101","JUNIPERO ST PED",150.00,N,N,A,-,Y,SB,5,101,-,-,16.260,H,-,S,Y,4,0,1,4,A,-,03,22350,,N,C,C,A,A,H,-,A,D,1,,,,,Y,,A,01,0,0,1,0,0,0,0,0,0,"- ","- ",34.426940000000002,-119.72878,"SANTA BARBARA","SANTA BARBARA",-119.72867757,34.427006849999998
6646722,2014,2015-01-22,4203,2014-09-25,1128,2661,,4,5,5,4203,0,0,0,,0,004,"CHAPALA ST","CARRILLO ST",0.00,,Y,A,-,N,,,,,,,,,,N,2,0,1,2,A,-,"- ",,,N,G,-,D,A,H,-,A,A,0,Y,,,,Y,,N,60,1,0,0,0,1,0,0,0,0,"- ","- ",34.251100000000001,-119.4211,"SANTA BARBARA","SANTA BARBARA",-119.70296994,34.420450109999997
6646726,2014,2016-05-03,4203,2014-09-24,1826,6110,,3,5,5,4203,0,0,0,,0,006,"RT 225","MODOC RD",100.00,W,N,A,-,Y,SB,5,225,-,-,0.150,H,-,W,N,3,0,1,2,A,-,03,22350,,N,C,C,A,A,H,-,A,D,0,,,,,Y,,-,,0,1,0,0,0,0,0,0,0,"- ","- ",34.420000000000002,-119.73999999999999,"SANTA BARBARA","SANTA BARBARA",-119.7345612,34.426139190000001
6646730,2014,2016-05-03,4203,2014-09-17,1432,3769,,3,5,5,4203,0,0,0,,0,006,"CLIFF DR","OCEANO AV",68.00,W,N,A,-,Y,SB,5,225,-,-,3.790,H,-,E,N,3,0,1,1,A,-,04,21703,,N,H,J,A,A,H,-,A,D,0,,,,,Y,,-,,0,1,0,0,0,0,0,0,0,"- ","- ",34.4041,-119.7055,"SANTA BARBARA","SANTA BARBARA",-119.70562725000001,34.40420451