CASE_ID,ACCIDENT_YEAR,PROC_DATE,JURIS,COLLISION_DATE,COLLISION_TIME,OFFICER_ID,REPORTING_DISTRICT,DAY_OF_WEEK,CHP_SHIFT,POPULATION,CNTY_CITY_LOC,SPECIAL_COND,BEAT_TYPE,CHP_BEAT_TYPE,CITY_DIVISION_LAPD,CHP_BEAT_CLASS,BEAT_NUMBER,PRIMARY_RD,SECONDARY_RD,DISTANCE,DIRECTION,INTERSECTION,WEATHER_1,WEATHER_2,STATE_HWY_IND,CALTRANS_COUNTY,CALTRANS_DISTRICT,STATE_ROUTE,ROUTE_SUFFIX,POSTMILE_PREFIX,POSTMILE,LOCATION_TYPE,RAMP_INTERSECTION,SIDE_OF_HWY,TOW_AWAY,COLLISION_SEVERITY,NUMBER_KILLED,NUMBER_INJURED,PARTY_COUNT,PRIMARY_COLL_FACTOR,PCF_CODE_OF_VIOL,PCF_VIOL_CATEGORY,PCF_VIOLATION,PCF_VIOL_SUBSECTION,HIT_AND_RUN,TYPE_OF_COLLISION,MVIW,PED_ACTION,ROAD_SURFACE,ROAD_COND_1,ROAD_COND_2,LIGHTING,CONTROL_DEVICE,CHP_ROAD_TYPE,PEDESTRIAN_ACCIDENT,BICYCLE_ACCIDENT,MOTORCYCLE_ACCIDENT,TRUCK_ACCIDENT,NOT_PRIVATE_PROPERTY,ALCOHOL_INVOLVED,STWD_VEHTYPE_AT_FAULT,CHP_VEHTYPE_AT_FAULT,COUNT_SEVERE_INJ,COUNT_VISIBLE_INJ,COUNT_COMPLAINT_PAIN,COUNT_PED_KILLED,COUNT_PED_INJURED,COUNT_BICYCLIST_KILLED,COUNT_BICYCLIST_INJURED,COUNT_MC_KILLED,COUNT_MC_INJURED,PRIMARY_RAMP,SECONDARY_RAMP,LATITUDE,LONGITUDE,COUNTY,CITY,POINT_X,POINT_Y
6646734,2014,2014-12-10,4203,2014-09-23,2057,6495,,2,5,5,4203,0,0,0,,0,006,"SAN ANDRES ST","ANAPAMU ST",0.00,,Y,A,-,N,,,,,,,,,,Y,3,0,2,2,A,-,01,23153,A,N,D,C,A,A,H,-,C,A,0,,,,,Y,Y,-,,0,1,1,0,0,0,0,0,0,"- ","- ",34.245750000000001,-119.42446,"SANTA BARBARA","SANTA BARBARA",-119.71233999,34.415970049999999
6646738,2014,2014-12-10,4203,2014-09-20,0945,0394,4203,6,5,5,4203,0,0,0,,0,004,"VICTORIA ST","CHAPALA ST",8.00,E,N,A,-,N,,,,,,,,,,N,3,0,1,2,D,-,00,,,N,-,B,B,A,H,-,A,A,0,Y,,,,Y,,-,"- ",0,1,0,0,1,0,0,0,0,"- ","- ",34.252360000000003,-119.42247,"SANTA BARBARA","SANTA BARBARA",-119.70687212,34.423256219999999
6646742,2014,2014-12-09,4203,2014-09-22,0214,2720,,1,5,5,4203,0,0,0,,0,004,"CHAPALA ST","W HALEY ST",6.00,S,N,A,-,N,,,,,,,,,,N,4,0,1,2,A,-,10,21950,A,N,G,B,B,A,H,-,C,A,0,Y,,,,Y,,-,,0,0,1,0,1,0,0,0,0,"- ","- ",34.415819999999997,-119.69671,"SANTA BARBARA","SANTA BARBARA",-119.69663499000001,34.415739199999997
6646750,2014,2014-12-10,4203,2014-09-25,1145,7568,,4,5,5,4203,0,0,0,,0,005,"JUNIPERO ST","ALAMAR ST",90.00,W,N,A,-,N,,,,,,,,,,N,4,0,1,2,A,-,03,22350,,N,C,C,A,A,H,-,A,D,0,,,,,Y,,-,,0,0,1,0,0,0,0,0,0,"- ","- ",34.4285,-119.72629999999999,"SANTA BARBARA","SANTA BARBARA",-119.72630251,34.428561270000003
6646754,2014,2014-12-09,4203,2014-09-29,0652,6700,11,1,5,5,4203,0,0,0,,0,002,"COAST VILLAGE RD","MIDDLE RD",121.00,W,N,A,-,N,,,,,,,,,,N,3,0,1,2,A,-,09,21801,A,N,D,G,A,A,H,-,B,D,0,,Y,,,Y,,A,01,0,1,0,0,0,0,1,0,0,"- ","- ",34.251629999999999,-119.38427,"SANTA BARBARA","SANTA BARBARA",-119.64506924,34.421150130000001
6627082,2014,2016-05-07,4204,2014-08-13,0958,23601,81,3,5,5,4204,0,0,0,,0,003,"MCCOY LN",BROADWAY,0.00,,Y,A,-,Y,SB,5,135,-,-,13.260,I,5,N,Y,2,0,1,2,A,-,12,21453,A,N,D,C,A,A,H,-,A,A,0,,,,,Y,,A,01,1,0,0,0,0,0,0,0,0,"- ","- ",,,"SANTA BARBARA","SANTA MARIA",-120.43591462000001,34.91667082
6627279,2014,2014-10-03,4204,2014-09-09,1313,18261,41,2,5,5,4204,0,0,0,,0,002,CYPRESS,SMITH,0.00,,Y,A,-,N,,,,,,,,,,Y,4,0,1,2,A,-,09,21800,A,N,D,D,A,A,H,-,A,D,0,,,,,Y,,A,07,0,0,1,0,0,0,0,0,0,"- ","- ",,,"SANTA BARBARA","SANTA MARIA",-120.44254986,34.950960000000002
6627723,2014,2016-05-07,9750,2014-09-07,1455,015334,,7,2,9,4200,0,1,3,,1,023,"RT 135","AUGUSTA ST",210.00,S,N,B,-,Y,SB,5,135,-,-,0.280,H,-,S,Y,3,0,3,2,A,-,09,21801,A,N,D,C,A,A,H,-,A,D,0,,,,,Y,,A,07,0,3,0,0,0,0,0,0,0,"- ","- ",34.743850000000002,-120.28523,"SANTA BARBARA",UNINCORPORATED,-120.27535408,34.743795759999998
6627731,2014,2016-05-07,9750,2014-09-13,0905,013766,,6,1,9,4200,0,1,3,,1,023,"RT 135","HARRIS GRADE RD",6864.00,S,N,B,-,Y,SB,5,135,-,R,7.800,H,-,S,N,2,0,2,2,A,-,08,22107,,N,H,G,A,A,H,-,A,D,0,,Y,,,Y,,L,04,1,1,0,0,0,0,2,0,0,"- ","- ",34.758949999999999,-120.40397,"SANTA BARBARA",UNINCORPORATED,-120.40349731000001,34.75892795
6627735,2014,2014-09-27,9750,2014-09-16,0740,014645,,2,1,9,4200,0,3,5,,2,020,"PARKVIEW SOUTH","HUMMEL DR",0.00,,Y,A,-,N,,,,,,,,,,N,4,0,2,2,A,-,09,21804,A,N,D,C,A,A,H,-,A,D,0,,,,,Y,,A,01,0,0,2,0,0,0,0,0,0,"- ","- ",34.87659,-120.42952,"SANTA BARBARA",UNINCORPORATED,-120.42947992000001,34.876550100000003
6627793,2014,2014-10-07,4203,2014-09-14,1150,1497,,7,5,5,4203,0,0,0,,0,005,"DE LA VINA ST","W PUEBLO ST",0.00,,Y,A,-,N,,,,,,,,,,Y,4,0,1,2,A,-,09,21802,A,N,D,C,A,A,H,-,A,D,0,,,,,Y,,-,,0,0,1,0,0,0,0,0,0,"- ","- ",34.255400000000002,-119.4314,"SANTA BARBARA","SANTA BARBARA",-119.72067991999999,34.431650040000001
6627797,2014,2014-10-07,4203,2014-09-15,0757,6700,23,1,5,5,4203,0,0,0,,0,006,"VALERIO ST","PAMPAS AV",61.00,W,N,A,-,N,,,,,,,,,,Y,2,0,1,1,A,-,08,22107,,N,F,-,A,A,H,-,A,D,0,,,,,Y,,A,01,1,0,0,0,0,0,0,0,0,"- ","- ",34.253909999999998,-119.43174,"SANTA BARBARA","SANTA BARBARA",-119.72139845,34.417777979999997
6627829,2014,2014-10-07,4203,2014-09-10,0741,6700,56,3,5,5,4203,0,0,0,,0,005,"CIENEGUITAS RD","FOOTHILL RD",623.00,S,N,A,-,N,,,,,,,,,,N,4,0,1,2,A,-,09,21804,,N,D,C,A,A,H,-,A,D,0,,,,,Y,,A,01,0,0,1,0,0,0,0,0,0,"- ","- ",34.265880000000003,-119.45353,"SANTA BARBARA","SANTA BARBARA",-119.75982911,34.449759460000003
6627833,2014,2014-10-07,4203,2014-09-13,2150,9018,,6,5,5,4203,0,0,0,,0,001,"QUARANTINA ST","DE LA GUERRA ST",36.00,E,N,A,-,N,,,,,,,,,,Y,4,0,1,2,A,-,09,21802,A,N,D,C,A,A,H,-,C,A,0,,,,,Y,,-,,0,0,1,0,0,0,0,0,0,"- ","- ",34.253790000000002,-119.41298999999999,"SANTA BARBARA","SANTA BARBARA",-119.69136001,34.426955120000002
6627837,2014,2014-10-07,4203,2014-09-14,1353,2386,,7,5,5,4203,0,0,0,,0,004,"STATE ST","DE LA VINA ST",132.00,S,N,A,-,N,,,,,,,,,,N,3,0,1,2,A,-,17,22517,,N,B,G,A,A,H,-,A,A,0,,Y,,,Y,,-,,0,1,0,0,0,0,1,0,0,"- ","- ",34.25103,-119.41571999999999,"SANTA BARBARA","SANTA BARBARA",-119.7310571,34.440379999999998
6628120,2014,2014-09-23,9760,2014-07-25,1240,019831,,5,1,9,4200,0,3,5,,2,001,"LILAC DR","TOLLIS AV",20.00,W,N,A,-,N,,,,,,,,,,N,2,0,1,2,A,-,05,21650,1,M,A,C,A,A,H,-,A,D,0,,Y,,,Y,,L,04,1,0,0,0,0,0,1,0,0,"- ","- ",34.442230000000002,-119.60816,"SANTA BARBARA",UNINCORPORATED,-119.60841531,34.442293530000001
6618032,2014,2015-12-03,4203,2014-08-27,1747,7795,,3,5,5,4203,0,0,0,,0,006,"SAN ANDRES ST","W ANAPAMU ST",0.00,,Y,A,-,N,,,,,,,,,,N,4,0,1,2,D,-,00,,,N,D,C,A,A,H,-,A,D,0,,,,,Y,,-,"- ",0,0,1,0,0,0,0,0,0,"- ","- ",,,"SANTA BARBARA","SANTA BARBARA",-119.71233999,34.415970049999999
6618037,2014,2016-05-03,4204,2014-08-15,1446,90081,32,5,5,5,4204,0,0,0,,0,002,MAIN,"RUSSELL AV",93.00,E,N,A,-,Y,SB,5,166,-,-,7.000,H,-,W,N,4,0,1,2,A,-,03,22350,,N,C,C,A,A,H,-,A,A,0,,,,,Y,,A,01,0,0,1,0,0,0,0,0,0,"- ","- ",,,"SANTA BARBARA","SANTA MARIA",-120.45155762,34.953350819999997
6618053,2014,2014-09-22,4202,2014-08-27,0839,32104,,3,5,4,4202,0,0,0,,0,,"V ST","NORTH AV",36.00,S,N,A,-,N,,,,,,,,,,N,4,0,1,2,A,-,03,22350,,N,C,C,A,A,H,-,A,D,0,,,,,Y,,A,01,0,0,1,0,0,0,0,0,0,"- ","- ",,,"SANTA BARBARA",LOMPOC,-120.47533247,34.653441129999997
6618057,2014,2016-05-04,4202,2014-08-14,1105,239,LOMPO,4,5,4,4202,0,0,0,,0,007,"RT 1","COLLEGE AV",155.00,N,N,A,-,Y,SB,5,1,-,-,21.150,H,-,S,Y,4,0,3,3,A,-,03,22350,,N,C,C,A,A,H,-,A,A,0,,,,,Y,,A,07,0,0,3,0,0,0,0,0,0,"- ","- ",,,"SANTA BARBARA",LOMPOC,-120.45786662,34.647464100000001
6618058,2014,2014-09-22,4200,2014-08-29,0740,3116,14,5,5,4,4214,0,0,0,,0,080,"GLENN ANNIE RD","CATHEDRAL OAKS RD",373.00,S,N,A,-,N,,,,,,,,,,Y,4,0,1,3,A,-,03,22350,,N,C,C,A,A,H,-,A,D,0,,,,,Y,,A,01,0,0,1,0,0,0,0,0,0,"- ","- ",,,"SANTA BARBARA",GOLETA,-119.87396554999999,34.439928879999997
6618065,2014,2016-05-04,4202,2014-08-06,1236,22,,3,5,4,4202,0,0,0,,0,,"RT 1","NORTH AV",33.00,N,N,A,-,Y,SB,5,1,-,-,21.570,H,-,S,N,4,0,1,2,A,-,03,22350,,N,C,C,A,-,H,-,A,A,0,,,,,Y,,A,01,0,0,1,0,0,0,0,0,0,"- ","- ",,,"SANTA BARBARA",LOMPOC,-120.45779401,34.653570889999997
6618955,2014,2014-09-25,9750,2014-08-31,1640,015514,,7,2,9,4200,0,3,5,,2,030,"COLSON CANYON RD","TEPUSQUET RD",1056.00,E,N,A,-,N,,,,,,,,,,Y,4,0,1,1,A,-,08,22107,,N,F,A,A,A,B,-,A,D,0,,,,,Y,,D,22,0,0,1,0,0,0,0,0,0,"- ","- ",34.925339999999998,-120.21705,"SANTA BARBARA",UNINCORPORATED,-120.21713037000001,34.92531872
6621125,2014,2014-09-25,4204,2014-08-25,2100,90269,52,1,5,5,4204,0,0,0,,0,002,COOK,MCCLELLAND,0.00,,Y,A,-,N,,,,,,,,,,N,4,0,1,2,A,-,09,21453,B,F,D,C,A,A,H,-,C,A,0,,,,,Y,,D,22,0,0,1,0,0,0,0,0,0,"- ","- ",,,"SANTA BARBARA","SANTA MARIA",-120.43427996,34.949860000000001
6621130,2014,2014-09-24,4204,2014-09-05,1046,22751,58,5,5,5,4204,0,0,0,,0,002,"STOWELL RD","EAST AV",200.00,W,N,B,-,N,,,,,,,,,,N,4,0,1,2,A,-,17,22517,,N,H,G,A,A,H,-,A,D,0,,Y,,,Y,,D,82,0,0,1,0,0,0,1,0,0,"- ","- ",,,"SANTA BARBARA","SANTA MARIA",-120.42772709,34.938429999999997
6621132,2014,2015-05-28,4204,2014-09-04,0254,90239,050,4,5,5,4204,0,0,0,,0,002,"WESTERN AV",ORANGE,0.00,,Y,A,-,N,,,,,,,,,,Y,3,0,1,4,A,-,12,22450,A,M,B,E,A,A,H,-,C,A,0,,,,,Y,,-,99,0,1,0,0,0,0,0,0,0,"- ","- ",,,"SANTA BARBARA","SANTA MARIA",-120.44940991,34.948380059999998
6621135,2014,2016-05-07,4204,2014-09-09,1131,22104,52,2,5,5,4204,0,0,0,,0,002,BROADWAY,JONES,0.00,,Y,A,-,Y,SB,5,135,-,-,15.280,I,5,N,Y,4,0,1,2,A,-,09,21802,A,N,D,C,A,A,H,-,A,A,0,,,,,Y,,A,01,0,0,1,0,0,0,0,0,0,"- ","- ",,,"SANTA BARBARA","SANTA MARIA",-120.43591585999999,34.94587147
6621193,2014,2016-05-07,4204,2014-08-17,1620,90271,SMPD,7,5,5,4204,0,0,0,,0,001,BROADWAY,GRANT,390.00,S,N,A,-,Y,SB,5,135,-,-,17.060,H,-,S,N,2,0,1,2,A,-,09,21801,A,N,B,C,A,A,H,-,A,D,0,,,,,Y,,A,08,1,0,0,0,0,0,0,0,0,"- ","- ",,,"SANTA BARBARA","SANTA MARIA",-120.43568688000001,34.971762650000002
6621194,2014,2016-05-07,4204,2014-08-17,1219,19101,05,7,5,5,4204,0,0,0,,0,001,BROADWAY,"PREISKER LN",706.00,E,N,A,-,Y,SB,5,135,-,-,17.660,H,-,S,Y,3,0,3,2,A,-,08,22107,,N,A,C,A,A,H,-,A,D,0,,,,,Y,,A,08,0,1,2,0,0,0,0,0,0,"- ","- ",,,"SANTA BARBARA","SANTA MARIA",-120.43321663,34.980015399999999
6621220,2014,2014-10-08,4204,2014-09-08,1051,23397,15,1,5,5,4204,0,0,0,,0,001,"ALVIN AV",THORNBURG,0.00,,Y,A,-,N,,,,,,,,,,Y,3,0,2,2,A,-,08,22107,,N,D,C,A,A,A,-,A,D,0,,,,,Y,,A,01,0,2,0,0,0,0,0,0,0,"- ","- ",,,"SANTA BARBARA","SANTA MARIA",-120.44026995999999,34.960480060000002
6621221,2014,2016-05-07,4204,2014-09-07,1159,22104,57,7,5,5,4204,0,0,0,,0,003,BROADWAY,PERSHING,90.00,S,N,A,-,Y,SB,5,135,-,-,14.880,H,-,S,Y,4,0,1,3,A,-,03,22350,,N,C,C,A,A,H,-,A,A,0,,,,,Y,,A,01,0,0,1,0,0,0,0,0,0,"- ","- ",,,"SANTA BARBARA","SANTA MARIA",-120.43606445,34.940032799999997
6621836,2014,2016-05-04,4202,2014-08-21,1602,22,,4,5,4,4202,0,0,0,,0,,"RT 1","CENTRAL AV",98.00,S,N,A,-,Y,SB,5,1,-,-,22.050,H,-,N,N,4,0,1,2,A,-,04,21703,,N,C,C,A,A,H,-,A,D,0,,,,,Y,,A,01,0,0,1,0,0,0,0,0,0,"- ","- ",,,"SANTA BARBARA",LOMPOC,-120.45761709999999,34.660545579999997
6621840,2014,2014-09-24,4202,2014-08-31,1817,291,LOMPO,7,5,4,4202,0,0,0,,0,011,"LAUREL AV","A ST",152.00,W,N,A,-,N,,,,,,,,,,N,2,0,1,2,A,-,09,21804,A,N,D,G,A,A,H,-,A,D,0,,Y,,,Y,Y,L,04,1,0,0,0,0,0,1,0,0,"- ","- ",,,"SANTA BARBARA",LOMPOC,-120.44945509999999,34.644117960000003
6622120,2014,2014-10-03,4203,2014-09-03,1050,2661,,3,5,5,4203,0,0,0,,0,006,"FERRARA WY","MODOC RD",281.00,W,N,A,-,N,,,,,,,,,,Y,4,0,1,2,A,-,08,22107,,N,B,C,A,A,H,-,A,D,0,,,,,Y,,-,,0,0,1,0,0,0,0,0,0,"- ","- ",34.254600000000003,-119.4442,"SANTA BARBARA","SANTA BARBARA",-119.74506024999999,34.42987943
6622159,2014,2014-10-14,4203,2014-09-05,1228,2661,,5,5,5,4203,0,0,0,,0,001,"ANAPAMU ST","ALTA VISTA RD",108.00,W,N,A,-,N,,,,,,,,,,Y,2,0,1,1,A,-,"- ",,,N,E,I,A,A,H,-,A,A,0,,,,,Y,,-,,1,0,0,0,0,0,0,0,0,"- ","- ",34.254899999999999,-119.4148,"SANTA BARBARA","SANTA BARBARA",-119.69676291,34.430624909999999
6622979,2014,2016-05-03,9750,2014-09-02,1145,016773,,2,1,9,4200,0,1,3,,1,011,"RT 166","BLACK RD",0.00,,Y,A,-,Y,SB,5,154,-,-,4.817,I,5,E,Y,4,0,1,2,A,-,09,21802,A,N,D,C,A,A,H,-,A,A,0,,,,,Y,,A,01,0,0,1,0,0,0,0,0,0,"- ","- ",34.955329999999996,-120.4896,"SANTA BARBARA",UNINCORPORATED,-120.09268981,34.647474600000002
6622983,2014,2014-10-01,9750,2014-09-04,0945,013766,,4,1,9,4200,0,3,5,,2,020,"BRADLEY RD","CLARK AV",68.00,S,N,B,-,N,,,,,,,,,,N,4,0,1,2,A,-,03,22350,,N,C,C,A,A,H,-,A,A,0,,,,,Y,,A,07,0,0,1,0,0,0,0,0,0,"- ","- ",34.866120000000002,-120.41876999999999,"SANTA BARBARA",UNINCORPORATED,-120.41878378,34.864833300000001
6623024,2014,2016-05-07,9750,2014-09-04,1850,018009,,4,2,9,4200,0,1,3,,1,021,"RT 135","UNION VALLEY PKWY",15.00,N,N,A,-,Y,SB,5,135,-,-,10.700,H,-,S,N,4,0,1,2,A,-,21,22106,,N,C,C,A,A,H,-,A,A,5,,,,,Y,,A,01,0,0,1,0,0,0,0,0,0,"- ","- ",34.880040000000001,-120.43678,"SANTA BARBARA",UNINCORPORATED,-120.43667479,34.879555590000002
6651093,2014,2015-03-03,4202,2014-09-10,1844,239,LOMPO,3,5,4,4202,0,0,0,,0,001,"CENTRAL AV","O ST",0.00,,Y,A,-,N,,,,,,,,,,Y,3,0,3,2,A,-,09,21453,C,N,A,C,A,A,H,-,A,A,0,,,,,Y,,A,01,0,2,1,0,0,0,0,0,0,"- ","- ",,,"SANTA BARBARA",LOMPOC,-120.46640987000001,34.660900089999998
6646785,2014,2014-12-09,4203,2014-09-30,0912,1497,,2,5,5,4203,0,0,0,,0,004,"W MICHELTORENA ST","CHAPALA ST",36.00,W,N,A,-,N,,,,,,,,,,N,4,0,1,2,A,-,03,22350,,M,C,C,A,A,H,-,A,D,0,,,,,Y,,-,,0,0,1,0,0,0,0,0,0,"- ","- ",34.252899999999997,-119.4234,"SANTA BARBARA","SANTA BARBARA",-119.70952693,34.425064460000002
6646798,2014,2014-12-10,4203,2014-09-16,1903,4732,,2,5,5,4203,0,0,0,,0,006,"CLIFF DR","ALAN RD",1056.00,W,N,A,-,N,,,,,,,,,,Y,3,0,1,2,A,-,05,21460,A,N,A,C,A,A,H,-,B,D,0,,,,,Y,Y,-,,0,1,0,0,0,0,0,0,0,"- ","- ",34.241459999999996,-119.44387,"SANTA BARBARA","SANTA BARBARA",-119.74380675,34.403959999999998
6648010,2014,2016-05-03,4202,2014-09-18,1338,292,,4,5,4,4202,0,0,0,,0,,"RT 246","7TH ST",0.00,,Y,A,-,Y,SB,5,1,-,-,19.530,I,5,N,N,3,0,1,2,A,-,"- ",,,N,D,G,A,A,H,-,A,A,0,,Y,,Y,Y,,L,04,0,1,0,0,0,0,1,0,0,"- ","- ",,,"SANTA BARBARA",LOMPOC,-120.44030586,34.638913289999998
6648020,2014,2014-10-22,4200,2014-09-09,1409,3683,14,2,5,4,4214,0,0,0,,0,060,"HOLLISTER AV","STORKE RD",9.00,E,N,A,-,N,,,,,,,,,,N,4,0,1,2,A,-,21,22106,,N,C,C,A,A,H,-,A,D,0,,,,,Y,,A,07,0,0,1,0,0,0,0,0,0,"- ","- ",,,"SANTA BARBARA",GOLETA,-119.86972016999999,34.430100000000003
6648032,2014,2016-05-03,4204,2014-09-26,0642,90246,41,5,5,5,4204,0,0,0,,0,002,MAIN,SMITH,0.00,,Y,A,-,Y,SB,5,166,-,-,7.490,I,5,W,Y,4,0,1,2,A,-,03,22350,,N,C,C,A,A,H,-,A,D,0,,,,,Y,,D,22,0,0,1,0,0,0,0,0,0,"- ","- ",,,"SANTA BARBARA","SANTA MARIA",-120.44272220000001,34.953265049999999
6648244,2014,2014-10-16,4200,2014-09-23,1925,3083,14,2,5,4,4214,0,0,0,,0,050,"CALLE REAL","ENCINA LN",848.00,E,N,A,-,N,,,,,,,,,,N,4,0,1,2,A,-,09,21804,A,N,D,C,A,A,H,-,B,D,0,,,,,Y,,A,01,0,0,1,0,0,0,0,0,0,"- ","- ",,,"SANTA BARBARA",GOLETA,-119.82492818,34.441296790000003
6648248,2014,2014-10-16,4200,2014-09-15,0911,3683,14,1,5,4,4214,0,0,0,,0,050,"CALLE REAL","ENCINA LN",70.00,E,N,A,-,N,,,,,,,,,,N,4,0,1,2,A,-,03,22350,,N,C,C,A,A,H,-,A,A,0,,,,,Y,,A,07,0,0,1,0,0,0,0,0,0,"- ","- ",,,"SANTA BARBARA",GOLETA,-119.82749887999999,34.441463249999998
6648276,2014,2016-05-07,4204,2014-09-06,2020,90242,75,6,5,5,4204,0,0,0,,0,003,BROADWAY,"INGER DR",0.00,,Y,A,-,Y,SB,5,135,-,-,13.950,I,5,N,Y,2,0,1,2,A,-,11,21950,B,N,G,B,D,A,H,-,C,D,0,Y,,,,Y,,N,60,1,0,0,0,1,0,0,0,0,"- ","- ",,,"SANTA BARBARA","SANTA MARIA",-120.43594415,34.926790310000001
6650315,2014,2014-10-27,4204,2014-09-02,2103,90272,060,2,5,5,4204,0,0,0,,0,003,"W STOWELL RD",WESTERN,0.00,,Y,A,-,N,,,,,,,,,,Y,2,0,2,4,A,-,01,23153,B,F,B,E,A,A,H,-,A,D,0,,,,,Y,Y,A,01,1,1,0,0,0,0,0,0,0,"- ","- ",,,"SANTA BARBARA","SANTA MARIA",-120.4495799,34.938720109999998
6650316,2014,2014-10-27,4204,2014-09-25,0808,22807,18,4,5,5,4204,0,0,0,,0,001,"ALVIN AV","BRADLEY RD",0.00,,Y,A,-,N,,,,,,,,,,Y,4,0,1,2,A,-,03,22350,,N,C,C,A,A,H,-,A,D,0,,,,,Y,,A,01,0,0,1,0,0,0,0,0,0,"- ","- ",,,"SANTA BARBARA","SANTA MARIA",-120.42062987,34.960330020000001
6650857,2014,2016-05-03,4204,2014-09-24,1055,90081,59,3,5,5,4204,0,0,0,,0,002,"NICHOLSON AV","STOWELL RD",264.00,N,N,A,-,Y,SB,5,101,-,-,88.780,R,4,N,Y,4,0,1,3,A,-,03,22350,,N,C,C,A,A,D,-,A,D,0,,,Y,,Y,,A,01,0,0,1,0,0,0,0,0,0,"- ","- ",,,"SANTA BARBARA","SANTA MARIA",-120.4171954,34.955400529999999
6650861,2014,2014-11-14,4204,2014-09-18,1143,90081,75,4,5,5,4204,0,0,0,,0,003,"BETTERAVIA RD","COLLEGE DR",86.00,E,N,A,-,N,,,,,,,,,,N,4,0,2,2,A,-,03,22350,,N,C,C,A,-,H,-,A,A,0,,,,,Y,,A,01,0,0,2,0,0,0,0,0,0,"- ","- ",,,"SANTA BARBARA","SANTA MARIA",-120.42535331000001,34.923743700000003
6650892,2014,2014-10-10,4204,2014-09-13,1358,90272,007,6,5,5,4204,0,0,0,,0,001,CRESTON,"BARRINGTON DR",25.00,N,N,A,-,N,,,,,,,,,,Y,4,0,1,3,A,-,09,21802,A,N,D,E,A,A,H,-,A,A,0,,,,,Y,,A,01,0,0,1,0,0,0,0,0,0,"- ","- ",,,"SANTA BARBARA","SANTA MARIA",-120.44508999999999,34.97139
6650900,2014,2014-10-10,4204,2014-09-25,0703,18261,58,4,5,5,4204,0,0,0,,0,003,"STOWELL RD",MILLER,0.00,,Y,A,-,N,,,,,,,,,,N,4,0,1,2,A,-,12,21453,A,N,D,C,A,A,H,-,A,A,0,,,,,Y,,A,01,0,0,1,0,0,0,0,0,0,"- ","- ",,,"SANTA BARBARA","SANTA MARIA",-120.43159996,34.938480089999999
6650911,2014,2016-05-09,9760,2014-09-30,0755,014690,,2,1,5,4203,0,1,2,,2,020,"RT 101","HOPE AV",650.00,S,N,A,-,Y,SB,5,101,-,-,17.370,H,-,S,Y,4,0,1,4,A,-,04,21703,,N,C,C,A,A,H,-,A,D,1,,,,,Y,,A,01,0,0,1,0,0,0,0,0,0,"- ","- ",34.43235,-119.74638,"SANTA BARBARA","SANTA BARBARA",-119.74645715,34.432329869999997
6650915,2014,2016-05-09,9760,2014-09-26,0900,019464,,5,1,5,4203,0,1,2,,2,020,"RT 101","LAS POSITAS RD",50.00,N,N,A,-,Y,SB,5,101,-,-,16.720,R,1,S,N,4,0,1,2,A,-,21,22106,,N,C,C,A,A,H,-,A,A,1,,,,,Y,,A,01,0,0,1,0,0,0,0,0,0,"- ","- ",34.42794,-119.73575,"SANTA BARBARA","SANTA BARBARA",-119.73655768,34.428189449999998
6650923,2014,2016-05-09,9760,2014-09-18,0820,018490,,4,1,9,4200,0,1,2,,2,011,"RT 101","LOS POSITAS RD",2060.00,S,N,A,-,Y,SB,5,101,-,-,16.160,H,-,N,Y,4,0,1,3,A,-,03,22350,,N,C,C,A,A,H,-,A,D,1,,,,,Y,,A,07,0,0,1,0,0,0,0,0,0,"- ","- ",34.42689,-119.72692000000001,"SANTA BARBARA",UNINCORPORATED,-119.72691904,34.426884690000001
6650927,2014,2016-05-09,9760,2014-09-21,1436,018490,,7,2,9,4200,0,1,2,,2,010,"RT 101","SAN YSIDRO RD",694.00,S,N,A,-,Y,SB,5,101,-,-,9.890,H,-,S,Y,4,0,1,3,A,-,03,22350,,N,C,C,A,A,H,-,A,D,1,,,,,Y,,A,01,0,0,1,0,0,0,0,0,0,"- ","- ",34.421689999999998,-119.62929,"SANTA BARBARA",UNINCORPORATED,-119.62934365,34.421658800000003
6667068,2014,2014-11-04,4203,2014-09-16,1710,2661,,2,5,5,4203,0,0,0,,0,005,"STATE ST","ONTARE RD",50.00,W,N,A,-,N,,,,,,,,,,N,4,0,1,3,A,-,03,22350,,N,C,C,A,A,H,-,A,A,0,,,,,Y,,-,,0,0,1,0,0,0,0,0,0,"- ","- ",34.2624,-119.4425,"SANTA BARBARA","SANTA BARBARA",-119.74025571,34.440420000000003
6668724,2014,2014-10-23,9760,2014-09-20,1005,018490,,6,1,9,4200,0,3,5,,2,001,"GREENWELL AV","ORTEGA RIDGE RD",1056.00,S,N,A,-,N,,,,,,,,,,N,4,0,1,1,A,-,08,22107,,N,F,A,A,A,H,-,A,D,0,,Y,,,Y,,L,04,0,0,1,0,0,0,1,0,0,"- ","- ",34.42765,-119.59715,"SANTA BARBARA",UNINCORPORATED,-119.59807149,34.427761269999998
6668807,2014,2014-12-15,9760,2014-10-01,1215,12518,,3,1,9,4200,0,3,5,,2,002,"OLD SAN MARCOS RD","TWIN RIDGE RD",6864.00,N,N,A,-,N,,,,,,,,,,Y,2,0,2,2,A,-,17,21662,A,N,H,G,A,A,H,-,A,D,0,,Y,Y,,Y,,L,04,1,1,0,0,0,0,1,0,1,"- ","- ",34.284500000000001,-119.47499999999999,"SANTA BARBARA",UNINCORPORATED,-119.79703548000001,34.479205489999998