CASE_ID,ACCIDENT_YEAR,PROC_DATE,JURIS,COLLISION_DATE,COLLISION_TIME,OFFICER_ID,REPORTING_DISTRICT,DAY_OF_WEEK,CHP_SHIFT,POPULATION,CNTY_CITY_LOC,SPECIAL_COND,BEAT_TYPE,CHP_BEAT_TYPE,CITY_DIVISION_LAPD,CHP_BEAT_CLASS,BEAT_NUMBER,PRIMARY_RD,SECONDARY_RD,DISTANCE,DIRECTION,INTERSECTION,WEATHER_1,WEATHER_2,STATE_HWY_IND,CALTRANS_COUNTY,CALTRANS_DISTRICT,STATE_ROUTE,ROUTE_SUFFIX,POSTMILE_PREFIX,POSTMILE,LOCATION_TYPE,RAMP_INTERSECTION,SIDE_OF_HWY,TOW_AWAY,COLLISION_SEVERITY,NUMBER_KILLED,NUMBER_INJURED,PARTY_COUNT,PRIMARY_COLL_FACTOR,PCF_CODE_OF_VIOL,PCF_VIOL_CATEGORY,PCF_VIOLATION,PCF_VIOL_SUBSECTION,HIT_AND_RUN,TYPE_OF_COLLISION,MVIW,PED_ACTION,ROAD_SURFACE,ROAD_COND_1,ROAD_COND_2,LIGHTING,CONTROL_DEVICE,CHP_ROAD_TYPE,PEDESTRIAN_ACCIDENT,BICYCLE_ACCIDENT,MOTORCYCLE_ACCIDENT,TRUCK_ACCIDENT,NOT_PRIVATE_PROPERTY,ALCOHOL_INVOLVED,STWD_VEHTYPE_AT_FAULT,CHP_VEHTYPE_AT_FAULT,COUNT_SEVERE_INJ,COUNT_VISIBLE_INJ,COUNT_COMPLAINT_PAIN,COUNT_PED_KILLED,COUNT_PED_INJURED,COUNT_BICYCLIST_KILLED,COUNT_BICYCLIST_INJURED,COUNT_MC_KILLED,COUNT_MC_INJURED,PRIMARY_RAMP,SECONDARY_RAMP,LATITUDE,LONGITUDE,COUNTY,CITY,POINT_X,POINT_Y
6668808,2014,2016-06-22,9760,2014-10-08,0515,17097,,3,3,9,4200,0,1,2,,1,040,"RT 101","ARROYO QUEMADA LN",2112.00,N,N,A,-,Y,SB,5,101,-,-,40.220,H,-,N,Y,4,0,1,1,A,-,08,22107,,N,E,I,A,A,H,-,D,D,5,,,,,Y,,A,01,0,0,1,0,0,0,0,0,0,"- ","- ",34.468780000000002,-120.11108,"SANTA BARBARA",UNINCORPORATED,-120.12704273999999,34.472873890000002
6651097,2014,2016-05-09,4202,2014-09-24,0610,277,LOMPO,3,5,4,4202,0,0,0,,0,,"RT 1","NORTH AV",0.00,,Y,B,-,Y,SB,5,1,-,-,21.559,I,5,S,Y,4,0,1,2,A,-,"- ",,,N,D,C,A,A,H,-,B,A,0,,,,,Y,,A,08,0,0,1,0,0,0,0,0,0,"- ","- ",,,"SANTA BARBARA",LOMPOC,-120.45779927,34.653411269999999
6651109,2014,2014-11-05,4202,2014-09-16,1211,292,,2,5,4,4202,0,0,0,,0,,"PINE AV","H ST",52.00,W,N,A,-,N,,,,,,,,,,Y,3,0,1,1,A,-,08,22107,,N,A,I,A,A,H,-,A,A,0,,,,,Y,,A,01,0,1,0,0,0,0,0,0,0,"- ","- ",,,"SANTA BARBARA",LOMPOC,-120.45792283999999,34.650191210000003
6651113,2014,2016-05-09,4202,2014-09-10,1233,32104,LOMPO,3,5,4,4202,0,0,0,,0,004,"RT 1","NORTH AV",78.00,N,N,A,-,Y,SB,5,1,-,-,21.570,H,-,S,N,4,0,1,3,A,-,03,22350,,N,C,C,A,A,H,-,A,A,0,,,,,Y,,A,01,0,0,1,0,0,0,0,0,0,"- ","- ",,,"SANTA BARBARA",LOMPOC,-120.45779401,34.653570889999997
6651117,2014,2014-11-05,4202,2014-09-06,1320,232,4202,6,5,4,4202,0,0,0,,0,,"T ST","LOCUST AV",79.00,S,N,A,-,N,,,,,,,,,,N,4,0,1,2,A,-,21,22106,,N,H,G,A,A,H,-,A,D,0,,Y,,,Y,,A,07,0,0,1,0,0,0,1,0,0,"- ","- ",,,"SANTA BARBARA",LOMPOC,-120.47271000000001,34.632483000000001
6652312,2014,2016-05-09,4202,2014-09-30,1402,292,,2,5,4,4202,0,0,0,,0,,"RT 1","BARTON AV",0.00,,Y,A,-,Y,SB,5,1,-,-,21.810,I,5,S,Y,4,0,1,2,D,-,00,,,F,D,C,A,A,H,-,A,A,0,,,,,Y,,-,"- ",0,0,1,0,0,0,0,0,0,"- ","- ",,,"SANTA BARBARA",LOMPOC,-120.45766036000001,34.657058050000003
6652316,2014,2014-11-14,4202,2014-09-30,1152,22,,2,5,4,4202,0,0,0,,0,,"N V ST","W PINE AV",0.00,,Y,A,-,N,,,,,,,,,,Y,4,0,1,2,A,-,09,21801,,N,D,C,A,A,H,-,A,D,0,,,,,Y,,A,07,0,0,1,0,0,0,0,0,0,"- ","- ",,,"SANTA BARBARA",LOMPOC,-120.47536995999999,34.65036001
6652320,2014,2015-06-01,4202,2014-10-05,0725,238,,7,5,4,4202,0,0,0,,0,,"CENTRAL AV","H ST",382.00,E,N,A,-,N,,,,,,,,,,Y,4,0,1,2,A,-,09,21804,A,N,D,C,A,A,H,-,A,D,0,,,Y,,Y,,D,22,0,0,1,0,0,0,0,0,1,"- ","- ",,,"SANTA BARBARA",LOMPOC,-120.45769,34.660769999999999
6652722,2014,2014-10-21,4204,2014-09-01,1623,90228,41,1,5,5,4204,0,0,0,,0,002,COOK,SMITH,0.00,,Y,A,-,N,,,,,,,,,,N,3,0,1,3,A,-,08,22107,,N,G,E,B,A,H,-,A,D,0,Y,,,,Y,,D,22,0,1,0,0,1,0,0,0,0,"- ","- ",,,"SANTA BARBARA","SANTA MARIA",-120.44256989,34.949890070000002
6656745,2014,2014-12-04,4202,2014-11-09,1518,292,,7,5,4,4202,0,0,0,,0,,"K ST","OCEAN AV",257.00,N,N,A,-,N,,,,,,,,,,N,4,0,1,2,A,-,"- ",,,N,A,G,A,A,H,-,A,D,0,,Y,,,Y,,L,04,0,0,1,0,0,0,1,0,0,"- ","- ",,,"SANTA BARBARA",LOMPOC,-120.46170850999999,34.639715940000002
6656948,2014,2014-11-10,9755,2014-09-05,1238,016999,,5,1,9,4200,0,3,5,,2,040,"ROBLAR AV","CALZADA AV",750.00,W,N,A,-,N,,,,,,,,,,Y,4,0,2,2,A,-,21,22106,,N,D,C,A,A,H,-,A,D,0,,,,,Y,,A,01,0,0,2,0,0,0,0,0,0,"- ","- ",34.650129999999997,-120.09171000000001,"SANTA BARBARA",UNINCORPORATED,-120.09160230000001,34.650158529999999
6656960,2014,2014-11-07,9755,2014-09-06,1940,017967,,6,2,9,4200,1,3,5,,2,050,"CONSTELLATION RD","SIRIUS AV",0.00,,Y,A,-,N,,,,,,,,,,Y,4,0,1,2,A,-,12,22450,A,N,D,C,A,A,H,-,B,A,0,,,,,Y,,H,14,0,0,1,0,0,0,0,0,0,"- ","- ",34.711669999999998,-120.47132000000001,"SANTA BARBARA",UNINCORPORATED,-120.47138998,34.711510089999997
6657225,2014,2016-05-04,9755,2014-09-18,2005,012436,,4,2,9,4200,0,1,3,,1,051,"RT 1","SAN JULIAN RD",35376.00,N,N,A,-,Y,SB,5,1,-,R,7.350,H,-,S,Y,4,0,2,1,C,-,18,,,N,H,H,A,A,H,-,D,D,0,,,,,Y,,-,"- ",0,0,2,0,0,0,0,0,0,"- ","- ",34.528840000000002,-120.3437,"SANTA BARBARA",UNINCORPORATED,-120.3428404,34.527571309999999
6628791,2014,2014-10-29,4203,2014-09-06,2056,6978,40,6,5,5,4203,0,0,0,,0,003,"E ORTEGA ST","ANACAPA ST",8.00,W,N,A,-,N,,,,,,,,,,N,4,0,1,2,D,-,00,,,N,G,B,B,A,H,-,C,A,0,Y,,,,Y,Y,-,"- ",0,0,1,0,1,0,0,0,0,"- ","- ",34.252090000000003,-119.41363,"SANTA BARBARA","SANTA BARBARA",-119.69689737,34.419763410000002
6628795,2014,2014-10-29,4203,2014-09-06,1426,6968,44,6,5,5,4203,0,0,0,,0,003,"ANACAPA ST","E CANON PERDIDO ST",114.00,S,N,A,-,N,,,,,,,,,,N,3,0,1,2,A,-,06,21750,,N,B,G,A,A,H,-,A,D,0,,Y,,,Y,,-,,0,1,0,0,0,0,1,0,0,"- ","- ",34.251710000000003,-119.41571,"SANTA BARBARA","SANTA BARBARA",-119.6991058,34.42143385
6628799,2014,2016-05-02,4203,2014-09-02,2034,6969,,2,5,5,4203,0,0,0,,0,002,"CASTILLO ST","RT 101",0.00,,Y,A,-,Y,SB,5,225,-,R,4.620,I,5,E,,4,0,3,2,A,-,12,21453,A,N,D,C,A,B,A,-,C,A,0,,,,,Y,,-,"- ",0,0,3,0,0,0,0,0,0,"- ",SF,34.252899999999997,-119.42449999999999,"SANTA BARBARA","SANTA BARBARA",-119.6989011,34.411907040000003
6629210,2014,2016-05-03,4204,2014-09-08,1105,22104,35,1,5,5,4204,0,0,0,,0,002,MILLER,MAIN,0.00,,Y,A,-,Y,SB,5,166,-,-,8.200,I,6,E,N,4,0,1,2,A,-,07,21658,A,N,B,C,A,A,H,-,A,A,0,,,,,Y,,A,01,0,0,1,0,0,0,0,0,0,"- ","- ",,,"SANTA BARBARA","SANTA MARIA",-120.43013307,34.953109570000002
6629211,2014,2014-10-02,4204,2014-09-06,2017,90278,009,6,5,5,4204,0,0,0,,0,001,"DONOVAN RD",PINE,0.00,,Y,A,-,N,,,,,,,,,,N,4,0,1,2,A,-,03,22350,,N,C,C,A,A,H,-,E,A,0,,,Y,,Y,,C,02,0,0,1,0,0,0,0,0,1,"- ","- ",,,"SANTA BARBARA","SANTA MARIA",-120.43800999,34.967730109999998
6629325,2014,2016-05-09,9760,2014-09-04,0700,014690,,4,1,5,4203,0,1,2,,2,011,"RT 101","MILPAS ST",1182.00,S,N,B,-,Y,SB,5,101,-,-,12.510,H,-,N,Y,4,0,1,1,A,-,08,22107,,N,E,I,A,A,H,-,A,D,1,,,,,Y,,A,01,0,0,1,0,0,0,0,0,0,"- ","- ",34.420259999999999,-119.6755,"SANTA BARBARA","SANTA BARBARA",-119.67308543,34.419932299999999
6629326,2014,2016-05-03,9760,2014-09-03,1345,017662,,3,1,9,4200,0,1,3,,1,014,"RT 192","PICACHO LN",215.00,W,N,A,-,Y,SB,5,192,-,-,8.510,H,-,W,Y,3,0,2,3,A,-,03,22350,,N,C,C,A,A,H,-,A,D,0,,,,,Y,,A,01,0,1,1,0,0,0,0,0,0,"- ","- ",34.436529999999998,-119.6375,"SANTA BARBARA",UNINCORPORATED,-119.63756413,34.43652213
6629327,2014,2016-05-09,9760,2014-09-03,1645,015658,,3,2,9,4200,0,1,2,,1,040,"RT 101","TAJIGUAS RANCH RD",1320.00,S,N,A,-,Y,SB,5,101,-,-,38.530,H,-,S,Y,3,0,1,1,A,-,08,22107,,N,F,A,A,A,H,-,A,D,5,,,Y,,Y,,C,02,0,1,0,0,0,0,0,0,1,"- ","- ",34.463500000000003,-120.09896000000001,"SANTA BARBARA",UNINCORPORATED,-120.09934928,34.463746290000003
6629329,2014,2016-05-09,9760,2014-09-01,1725,017662,,1,2,9,4200,0,1,2,,2,010,"RT 101","SHEFFIELD DR",1584.00,S,N,A,-,Y,SB,5,101,-,-,8.700,H,-,N,N,3,0,1,1,A,-,08,22107,,N,E,I,A,A,H,-,A,D,1,,,,,Y,,A,01,0,1,0,0,0,0,0,0,0,"- ","- ",34.421559999999999,-119.61015999999999,"SANTA BARBARA",UNINCORPORATED,-119.60882117,34.421105560000001
6629330,2014,2016-05-02,9760,2014-09-08,1055,015658,,1,1,9,4200,0,1,2,,1,040,"RT 101","TAJIGUAS RANCH RD",1320.00,S,N,A,-,Y,SB,5,101,-,-,38.530,H,-,S,Y,3,0,1,1,A,-,08,22107,,N,E,I,A,A,H,-,A,D,5,,,,,Y,,A,01,0,1,0,0,0,0,0,0,0,"- ","- ",34.464100000000002,-120.09975,"SANTA BARBARA",UNINCORPORATED,-120.09934928,34.463746290000003
6630737,2014,2014-11-04,4202,2014-09-03,0833,292,,3,5,4,4202,0,0,0,,0,,"PINE AV","2ND ST",0.00,,Y,B,-,N,,,,,,,,,,Y,3,0,3,2,A,-,09,21802,A,N,D,C,A,B,-,-,A,A,0,,,,,Y,,A,01,0,1,2,0,0,0,0,0,0,"- ","- ",,,"SANTA BARBARA",LOMPOC,-120.4463599,34.650100070000001
6668809,2014,2016-06-22,9760,2014-10-05,1040,19464,,7,1,5,4203,0,1,2,,2,011,"RT 101","CARRILLO ST",145.00,S,N,A,-,Y,SB,5,101,-,R,14.730,H,-,N,Y,4,0,2,2,A,-,08,22107,,N,E,I,A,A,H,-,A,D,1,,,,,Y,,A,01,0,0,2,0,0,0,0,0,0,"- ","- ",34.251199999999997,-119.41540000000001,"SANTA BARBARA","SANTA BARBARA",-119.70681877,34.416127539999998
6669071,2014,2016-06-22,9750,2014-10-12,1810,014753,,7,2,5,4204,0,1,2,,2,001,"RT 101",BROADWAY,528.00,N,N,A,-,Y,SB,5,101,-,-,90.850,H,-,N,Y,3,0,1,1,A,-,01,23152,A,N,F,A,A,A,H,-,A,D,0,,,,,Y,Y,A,01,0,1,0,0,0,0,0,0,0,"- ","- ",34.983310000000003,-120.43159,"SANTA BARBARA","SANTA MARIA",-120.43203133999999,34.982658710000003
6669072,2014,2016-06-18,9750,2014-10-13,1750,014753,,1,2,9,4200,0,1,3,,1,022,"RT 1","CLARK AV",116.00,N,N,A,-,Y,SB,5,1,-,R,35.550,H,-,N,N,4,0,1,1,A,-,08,22107,,N,E,I,A,A,H,-,A,D,0,,,,,Y,,A,01,0,0,1,0,0,0,0,0,0,"- ","- ",34.864370000000001,-120.45737,"SANTA BARBARA",UNINCORPORATED,-120.45722908,34.864142399999999
6669075,2014,2014-12-15,9750,2014-10-12,1634,014820,,7,2,9,4200,0,2,4,,1,024,"CLARK AV","BRADLEY RD",0.00,,Y,A,-,N,,,,,,,,,,N,4,0,1,2,A,-,10,21950,A,F,G,B,B,A,H,-,A,A,0,Y,,,,Y,,A,01,0,0,1,0,1,0,0,0,0,"- ","- ",34.865049999999997,-120.41858999999999,"SANTA BARBARA",UNINCORPORATED,-120.41878991,34.865020059999999
6669076,2014,2014-12-15,9750,2014-10-07,0255,017616,,2,3,9,4200,0,1,3,,1,062,"RT 166","SIERRA MADRE RD",4752.00,W,N,A,-,Y,,,166,,,,,,,Y,4,0,2,1,A,-,08,22107,,N,F,A,A,A,H,-,D,D,0,,,,,Y,,A,01,0,0,2,0,0,0,0,0,0,"- ","- ",35.106259999999999,-120.10657999999999,"SANTA BARBARA",UNINCORPORATED,-120.10675870999999,35.106276719999997
6669083,2014,2016-06-22,9750,2014-10-10,0045,018616,,5,3,9,4200,0,1,2,,2,001,"RT 101","SANTA MARIA WAY",2112.00,S,N,B,-,Y,SB,5,101,-,-,83.940,H,-,N,Y,4,0,1,1,A,-,08,22107,,N,F,A,A,A,D,E,C,D,0,,,,,Y,,A,01,0,0,1,0,0,0,0,0,0,"- ","- ",34.885300000000001,-120.41313,"SANTA BARBARA",UNINCORPORATED,-120.41397209,34.886119049999998
6669153,2014,2014-12-23,9750,2014-10-04,1550,13267,,6,2,9,4200,0,1,3,,1,021,"RT 135","WINTER RD",30.00,S,N,A,-,Y,,,135,,,,,,,Y,4,0,1,2,A,-,03,22350,,N,C,C,A,A,H,-,A,A,0,,,,,Y,,D,22,0,0,1,0,0,0,0,0,0,"- ","- ",34.899209999999997,-120.43595000000001,"SANTA BARBARA",UNINCORPORATED,-120.43602432,34.899222229999999
6669966,2014,2014-12-19,4203,2014-10-18,1713,1278,,6,5,5,4203,0,0,0,,0,006,"CARRILLO ST","MIRAMONTE DR",0.00,,Y,A,-,N,,,,,,,,,,N,2,0,1,2,A,-,09,21801,A,N,D,G,A,A,H,-,A,D,0,,Y,,,Y,,-,,1,0,0,0,0,0,1,0,0,"- ","- ",34.243499999999997,-119.43035999999999,"SANTA BARBARA","SANTA BARBARA",-119.71771999000001,34.409730009999997
6669970,2014,2014-12-19,4203,2014-10-18,2040,7570,63,6,5,5,4203,0,0,0,,0,001,"S SALINAS ST","INDIO MUERTO ST",0.00,,Y,A,-,N,,,,,,,,,,N,4,0,1,2,D,-,00,,,F,C,C,A,A,H,-,C,D,0,,,,,Y,Y,-,"- ",0,0,1,0,0,0,0,0,0,"- ","- ",34.424030000000002,-119.66144,"SANTA BARBARA","SANTA BARBARA",-119.66945991999999,34.424050000000001
6670643,2014,2014-12-18,4204,2014-10-01,2108,23601,76,3,5,5,4204,0,0,0,,0,003,"BRADLEY RD","BETTERAVIA RD",500.00,N,N,A,-,N,,,,,,,,,,Y,4,0,1,1,A,-,08,22107,,N,E,J,A,A,H,-,C,A,0,,,,,Y,,A,07,0,0,1,0,0,0,0,0,0,"- ","- ",,,"SANTA BARBARA","SANTA MARIA",-120.42207000000001,34.923740000000002
6671001,2014,2014-12-18,4204,2014-10-11,1618,90139,,6,5,5,4204,0,0,0,,0,,"WESTERN AV",BOONE,0.00,,Y,A,-,N,,,,,,,,,,N,4,0,1,2,A,-,12,22450,A,F,G,B,B,A,H,-,A,A,0,Y,,,,Y,,D,22,0,0,1,0,1,0,0,0,0,"- ","- ",,,"SANTA BARBARA","SANTA MARIA",-120.44942986,34.9469201
6657229,2014,2016-05-04,9755,2014-09-20,2500,016999,,6,4,9,4200,0,1,3,,1,051,"RT 1","RT 101",35429.00,N,N,A,-,Y,SB,5,1,-,-,6.710,H,-,N,Y,2,0,1,1,A,-,08,22107,,N,E,I,A,A,H,-,D,D,0,,,,,Y,,A,01,1,0,0,0,0,0,0,0,0,"- ","- ",34.523699999999998,-120.30177,"SANTA BARBARA",UNINCORPORATED,-120.31336244000001,34.519102269999998
6657269,2014,2014-10-15,9755,2014-09-15,0100,018514,,1,3,9,4200,0,3,5,,2,040,"BALLARD CANYON RD","RT 246",5808.00,N,N,A,-,N,,,,,,,,,,Y,4,0,1,1,A,-,08,22107,,N,F,A,A,A,H,-,D,D,0,,,,,Y,,A,07,0,0,1,0,0,0,0,0,0,"- ","- ",34.61674,-120.16919,"SANTA BARBARA",UNINCORPORATED,-120.16578016,34.615464750000001
6657273,2014,2014-10-15,9760,2014-09-25,1629,019831,,4,2,5,4203,0,3,5,,2,002,"HOLLISTER AV","MAGNA VISTA ST",21.00,W,N,A,-,N,,,,,,,,,,Y,4,0,1,2,A,-,03,22350,,N,C,C,A,A,H,-,A,D,0,,,,,Y,,A,07,0,0,1,0,0,0,0,0,0,"- ","- ",34.436999999999998,-119.78713,"SANTA BARBARA","SANTA BARBARA",-119.78684783,34.437127080000003
6658393,2014,2015-05-29,4204,2014-10-03,1929,90278,51,5,5,5,4204,0,0,0,,0,002,ORANGE,THORNBURG,100.00,W,N,A,-,N,,,,,,,,,,N,4,0,1,2,A,-,05,21650,,N,A,C,A,A,H,-,C,D,0,,,,,Y,,A,07,0,0,1,0,0,0,0,0,0,"- ","- ",,,"SANTA BARBARA","SANTA MARIA",-120.44076359,34.948819999999998
6659076,2014,2016-01-15,9750,2014-09-30,2250,017616,,2,3,9,4200,0,3,5,,2,020,"HARRIS GRADE RD","RT 135",6336.00,S,N,A,-,N,,,,,,,,,,Y,4,0,1,1,A,-,08,22107,,N,F,A,A,A,H,-,D,D,0,,,,,Y,,A,01,0,0,1,0,0,0,0,0,0,"- ","- ",34.753979999999999,-120.43241,"SANTA BARBARA",UNINCORPORATED,-120.43243491,34.754334360000001
6659422,2014,2014-12-30,4203,2014-10-04,0547,7189,,6,5,5,4203,0,0,0,,0,003,"STATE ST","DE LA GUERRA ST",130.00,N,N,A,-,N,,,,,,,,,,Y,4,0,2,2,A,-,08,22107,,N,C,E,A,A,H,-,B,D,0,,,,Y,Y,,A,01,0,0,2,0,0,0,0,0,0,"- ","- ",34.251989999999999,-119.41969,"SANTA BARBARA","SANTA BARBARA",-119.69985072,34.41997825
6661924,2014,2016-05-03,9760,2014-09-25,1710,019831,,4,2,5,4203,0,1,2,,2,011,"RT 101","CABRILLO BL",1123.00,S,N,A,-,Y,SB,5,101,-,-,11.200,H,-,S,N,4,0,1,2,A,-,03,22350,,N,C,C,A,A,H,-,A,D,1,,,,,Y,,A,01,0,0,1,0,0,0,0,0,0,"- ","- ",34.420780000000001,-119.64881,"SANTA BARBARA","SANTA BARBARA",-119.65101481000001,34.421357
6661928,2014,2014-11-12,9760,2014-09-26,1620,019464,,5,2,9,4200,0,3,5,,2,002,"KELLOGG AV","THRONE CT",0.00,,Y,A,-,N,,,,,,,,,,N,3,0,1,2,A,-,08,22103,,N,D,C,A,A,H,-,A,D,0,,,Y,,Y,,A,01,0,1,0,0,0,0,0,0,0,"- ","- ",,,"SANTA BARBARA",UNINCORPORATED,-119.81334988,34.45501007
6661967,2014,2014-11-12,4204,2014-09-30,1739,23000,87,2,5,5,4204,0,0,0,,0,003,"SKYWAY DR","FAIRWAY DR",0.00,,Y,A,-,N,,,,,,,,,,N,3,0,1,2,A,-,09,21801,A,N,-,G,A,A,H,-,A,A,0,,Y,,,Y,,A,07,0,1,0,0,0,0,1,0,0,"- ","- ",,,"SANTA BARBARA","SANTA MARIA",-120.45416985999999,34.913430040000001
6664445,2014,2014-10-24,4202,2014-09-30,1116,292,,2,5,4,4202,0,0,0,,0,,"8TH ST","CHERRY AV",0.00,,Y,A,-,N,,,,,,,,,,N,4,0,1,2,A,-,05,21202,A,F,D,G,A,A,H,-,A,A,0,,Y,,,Y,,L,04,0,0,1,0,0,0,1,0,0,"- ","- ",,,"SANTA BARBARA",LOMPOC,-120.43869995999999,34.650820019999998
6664558,2014,2016-05-09,9750,2014-09-27,1210,016170,,6,1,5,4204,0,1,2,,2,001,"RT 101","STOWELL RD",1056.00,S,N,A,-,Y,SB,5,101,-,-,87.400,H,-,S,Y,3,0,2,3,A,-,03,22350,,N,C,C,A,A,C,-,A,D,0,,,,,Y,,A,07,0,2,0,0,0,0,0,0,0,"- ","- ",34.934249999999999,-120.41788,"SANTA BARBARA","SANTA MARIA",-120.41794336,34.935386719999997
6664570,2014,2014-12-15,4203,2014-10-04,0740,6968,36,6,5,5,4203,0,0,0,,0,006,"CLIFF DR","YANKEE FARM RD",372.00,S,N,A,-,N,,,,,,,,,,N,3,0,1,2,A,-,03,22350,,N,G,B,E,A,H,-,A,D,0,Y,,,,Y,,-,,0,1,0,0,1,0,0,0,0,"- ","- ",,,"SANTA BARBARA","SANTA BARBARA",-119.74856352,34.405554639999998
6664574,2014,2014-12-15,4203,2014-10-05,1605,0394,4203,7,5,5,4203,0,0,0,,0,004,"DE LA VINA ST","ARRELLAGA ST",138.00,S,N,A,-,N,,,,,,,,,,N,3,0,1,2,A,-,17,22517,,N,H,G,A,A,H,-,A,D,0,,Y,,,Y,,-,,0,1,0,0,0,0,1,0,0,"- ","- ",,,"SANTA BARBARA","SANTA BARBARA",-119.71152433,34.424741969999999
6664582,2014,2014-12-15,4203,2014-10-02,2315,6969,,4,5,5,4203,0,0,0,,0,003,"GUTIERREZ ST","SANTA BARBARA ST",171.00,E,N,A,-,N,,,,,,,,,,N,2,0,1,1,A,-,03,22350,,N,F,A,A,A,H,-,E,D,0,,Y,,,Y,Y,L,04,1,0,0,0,0,0,1,0,0,"- ","- ",,,"SANTA BARBARA","SANTA BARBARA",-119.69156919,34.418334819999998
6664619,2014,2014-12-10,4203,2014-10-01,1643,5751,,3,5,5,4203,0,0,0,,0,003,"E HALEY ST","ROSE AV",0.00,,Y,A,-,N,,,,,,,,,,Y,4,0,1,4,A,-,03,22350,,N,C,C,A,A,H,-,A,A,0,,,,,Y,,-,,0,0,1,0,0,0,0,0,0,"- ","- ",34.420000000000002,-119.691,"SANTA BARBARA","SANTA BARBARA",-119.69151998,34.420560020000003
6664623,2014,2014-12-10,4203,2014-10-02,2011,2264,,4,5,5,4203,0,0,0,,0,004,"STATE ST","E VICTORIA ST",45.00,N,N,A,-,N,,,,,,,,,,N,4,0,1,2,A,-,03,22350,,N,C,C,A,A,H,-,E,B,0,,,,,Y,,-,,0,0,1,0,0,0,0,0,0,"- ","- ",34.252659999999999,-119.42215,"SANTA BARBARA","SANTA BARBARA",-119.70585269,34.424380910000004
6664635,2014,2014-12-10,4203,2014-10-01,1132,2520,,3,5,5,4203,0,0,0,,0,001,"MILPAS ST","CARRILLO ST",0.00,,Y,A,-,N,,,,,,,,,,Y,4,0,1,2,A,-,08,22107,,N,B,E,A,-,H,-,A,D,0,,,,,Y,,-,,0,0,1,0,0,0,0,0,0,"- ","- ",34.255200000000002,-119.4131,"SANTA BARBARA","SANTA BARBARA",-119.69172987,34.430990100000002
6664639,2014,2014-12-10,4203,2014-10-03,1936,6969,,5,5,5,4203,0,0,0,,0,001,"CARPINTERIA ST","ALISOS ST",0.00,,Y,A,-,N,,,,,,,,,,N,4,0,1,2,A,-,15,21201,A,F,D,G,A,A,H,-,D,D,0,,Y,,,Y,,L,04,0,0,1,0,0,0,1,0,0,"- ","- ",34.251800000000003,-119.40349999999999,"SANTA BARBARA","SANTA BARBARA",-119.67647998,34.421720030000003
6664895,2014,2014-11-13,4203,2014-09-25,0813,3769,,4,5,5,4203,0,0,0,,0,001,"CARPINTERIA ST","VOLUNTARIO ST",10.00,E,N,A,-,N,,,,,,,,,,N,2,0,1,2,D,-,00,,,N,G,B,B,A,H,-,A,A,0,Y,,,,Y,,-,"- ",1,0,0,0,1,0,0,0,0,"- ","- ",34.422829999999998,-119.67531,"SANTA BARBARA","SANTA BARBARA",-119.67534841,34.42280083
6664977,2014,2015-01-26,4203,2014-10-05,1800,3601,4203,7,5,5,4203,0,0,0,,0,002,"E MASON ST","QUARANTINA ST",0.00,,Y,A,-,N,,,,,,,,,,N,3,0,1,2,A,-,12,22450,A,N,D,G,A,A,H,-,A,A,0,,Y,,,Y,,L,04,0,1,0,0,0,0,1,0,0,"- ","- ",34.251350000000002,-119.40567,"SANTA BARBARA","SANTA BARBARA",-119.68246997999999,34.420420030000002
6664981,2014,2014-12-17,4203,2014-10-08,1405,3769,,3,5,5,4203,0,0,0,,0,006,"MODOC RD","W CALLE DE LOS AMIGOS",62.00,E,N,A,-,N,,,,,,,,,,Y,3,0,2,2,A,-,08,22107,,N,C,G,A,A,H,-,A,D,0,,Y,,,Y,,L,04,0,2,0,0,0,0,1,0,0,"- ","- ",34.259999999999998,-119.4452,"SANTA BARBARA","SANTA BARBARA",-119.7479304,34.432663310000002
6665014,2014,2014-12-18,4203,2014-10-07,1407,5751,,2,5,5,4203,0,0,0,,0,001,"REDDICK ST","NOPAL ST",177.00,E,N,A,-,N,,,,,,,,,,N,4,0,1,2,A,-,09,21804,A,N,D,C,A,A,H,-,A,D,0,,,,,Y,,-,,0,0,1,0,0,0,0,0,0,"- ","- ",34.253070000000001,-119.4111,"SANTA BARBARA","SANTA BARBARA",-119.68541564,34.425157059999997
6671037,2014,2016-06-22,4204,2014-10-09,1033,22751,49,4,5,5,4204,0,0,0,,0,002,"NICHOLSON AV","RT 101",0.00,,Y,A,-,Y,SB,5,101,-,-,88.490,R,1,N,N,4,0,1,2,D,-,00,,,N,B,C,A,A,H,-,A,D,0,,,,,Y,,-,"- ",0,0,1,0,0,0,0,0,0,"- ",NF,,,"SANTA BARBARA","SANTA MARIA",-120.41730221,34.951197239999999