CASE_ID,ACCIDENT_YEAR,PROC_DATE,JURIS,COLLISION_DATE,COLLISION_TIME,OFFICER_ID,REPORTING_DISTRICT,DAY_OF_WEEK,CHP_SHIFT,POPULATION,CNTY_CITY_LOC,SPECIAL_COND,BEAT_TYPE,CHP_BEAT_TYPE,CITY_DIVISION_LAPD,CHP_BEAT_CLASS,BEAT_NUMBER,PRIMARY_RD,SECONDARY_RD,DISTANCE,DIRECTION,INTERSECTION,WEATHER_1,WEATHER_2,STATE_HWY_IND,CALTRANS_COUNTY,CALTRANS_DISTRICT,STATE_ROUTE,ROUTE_SUFFIX,POSTMILE_PREFIX,POSTMILE,LOCATION_TYPE,RAMP_INTERSECTION,SIDE_OF_HWY,TOW_AWAY,COLLISION_SEVERITY,NUMBER_KILLED,NUMBER_INJURED,PARTY_COUNT,PRIMARY_COLL_FACTOR,PCF_CODE_OF_VIOL,PCF_VIOL_CATEGORY,PCF_VIOLATION,PCF_VIOL_SUBSECTION,HIT_AND_RUN,TYPE_OF_COLLISION,MVIW,PED_ACTION,ROAD_SURFACE,ROAD_COND_1,ROAD_COND_2,LIGHTING,CONTROL_DEVICE,CHP_ROAD_TYPE,PEDESTRIAN_ACCIDENT,BICYCLE_ACCIDENT,MOTORCYCLE_ACCIDENT,TRUCK_ACCIDENT,NOT_PRIVATE_PROPERTY,ALCOHOL_INVOLVED,STWD_VEHTYPE_AT_FAULT,CHP_VEHTYPE_AT_FAULT,COUNT_SEVERE_INJ,COUNT_VISIBLE_INJ,COUNT_COMPLAINT_PAIN,COUNT_PED_KILLED,COUNT_PED_INJURED,COUNT_BICYCLIST_KILLED,COUNT_BICYCLIST_INJURED,COUNT_MC_KILLED,COUNT_MC_INJURED,PRIMARY_RAMP,SECONDARY_RAMP,LATITUDE,LONGITUDE,COUNTY,CITY,POINT_X,POINT_Y
6673729,2014,2014-12-18,4201,2014-11-06,1115,6055,,4,5,2,4201,0,0,0,,0,051,"TOGNAZZINI AV","5TH ST",386.80,N,N,A,-,N,,,,,,,,,,Y,3,0,3,1,A,-,"- ",,,N,E,I,A,A,H,-,A,A,0,,,,,Y,,-,,0,1,2,0,0,0,0,0,0,"- ","- ",,,"SANTA BARBARA",GUADALUPE,-120.57648076,34.965902219999997
6673863,2014,2015-01-22,4204,2014-12-20,1808,23656,,6,5,5,4204,0,0,0,,0,,STOWELL,BRADLEY,135.00,W,N,A,-,N,,,,,,,,,,N,4,0,1,4,A,-,03,22350,,N,C,C,A,A,H,-,C,A,0,,,,,Y,,J,48,0,0,1,0,0,0,0,0,0,"- ","- ",,,"SANTA BARBARA","SANTA MARIA",-120.41987023999999,34.938344950000001
6674106,2014,2016-06-22,9760,2014-10-18,2305,017140,,6,3,9,4200,0,1,2,,2,010,"RT 101","PADARO LN",500.00,S,N,A,-,Y,SB,5,101,-,R,5.190,H,-,S,Y,3,0,1,2,A,-,01,23152,A,N,C,C,A,A,H,-,D,D,1,,,,Y,Y,Y,D,22,0,1,0,0,0,0,0,0,0,"- ","- ",34.409730000000003,-119.55157,"SANTA BARBARA",UNINCORPORATED,-119.55165724,34.409721009999998
6674356,2014,2014-12-16,9760,2014-10-06,1715,018431,,1,2,9,4200,0,1,3,,1,014,"RT 192","ROMERO CANYON RD",95.00,E,N,A,-,Y,,,192,,,,,,,N,3,0,1,2,A,-,09,21802,A,N,F,A,A,A,H,-,A,A,0,,,Y,,Y,,A,01,0,1,0,0,0,0,0,0,1,"- ","- ",34.436050000000002,-119.60160999999999,"SANTA BARBARA",UNINCORPORATED,-119.60160971000001,34.436054630000001
6674646,2014,2016-05-09,9760,2014-09-27,1400,018491,,6,2,3,4205,0,1,2,,2,010,"RT 101","CASITAS PASS RD",1320.00,S,N,A,-,Y,SB,5,101,-,-,2.390,H,-,N,N,4,0,2,3,A,-,03,22350,,N,C,C,A,A,H,-,A,D,1,,,,,Y,,A,07,0,0,2,0,0,0,0,0,0,"- ","- ",34.39331,-119.50924000000001,"SANTA BARBARA",CARPINTERIA,-119.50933479,34.393674189999999
6674897,2014,2014-12-19,4200,2014-10-01,1725,3116,14,3,5,4,4214,0,0,0,,0,060,"HOLLISTER AV","ORANGE AV",0.00,,Y,A,-,N,,,,,,,,,,Y,2,0,1,2,A,-,09,21802,A,N,D,C,A,A,H,-,A,A,0,,,Y,,Y,,A,01,1,0,0,0,0,0,0,0,1,"- ","- ",,,"SANTA BARBARA",GOLETA,-119.82905995,34.436000020000002
6674901,2014,2014-12-19,4200,2014-10-06,1106,3683,14,1,5,4,4214,0,0,0,,0,080,"STORKE RD","SANTA FELICIA DR",0.00,,Y,A,-,N,,,,,,,,,,N,4,0,1,2,A,-,05,21650,1,N,H,G,A,A,H,-,A,D,0,,Y,,,Y,,L,04,0,0,1,0,0,0,1,0,0,"- ","- ",,,"SANTA BARBARA",GOLETA,-119.86969999,34.426690020000002
6674905,2014,2014-12-19,4200,2014-10-07,1421,3683,14,2,5,4,4214,0,0,0,,0,080,"SANTA FELICIA DR","HOLLISTER AV",0.00,,Y,A,-,N,,,,,,,,,,Y,4,0,1,2,A,-,09,21802,A,N,D,C,A,A,D,-,A,D,0,,,,,Y,,A,01,0,0,1,0,0,0,0,0,0,"- ","- ",,,"SANTA BARBARA",GOLETA,-119.87589991,34.430120019999997
6675613,2014,2014-12-11,4204,2014-10-17,1431,90322,40,5,5,5,4204,0,0,0,,0,002,"OAKLEY AV",CHURCH,0.00,,Y,A,-,N,,,,,,,,,,N,4,0,1,2,A,-,12,22450,A,N,D,C,A,A,H,-,A,A,0,,,,,Y,,A,01,0,0,1,0,0,0,0,0,0,"- ","- ",,,"SANTA BARBARA","SANTA MARIA",-120.44711989,34.952130060000002
6675614,2014,2014-12-11,4204,2014-10-19,1849,90137,13,7,5,5,4204,0,0,0,,0,001,"HARDING AV",BENWILEY,0.00,,Y,A,-,N,,,,,,,,,,N,3,0,1,2,A,-,08,22107,,N,G,G,A,A,H,-,C,D,0,,Y,,,Y,,L,04,0,1,0,0,0,0,1,0,0,"- ","- ",,,"SANTA BARBARA","SANTA MARIA",-120.44534999,34.966970000000003
6665524,2014,2014-12-18,4203,2014-10-12,1542,6978,,7,5,5,4203,0,0,0,,0,002,"OLIVE MILL RD","COAST VILLAGE RD",400.00,S,N,A,-,N,,,,,,,,,,Y,4,0,1,2,A,-,05,21650,,N,B,C,A,A,H,-,A,D,0,,,,,Y,,D,22,0,0,1,0,0,0,0,0,0,"- ","- ",,,"SANTA BARBARA","SANTA BARBARA",-119.63997999999999,34.420920000000002
6665779,2014,2014-10-29,4203,2014-09-18,0858,7568,,4,5,5,4203,0,0,0,,0,005,"MOUNTAIN DR","LOS OLIVOS ST",5.00,N,N,A,-,N,,,,,,,,,,N,3,0,1,1,A,-,08,22107,,N,E,I,A,A,H,-,A,A,0,,,,,Y,,-,,0,1,0,0,0,0,0,0,0,"- ","- ",34.261499999999998,-119.438,"SANTA BARBARA","SANTA BARBARA",-119.71273347,34.44029097
6666003,2014,2014-12-18,4203,2014-10-10,1416,6968,53,5,5,5,4203,0,0,0,,0,005,"LAS POSITAS RD","SAN ONOFRE RD",0.00,,Y,A,-,N,,,,,,,,,,N,4,0,1,2,A,-,08,22107,,N,D,G,A,A,H,-,A,A,0,,Y,,,Y,,-,,0,0,1,0,0,0,1,0,0,"- ","- ",34.255650000000003,-119.44011,"SANTA BARBARA","SANTA BARBARA",-119.73365991,34.432420039999997
6666007,2014,2014-12-18,4203,2014-10-14,1658,7187,,2,5,5,4203,0,0,0,,0,004,"CARRILLO ST","CASTILLO ST",9.00,W,N,A,-,N,,,,,,,,,,Y,3,0,1,2,A,-,03,22350,,F,C,C,A,A,H,-,A,A,0,,,,,Y,,-,,0,1,0,0,0,0,0,0,0,"- ","- ",34.417079999999999,-119.70650999999999,"SANTA BARBARA","SANTA BARBARA",-119.70637067,34.417242190000003
6666015,2014,2016-06-22,4203,2014-10-16,1443,6700,23,4,5,5,4203,0,0,0,,0,006,"MISSION ST","RT 101",0.00,,Y,A,-,Y,SB,5,101,-,R,15.640,R,4,S,Y,4,0,2,2,A,-,09,21801,A,F,D,C,A,A,H,-,A,A,0,,,Y,,Y,,A,01,0,0,2,0,0,0,0,0,2,"- ",SO,34.253039999999999,-119.43141,"SANTA BARBARA","SANTA BARBARA",-119.71896595,34.42443205
6666027,2014,2014-12-18,4203,2014-10-14,1304,2520,,2,5,5,4203,0,0,0,,0,001,"COTA ST","ALISOS ST",0.00,,Y,B,-,N,,,,,,,,,,N,3,0,1,2,A,-,09,21802,A,N,D,C,A,A,H,-,A,D,0,,,,,Y,,-,,0,1,0,0,0,0,0,0,0,"- ","- ",34.253799999999998,-119.41800000000001,"SANTA BARBARA","SANTA BARBARA",-119.68547992000001,34.428340009999999
6666035,2014,2014-12-18,4203,2014-10-13,0813,6700,71,1,5,5,4203,0,0,0,,0,001,"OLIVE ST","MICHELTORENA ST",152.00,S,N,B,-,N,,,,,,,,,,Y,3,0,1,2,A,-,08,22107,,N,C,E,A,A,H,-,A,D,0,,,,,Y,,A,01,0,1,0,0,0,0,0,0,0,"- ","- ",34.255220000000001,-119.42797,"SANTA BARBARA","SANTA BARBARA",-119.70224306,34.43123319
6666039,2014,2014-12-26,4203,2014-10-13,1507,3769,,1,5,5,4203,0,0,0,,0,003,"ANACAPA ST","LOS OLIVOS ST",0.00,,Y,A,-,N,,,,,,,,,,,4,0,1,2,A,-,09,21802,A,N,D,C,A,A,H,-,A,A,0,,,,,Y,,-,,0,0,1,0,0,0,0,0,0,"- ","- ",34.433790000000002,-119.71606,"SANTA BARBARA","SANTA BARBARA",-119.71605992000001,34.433759999999999
6666043,2014,2016-02-16,4203,2014-10-17,1239,7568,20,5,5,5,4203,0,0,0,,0,002,"W CARRILLO ST","SAN PASCUAL ST",0.00,,Y,A,-,N,,,,,,,,,,Y,3,0,2,2,A,-,09,21801,A,F,D,C,A,A,H,-,A,A,0,,,,,Y,,-,,0,1,1,0,0,0,0,0,0,"- ","- ",34.245460000000001,-119.42328000000001,"SANTA BARBARA","SANTA BARBARA",-119.70909995,34.415140010000002
6666047,2014,2014-12-18,4203,2014-10-10,1239,2661,,5,5,5,4203,0,0,0,,0,005,"N HOPE AV","STATE ST",207.00,N,N,A,-,N,,,,,,,,,,Y,2,0,1,2,A,-,09,21801,A,N,D,C,A,A,H,-,A,A,0,,,,,Y,,-,,1,0,0,0,0,0,0,0,0,"- ","- ",34.262500000000003,-119.4449,"SANTA BARBARA","SANTA BARBARA",-119.74672,34.441048369999997
6666778,2014,2014-12-17,4204,2014-10-02,1231,90081,82,4,5,5,4204,0,0,0,,0,003,MILLER,"BETTERAVIA RD",0.00,,Y,A,-,N,,,,,,,,,,Y,4,0,1,2,A,-,12,21453,A,N,D,C,A,A,H,-,A,A,0,,,,,Y,,A,08,0,0,1,0,0,0,0,0,0,"- ","- ",,,"SANTA BARBARA","SANTA MARIA",-120.43128989,34.922600070000001
6666801,2014,2014-11-14,4204,2014-10-06,1548,22113,50,1,5,5,4204,0,0,0,,0,002,"WESTERN AV",BOONE,200.00,N,N,A,-,N,,,,,,,,,,N,4,0,1,2,A,-,05,21650,1,N,D,G,A,A,H,-,A,D,0,,Y,,,Y,,L,04,0,0,1,0,0,0,1,0,0,"- ","- ",,,"SANTA BARBARA","SANTA MARIA",-120.44942248,34.947469310000002
6666805,2014,2014-11-14,4204,2014-10-05,1018,90323,41,7,5,5,4204,0,0,0,,0,002,DEPOT,COOK,98.00,N,N,A,-,N,,,,,,,,,,N,4,0,1,2,A,-,11,21950,B,F,G,B,D,A,H,-,A,D,0,Y,,,,Y,Y,N,60,0,0,1,0,1,0,0,0,0,"- ","- ",,,"SANTA BARBARA","SANTA MARIA",-120.44369748,34.950179169999998
6666900,2014,2016-05-07,4204,2014-09-19,1813,20894,74,5,5,5,4204,0,0,0,,0,003,BROADWAY,"CARMEN LN",99.00,S,N,A,-,Y,SB,5,135,-,-,13.790,H,-,S,Y,4,0,1,3,A,-,03,22350,,N,C,C,A,A,H,-,A,D,0,,,,,Y,,A,01,0,0,1,0,0,0,0,0,0,"- ","- ",,,"SANTA BARBARA","SANTA MARIA",-120.43615094,34.924519539999999
6666912,2014,2014-10-22,4204,2014-09-26,0654,90081,01,5,5,5,4204,0,0,0,,0,001,"CANAL ST","PULLMAN AV",53.00,W,N,A,-,N,,,,,,,,,,N,4,0,2,2,A,-,05,21650,,N,B,C,A,A,H,-,A,D,0,,,,,Y,,A,01,0,0,2,0,0,0,0,0,0,"- ","- ",,,"SANTA BARBARA","SANTA MARIA",-120.44800662999999,34.982487599999999
6666916,2014,2014-10-22,4204,2014-09-24,1806,90273,19,3,5,5,4204,0,0,0,,0,001,DONOVAN,CARLOTTI,480.00,E,N,A,-,N,,,,,,,,,,Y,4,0,1,3,A,-,03,22350,,N,C,C,A,A,H,-,A,A,0,,,,,Y,,A,01,0,0,1,0,0,0,0,0,0,"- ","- ",,,"SANTA BARBARA","SANTA MARIA",-120.41909858,34.96763
6666920,2014,2014-10-22,4204,2014-09-30,1756,21338,026,2,5,5,4204,0,0,0,,0,002,FESLER,THORNBURG,0.00,,Y,A,-,N,,,,,,,,,,Y,4,0,1,2,A,-,09,21802,A,N,A,C,A,A,H,-,A,A,0,,,,,Y,,A,01,0,0,1,0,0,0,0,0,0,"- ","- ",,,"SANTA BARBARA","SANTA MARIA",-120.4403099,34.956510049999999
6680834,2014,2014-12-12,4204,2014-10-19,2310,90246,69,7,5,5,4204,0,0,0,,0,003,"BRADLEY RD","HANCOCK AV",14.00,S,N,A,-,N,,,,,,,,,,Y,4,0,1,2,A,-,08,22108,,N,D,C,A,A,H,-,C,D,0,,,,,Y,,A,01,0,0,1,0,0,0,0,0,0,"- ","- ",,,"SANTA BARBARA","SANTA MARIA",-120.41825,34.932901549999997
6680837,2014,2016-06-22,4204,2014-10-08,0704,22104,49,3,5,5,4204,0,0,0,,0,002,MAIN,"NICHOLSON AV",0.00,,Y,B,-,Y,SB,5,101,-,-,88.780,R,4,N,N,4,0,1,2,A,-,21,22106,,N,D,G,A,A,H,-,A,A,0,,Y,,,Y,,A,01,0,0,1,0,0,0,1,0,0,"- ","- ",,,"SANTA BARBARA","SANTA MARIA",-120.4171954,34.955400529999999
6680838,2014,2014-12-12,4204,2014-10-06,1700,23000,22,1,5,5,4204,0,0,0,,0,001,"PANTHER DR","ALCALA DR",200.00,N,N,A,-,N,,,,,,,,,,N,4,0,1,2,A,-,09,21804,,N,-,G,A,A,H,-,A,D,0,,Y,,,Y,,A,01,0,0,1,0,0,0,1,0,0,"- ","- ",,,"SANTA BARBARA","SANTA MARIA",-120.40032861,34.954939240000002
6680839,2014,2014-12-12,4204,2014-10-19,1401,22104,27,7,5,5,4204,0,0,0,,0,001,"ALVIN AV",MCCLELLAND,224.00,W,N,A,-,N,,,,,,,,,,Y,4,0,1,4,A,-,01,23152,B,M,F,E,A,A,H,-,-,A,0,,,,,Y,Y,A,01,0,0,1,0,0,0,0,0,0,"- ","- ",,,"SANTA BARBARA","SANTA MARIA",-120.43488730999999,34.96043598
6680840,2014,2014-12-12,4204,2014-10-18,2008,90137,14,6,5,5,4204,0,0,0,,0,001,ORCHARD,CURRYER,30.00,W,N,A,-,N,,,,,,,,,,Y,3,0,1,3,A,-,01,23152,B,N,E,A,A,A,D,-,C,C,0,,,,,Y,Y,A,07,0,1,0,0,0,0,0,0,0,"- ","- ",,,"SANTA BARBARA","SANTA MARIA",-120.4420101,34.965910000000001
6681371,2014,2014-12-12,9755,2014-10-12,0900,017884,,7,1,9,4200,0,3,5,,2,050,"CLUBHOUSE RD","BURTON MESA BL",1056.00,N,N,A,-,N,,,,,,,,,,Y,3,0,2,2,A,-,05,21460,A,N,A,C,A,A,H,-,A,D,0,,,,,Y,,A,07,0,1,1,0,0,0,0,0,0,"- ","- ",34.704340000000002,-120.45634,"SANTA BARBARA",UNINCORPORATED,-120.4560725,34.703969229999998
6676457,2014,2015-01-14,4204,2014-09-29,1643,90322,58,1,5,5,4204,0,0,0,,0,002,"PARK AV",MILLER,500.00,E,N,A,-,N,,,,,,,,,,N,3,0,1,2,D,-,00,,,N,G,B,D,A,H,-,A,D,0,Y,,,,Y,,-,"- ",0,1,0,0,1,0,0,0,0,"- ","- ",,,"SANTA BARBARA","SANTA MARIA",-120.42977328000001,34.944547800000002
6676968,2014,2016-06-22,9760,2014-10-14,0845,014690,,2,1,9,4200,0,1,2,,2,010,"RT 101","EVANS AV",25.00,N,N,A,-,Y,SB,5,101,-,R,8.300,H,-,N,N,4,0,1,2,A,-,03,22350,,N,C,C,A,A,H,-,A,D,1,,,,,Y,,D,22,0,0,1,0,0,0,0,0,0,"- ","- ",34.421190000000003,-119.60214000000001,"SANTA BARBARA",UNINCORPORATED,-119.60204621,34.421337790000003
6677008,2014,2016-05-03,9760,2014-09-12,0723,017603,,5,1,9,4200,0,2,4,,1,021,"STATE ST","RT 154",580.00,W,N,A,-,Y,SB,5,154,-,-,32.170,H,-,E,Y,4,0,2,2,A,-,03,22350,,N,C,C,A,A,H,-,A,D,0,,,,,Y,,A,01,0,0,2,0,0,0,0,0,0,"- ","- ",34.440489999999997,-119.76181,"SANTA BARBARA",UNINCORPORATED,-119.75997126,34.44236403
6677014,2014,2015-06-17,9760,2014-10-10,1658,017603,,5,2,4,4214,0,1,3,,2,027,"RT 217","SAND SPIT",2112.00,E,N,A,-,Y,,,217,,,,,,,Y,4,0,1,2,A,-,07,21658,A,M,C,C,A,A,H,-,A,D,0,,,,,Y,,-,99,0,0,1,0,0,0,0,0,0,"- ","- ",34.424199999999999,-119.82671000000001,"SANTA BARBARA",GOLETA,-119.82677870000001,34.424255559999999
6677016,2014,2014-11-07,9755,2014-09-29,0545,017884,,1,3,9,4200,0,3,5,,2,050,"FLORADALE AV","CENTRAL AV",3168.00,N,N,E,-,N,,,,,,,,,,Y,4,0,1,2,A,-,21,22106,,N,D,C,A,B,H,-,D,D,0,,,,,Y,,D,22,0,0,1,0,0,0,0,0,0,"- ","- ",34.667360000000002,-120.49265,"SANTA BARBARA",UNINCORPORATED,-120.49285999999999,34.661209999999997
6677032,2014,2016-06-18,9755,2014-10-06,0513,018264,,1,3,9,4200,0,1,3,,1,051,"RT 1","JALAMA RD",5280.00,S,N,A,-,Y,SB,5,1,-,-,14.010,H,-,S,Y,4,0,1,1,A,-,08,22107,,N,E,I,A,A,H,-,D,D,0,,,,Y,Y,,F,26,0,0,1,0,0,0,0,0,0,"- ","- ",34.524450000000002,-120.34032000000001,"SANTA BARBARA",UNINCORPORATED,-120.39583378,34.585002000000003
6677036,2014,2015-02-05,9755,2014-10-09,1555,012436,,4,2,9,4200,0,1,3,,1,053,"RT 246","SWEENEY RD",2112.00,E,N,A,-,Y,,,246,,,,,,,Y,4,0,1,1,A,-,08,22107,,N,E,I,A,A,H,-,A,D,0,,,,,Y,,D,22,0,0,1,0,0,0,0,0,0,"- ","- ",34.650869999999998,-120.42709000000001,"SANTA BARBARA",UNINCORPORATED,-120.42706801999999,34.650863010000002
6677975,2014,2014-12-15,4204,2014-10-06,1803,90271,SMPD,1,5,5,4204,0,0,0,,0,001,"DONOVAN RD",LINCOLN,33.00,W,N,A,-,N,,,,,,,,,,Y,2,0,1,2,A,-,11,21954,A,N,G,B,D,A,H,-,A,D,0,Y,,,,Y,,N,60,1,0,0,0,1,0,0,0,0,"- ","- ",,,"SANTA BARBARA","SANTA MARIA",-120.43692006000001,34.967702750000001
6677979,2014,2014-12-15,4204,2014-10-10,2111,18455,068,5,5,5,4204,0,0,0,,0,003,"ENOS DR",MILLER,0.00,,Y,A,-,N,,,,,,,,,,Y,4,0,1,2,A,-,12,21453,A,N,D,C,A,A,H,-,C,A,0,,,,,Y,,A,08,0,0,1,0,0,0,0,0,0,"- ","- ",,,"SANTA BARBARA","SANTA MARIA",-120.43162998,34.934060070000001
6677983,2014,2014-12-16,4204,2014-10-15,0854,23073,54,3,5,5,4204,0,0,0,,0,002,"BRADLEY RD",JONES,75.00,N,N,A,-,N,,,,,,,,,,N,4,0,1,3,A,-,03,22350,,F,C,C,A,A,H,-,A,A,0,,,,,Y,,-,,0,0,1,0,0,0,0,0,0,"- ","- ",,,"SANTA BARBARA","SANTA MARIA",-120.41815584,34.946015969999998
6678251,2014,2014-10-31,9755,2014-08-14,1327,13618,,4,1,9,4200,0,1,3,,1,053,"RT 246","CAMPBELL RD",985.00,W,N,A,-,Y,SB,5,246,-,R,18.030,H,-,E,Y,1,1,1,2,A,-,08,22107,,N,A,C,A,A,H,-,A,D,0,,,,,Y,,A,01,1,0,0,0,0,0,0,0,0,"- ","- ",34.663359999999997,-120.32953999999999,"SANTA BARBARA",UNINCORPORATED,-120.31662132,34.653941420000002
6681392,2014,2016-06-22,9760,2014-10-09,1545,014690,,4,2,5,4203,0,1,2,,2,011,"RT 101","PUEBLO ST",800.00,S,N,A,-,Y,SB,5,101,-,R,15.880,H,-,N,Y,3,0,1,2,A,-,04,21703,,N,C,C,A,A,H,-,A,D,1,,,Y,,Y,,C,02,0,1,0,0,0,0,0,0,1,"- ","- ",34.426349999999999,-119.7236,"SANTA BARBARA","SANTA BARBARA",-119.72253093,34.426122659999997
6681396,2014,2016-06-22,9760,2014-10-14,0915,017662,,2,1,9,4200,0,1,2,,2,010,"RT 101","SHEFFIELD DR",2112.00,S,N,A,-,Y,SB,5,101,-,-,8.600,H,-,N,N,4,0,1,2,A,-,03,22350,,N,C,C,A,A,H,-,A,D,1,,,,,Y,,A,07,0,0,1,0,0,0,0,0,0,"- ","- ",34.42089,-119.60666000000001,"SANTA BARBARA",UNINCORPORATED,-119.60710492,34.420836430000001
6681408,2014,2014-12-15,9760,2014-10-15,1703,018431,,3,2,9,4200,0,2,4,,1,021,"HOLLISTER AV","MAGNA VISTA ST",0.00,,Y,A,-,N,,,,,,,,,,N,4,0,1,2,A,-,09,21801,A,N,D,G,A,A,H,-,A,D,0,,Y,,,Y,,A,01,0,0,1,0,0,0,1,0,0,"- ","- ",34.437049999999999,-119.78693,"SANTA BARBARA",UNINCORPORATED,-119.78677989000001,34.437140020000001
6681420,2014,2014-12-12,9760,2014-10-14,2053,017097,,2,2,9,4200,0,2,4,,1,021,"HOLLISTER AV","TURNPIKE RD",38.00,W,N,A,-,N,,,,,,,,,,Y,4,0,1,2,A,-,01,23152,A,N,C,C,A,A,H,-,C,A,0,,,,,Y,Y,A,01,0,0,1,0,0,0,0,0,0,"- ","- ",34.436489999999999,-119.78972,"SANTA BARBARA",UNINCORPORATED,-119.78957251,34.43661582
6681424,2014,2016-06-22,9760,2014-10-04,1405,018491,,6,2,3,4205,0,1,2,,2,010,"RT 101","LINDEN AV",426.00,N,N,A,-,Y,SB,5,101,-,-,3.140,H,-,N,Y,3,0,1,1,A,-,08,22107,,N,E,I,A,A,H,-,A,D,1,,,,,Y,,A,07,0,1,0,0,0,0,0,0,0,"- ","- ",34.401879999999998,-119.51779999999999,"SANTA BARBARA",CARPINTERIA,-119.51780909,34.401686349999999
6681432,2014,2016-06-22,9760,2014-10-12,0819,017603,,7,1,9,4200,0,1,2,,1,030,"RT 101","CALLE REAL",1584.00,S,N,B,-,Y,SB,5,101,-,-,16.250,H,-,S,Y,4,0,1,1,A,-,08,22107,,N,E,I,A,A,H,-,A,D,1,,,,,Y,,A,01,0,0,1,0,0,0,0,0,0,"- ","- ",34.433190000000003,-119.91276000000001,"SANTA BARBARA",UNINCORPORATED,-119.72850132000001,34.426982479999999
6681436,2014,2016-06-22,9760,2014-10-14,0820,017662,,2,1,3,4205,0,1,2,,2,010,"RT 101","BAILARD AV",475.00,N,N,A,-,Y,SB,5,101,-,-,1.710,H,-,N,Y,3,0,2,3,A,-,03,22350,,N,C,C,A,A,D,-,A,D,1,,,,,Y,,A,01,0,1,1,0,0,0,0,0,0,"- ","- ",34.388919999999999,-119.4991,"SANTA BARBARA",CARPINTERIA,-119.49934030999999,34.388892050000003
6681440,2014,2014-12-12,9755,2014-10-11,0650,017884,,6,1,9,4200,0,3,5,,2,050,"OCEAN AV","DOUGLAS AV",300.00,E,N,E,-,N,,,,,,,,,,Y,4,0,2,2,A,-,03,22350,,N,C,C,A,B,H,-,B,D,0,,,,,Y,,A,08,0,0,2,0,0,0,0,0,0,"- ","- ",34.643120000000003,-120.50946999999999,"SANTA BARBARA",UNINCORPORATED,-120.50970055000001,34.643137250000002
6682959,2014,2014-12-10,9760,2014-09-29,1513,018431,,1,2,9,4200,0,2,4,,1,021,"HOLLISTER AV","MAGNA VISTA ST",3.00,E,N,A,-,N,,,,,,,,,,Y,4,0,1,2,A,-,03,22350,,N,C,C,A,A,H,-,A,D,0,,,,,Y,,A,01,0,0,1,0,0,0,0,0,0,"- ","- ",34.437179999999998,-119.78664000000001,"SANTA BARBARA",UNINCORPORATED,-119.78677027000001,34.437141709999999
6683174,2014,2016-02-16,9760,2014-10-01,1403,18431,,3,2,9,4200,0,3,5,,2,001,"OLIVE MILL RD","SAN BENITO WY",484.00,N,N,A,-,N,,,,,,,,,,Y,3,0,2,1,A,-,01,23152,A,N,E,I,A,A,H,-,A,D,0,,,,,Y,Y,A,01,0,1,1,0,0,0,0,0,0,"- ","- ",34.42559,-119.64055999999999,"SANTA BARBARA",UNINCORPORATED,-119.64038693000001,34.425172320000001
6686013,2014,2014-12-30,9750,2014-10-12,0435,018616,,7,3,9,4200,0,1,3,,1,063,"RT 166","SIERRA MADRE RD",1056.00,W,N,A,-,Y,,,166,,,,,,,Y,4,0,1,1,A,-,08,22107,,N,F,A,A,A,H,-,D,D,0,,,,,Y,,D,22,0,0,1,0,0,0,0,0,0,"- ","- ",35.110970000000002,-120.09484999999999,"SANTA BARBARA",UNINCORPORATED,-120.09485275999999,35.110978750000001
6678282,2014,2014-11-03,9755,2014-09-06,1325,16058,,6,1,9,4200,0,1,3,,1,042,"RT 154","FOXEN CANYON RD",4224.00,W,N,A,-,Y,SB,5,154,-,-,1.590,H,-,E,Y,1,2,2,3,A,-,05,21460,A,N,A,C,A,A,H,-,A,D,0,,,,,Y,,A,01,2,0,0,0,0,0,0,0,0,"- ","- ",34.675600000000003,-120.13148,"SANTA BARBARA",UNINCORPORATED,-120.13229352,34.67606988
6678288,2014,2014-10-31,9750,2014-09-21,1456,14449,,7,2,9,4200,0,3,5,,2,030,"DOMINION RD","CLARK AV",2640.00,N,N,A,-,N,,,,,,,,,,Y,1,1,0,1,A,-,08,22107,,N,E,I,A,A,H,-,A,D,0,,,,,Y,,A,01,0,0,0,0,0,0,0,0,0,"- ","- ",34.872039999999998,-120.3476,"SANTA BARBARA",UNINCORPORATED,-120.34751439999999,34.872248919999997
6678420,2014,2016-06-18,4202,2014-10-08,1738,239,LOMPO,3,5,4,4202,0,0,0,,0,002,"RT 1","PURISIMA RD",115.00,S,N,A,-,Y,SB,5,1,-,-,23.280,H,-,N,N,4,0,1,2,A,-,03,22350,,N,C,C,A,A,H,-,A,A,0,,,,,Y,,A,01,0,0,1,0,0,0,0,0,0,"- ","- ",,,"SANTA BARBARA",LOMPOC,-120.45588728,34.678351739999997