CASE_ID,ACCIDENT_YEAR,PROC_DATE,JURIS,COLLISION_DATE,COLLISION_TIME,OFFICER_ID,REPORTING_DISTRICT,DAY_OF_WEEK,CHP_SHIFT,POPULATION,CNTY_CITY_LOC,SPECIAL_COND,BEAT_TYPE,CHP_BEAT_TYPE,CITY_DIVISION_LAPD,CHP_BEAT_CLASS,BEAT_NUMBER,PRIMARY_RD,SECONDARY_RD,DISTANCE,DIRECTION,INTERSECTION,WEATHER_1,WEATHER_2,STATE_HWY_IND,CALTRANS_COUNTY,CALTRANS_DISTRICT,STATE_ROUTE,ROUTE_SUFFIX,POSTMILE_PREFIX,POSTMILE,LOCATION_TYPE,RAMP_INTERSECTION,SIDE_OF_HWY,TOW_AWAY,COLLISION_SEVERITY,NUMBER_KILLED,NUMBER_INJURED,PARTY_COUNT,PRIMARY_COLL_FACTOR,PCF_CODE_OF_VIOL,PCF_VIOL_CATEGORY,PCF_VIOLATION,PCF_VIOL_SUBSECTION,HIT_AND_RUN,TYPE_OF_COLLISION,MVIW,PED_ACTION,ROAD_SURFACE,ROAD_COND_1,ROAD_COND_2,LIGHTING,CONTROL_DEVICE,CHP_ROAD_TYPE,PEDESTRIAN_ACCIDENT,BICYCLE_ACCIDENT,MOTORCYCLE_ACCIDENT,TRUCK_ACCIDENT,NOT_PRIVATE_PROPERTY,ALCOHOL_INVOLVED,STWD_VEHTYPE_AT_FAULT,CHP_VEHTYPE_AT_FAULT,COUNT_SEVERE_INJ,COUNT_VISIBLE_INJ,COUNT_COMPLAINT_PAIN,COUNT_PED_KILLED,COUNT_PED_INJURED,COUNT_BICYCLIST_KILLED,COUNT_BICYCLIST_INJURED,COUNT_MC_KILLED,COUNT_MC_INJURED,PRIMARY_RAMP,SECONDARY_RAMP,LATITUDE,LONGITUDE,COUNTY,CITY,POINT_X,POINT_Y
6678424,2014,2014-12-17,4202,2014-10-07,1600,292,,2,5,4,4202,0,0,0,,0,,"CHESTNUT AV","K ST",121.00,E,N,A,-,N,,,,,,,,,,N,4,0,1,2,A,-,08,22107,,N,A,E,A,-,H,-,A,D,0,,,Y,,Y,,C,02,0,0,1,0,0,0,0,0,1,"- ","- ",,,"SANTA BARBARA",LOMPOC,-120.46127792,34.642253670000002
6679400,2014,2014-12-29,4204,2014-10-21,0546,90239,77,2,5,5,4204,0,0,0,,0,003,"BETTERAVIA RD","BLACK RD",0.00,,Y,A,-,N,,,,,,,,,,Y,4,0,1,2,A,-,12,22450,,N,D,C,A,A,H,-,D,D,0,,,,,Y,,A,07,0,0,1,0,0,0,0,0,0,"- ","- ",,,"SANTA BARBARA","SANTA MARIA",-120.49015987999999,34.920830019999997
6679402,2014,2014-12-19,4200,2014-10-02,0833,3683,14,4,5,4,4214,0,0,0,,0,080,"CATHEDRAL OAKS RD","ELLWOOD CANYON RD",12.00,E,N,A,-,N,,,,,,,,,,N,3,0,1,2,A,-,09,21802,A,N,H,G,A,A,H,-,A,A,0,,Y,,,Y,,L,04,0,1,0,0,0,0,1,0,0,"- ","- ",,,"SANTA BARBARA",GOLETA,-119.89778203,34.4396694
6679406,2014,2014-12-19,4200,2014-10-03,1215,4417,14,5,5,3,4205,0,0,0,,0,040,"HOLLY AV","CARPINTERIA AV",34.00,S,N,A,-,N,,,,,,,,,,N,4,0,1,2,A,-,17,22517,,N,H,G,A,A,H,-,A,D,0,,Y,,,Y,,A,01,0,0,1,0,0,0,1,0,0,"- ","- ",,,"SANTA BARBARA",CARPINTERIA,-119.52055792,34.400632610000002
6679457,2014,2015-01-22,4200,2014-09-24,2113,4005,14,3,5,4,4214,0,0,0,,0,050,"NEWCASTLE AV","VALDEZ AV",0.00,,Y,A,-,N,,,,,,,,,,N,4,0,1,2,A,-,10,21950,A,N,G,B,D,A,H,-,C,D,0,Y,,,,Y,Y,A,01,0,0,1,0,1,0,0,0,0,"- ","- ",,,"SANTA BARBARA",GOLETA,-119.83774993999999,34.439860080000003
6679461,2014,2015-01-09,4200,2014-09-29,2140,2887,14,1,5,4,4214,0,0,0,,0,050,"LA GOLETA RD","PASEO PALMILLO",45.00,E,N,A,-,N,,,,,,,,,,Y,2,0,1,1,A,-,01,23152,A,N,E,I,A,A,H,-,C,D,0,,,,,Y,Y,A,01,1,0,0,0,0,0,0,0,0,"- ","- ",,,"SANTA BARBARA",GOLETA,-119.83412761,34.45320701
6698955,2014,2015-01-08,4204,2014-11-01,0049,90200,34,6,5,5,4204,0,0,0,,0,002,MILL,MCCLELLAND,0.00,,Y,A,-,N,,,,,,,,,,Y,4,0,1,2,A,-,08,22107,,N,D,E,A,A,H,-,C,D,0,,,,,Y,,A,01,0,0,1,0,0,0,0,0,0,"- ","- ",,,"SANTA BARBARA","SANTA MARIA",-120.43418993,34.955350039999999
6701449,2014,2016-06-22,9750,2014-10-31,0330,18009,,5,3,9,4200,0,1,2,,2,002,"RT 101","SOLOMON SUMMIT",6864.00,S,N,A,-,Y,SB,5,101,-,-,77.390,H,-,N,Y,3,0,2,1,A,-,08,22107,,N,F,A,A,A,H,-,D,D,1,,,,,Y,,D,22,0,1,1,0,0,0,0,0,0,"- ","- ",34.81109,-120.34555,"SANTA BARBARA",UNINCORPORATED,-120.34544522,34.810524030000003
6686029,2014,2016-06-22,9750,2014-10-19,1816,017548,,7,2,5,4204,0,1,2,,2,001,"RT 101","BETTERAVIA RD",1584.00,N,N,A,-,Y,SB,5,101,-,-,86.800,H,-,N,Y,4,0,3,3,A,-,05,21651,B,N,A,C,A,A,H,-,A,A,0,,,,,Y,,D,22,0,0,3,0,0,0,0,0,0,"- ","- ",34.926949999999998,-120.41794,"SANTA BARBARA","SANTA MARIA",-120.41780402000001,34.926674179999999
6686035,2014,2015-01-07,4204,2014-10-25,1807,90268,67,6,5,5,4204,0,0,0,,0,003,LINCOLN,"BATTLES RD",0.00,,Y,A,-,N,,,,,,,,,,Y,4,0,1,3,A,-,01,23152,B,M,A,C,A,A,H,-,B,A,0,,,,,Y,Y,A,01,0,0,1,0,0,0,0,0,0,"- ","- ",,,"SANTA BARBARA","SANTA MARIA",-120.43766989,34.931490089999997
6686045,2014,2014-12-08,9750,2014-10-16,0733,16469,,4,1,9,4200,0,3,5,,2,020,"LARCH AV","BRADLEY RD",0.00,,Y,A,-,N,,,,,,,,,,Y,4,0,2,2,A,-,09,21802,A,N,D,C,A,A,H,-,A,A,0,,,,,Y,,D,22,0,0,2,0,0,0,0,0,0,"- ","- ",34.886890000000001,-120.41867000000001,"SANTA BARBARA",UNINCORPORATED,-120.41863999,34.886840020000001
6686047,2014,2015-01-21,4204,2014-10-22,1215,23601,27,3,5,5,4204,0,0,0,,0,001,FESLER,MCCLELLAND,0.00,,Y,A,-,N,,,,,,,,,,N,3,0,1,2,A,-,09,21801,A,N,D,C,A,A,H,-,A,A,0,,,,,Y,,D,22,0,1,0,0,0,0,0,0,0,"- ","- ",,,"SANTA BARBARA","SANTA MARIA",-120.4341799,34.956460079999999
6689339,2014,2014-12-04,9750,2014-10-18,2335,017379,,6,3,9,4200,0,1,3,,1,021,"RT 135","RICE RANCH RD",528.00,S,N,A,-,Y,,,135,,,,,,,Y,2,0,1,1,A,-,01,23152,A,N,E,I,A,A,H,-,D,D,0,,,,,Y,Y,D,22,1,0,0,0,0,0,0,0,0,"- ","- ",34.857959999999999,-120.44208999999999,"SANTA BARBARA",UNINCORPORATED,-120.44209336,34.858009850000002
6689343,2014,2014-12-08,9750,2014-10-21,0710,016469,,2,1,9,4200,0,3,5,,2,010,"BETTERAVIA RD","BROWN RD",0.00,,Y,A,-,N,,,,,,,,,,Y,4,0,3,2,A,-,09,21801,A,N,D,C,A,A,H,-,A,D,0,,,,Y,Y,,A,08,0,0,3,0,0,0,0,0,0,"- ","- ",34.935189999999999,-120.54649999999999,"SANTA BARBARA",UNINCORPORATED,-120.54642995,34.935200080000001
6690643,2014,2014-12-29,4203,2014-10-19,1738,6968,17,7,5,5,4203,0,0,0,,0,006,"CLIFF DR","OCEANO AV",156.00,W,N,A,-,N,,,,,,,,,,Y,4,0,1,3,A,-,08,22107,,N,D,E,A,A,H,-,A,D,0,,,,,Y,,-,,0,0,1,0,0,0,0,0,0,"- ","- ",34.24147,-119.42209,"SANTA BARBARA","SANTA BARBARA",-119.70595161,34.404031060000001
6690647,2014,2014-12-29,4203,2014-10-17,1223,2661,,5,5,5,4203,0,0,0,,0,006,"CLIFF DR","TERRACE RD",0.00,,Y,A,-,Y,,,,,,,,,,Y,3,0,2,2,A,-,09,21801,A,N,D,C,A,A,H,-,A,A,0,,,,,Y,,-,,0,1,1,0,0,0,0,0,0,"- ","- ",34.244999999999997,-119.4238,"SANTA BARBARA","SANTA BARBARA",-119.71151992999999,34.401520079999997
6690656,2014,2016-06-22,9750,2014-10-22,0705,14645,,3,1,5,4204,0,1,2,,2,001,"RT 101","BETTERAVIA RD",3432.00,N,N,A,-,Y,SB,5,101,-,-,87.240,H,-,S,Y,4,0,1,2,A,-,03,22350,,N,C,C,A,A,H,-,A,D,0,,,,,Y,,A,01,0,0,1,0,0,0,0,0,0,"- ","- ",34.933540000000001,-120.41800000000001,"SANTA BARBARA","SANTA MARIA",-120.41794513000001,34.933062499999998
6690659,2014,2014-12-29,4203,2014-10-22,1026,2520,,3,5,5,4203,0,0,0,,0,002,"CASTILLO ST","YANONALI ST",0.00,,Y,A,-,N,,,,,,,,,,N,4,0,1,2,A,-,"- ",,,N,G,B,-,A,H,-,A,D,0,Y,,,,Y,,-,,0,0,1,0,1,0,0,0,0,"- ","- ",34.253500000000003,-119.41459999999999,"SANTA BARBARA","SANTA BARBARA",-119.69618998999999,34.409770000000002
6690663,2014,2014-12-29,4203,2014-10-21,1732,6495,,2,5,5,4203,0,0,0,,0,006,"RED ROSE WY","FELLOWSHIP RD",9.00,W,N,A,-,N,,,,,,,,,,Y,3,0,1,2,A,-,03,22350,,N,C,C,A,A,H,-,A,D,0,,,,,Y,,-,,0,1,0,0,0,0,0,0,0,"- ","- ",34.403910000000003,-119.72651999999999,"SANTA BARBARA","SANTA BARBARA",-119.72791688,34.404290680000003
6701948,2014,2014-11-26,9750,2014-10-24,2350,018616,,5,3,9,4200,0,1,3,,1,021,"RT 135","RICE RANCH RD",125.00,N,N,A,-,Y,,,135,,,,,,,Y,3,0,1,1,A,-,01,23152,A,N,E,I,A,A,H,-,C,D,0,,,,,Y,Y,A,01,0,1,0,0,0,0,0,0,0,"- ","- ",34.8598,-120.43826,"SANTA BARBARA",UNINCORPORATED,-120.43819065,34.859723889999998
6703118,2014,2015-05-05,4203,2014-11-10,1715,7193,,1,5,5,4203,0,0,0,,0,005,"STATE ST","LOS POSITAS RD",615.00,E,N,A,-,N,,,,,,,,,,N,4,0,1,2,A,-,03,22350,,N,C,C,A,A,H,-,C,A,0,,,,,Y,,-,,0,0,1,0,0,0,0,0,0,"- ","- ",34.262569999999997,-119.43585,"SANTA BARBARA","SANTA BARBARA",-119.73220195,34.440372930000002
6703437,2014,2015-01-09,4203,2014-11-11,1640,7193,,2,5,5,4203,0,0,0,,0,005,"CALLE REAL","DEPAUL DR",0.00,,Y,A,-,N,,,,,,,,,,N,4,0,1,3,A,-,03,22350,,N,C,C,A,A,H,-,B,D,0,,,,,Y,,-,,0,0,1,0,0,0,0,0,0,"- ","- ",34.26305,-119.45480000000001,"SANTA BARBARA","SANTA BARBARA",-119.76336986,34.441350100000001
6703442,2014,2015-01-08,4203,2014-11-12,2239,1436,,3,5,5,4203,0,0,0,,0,001,"ALAMEDA PADRE SERRA","LAS ALTURAS RD",225.00,N,N,A,-,N,,,,,,,,,,Y,2,0,2,1,A,-,01,23152,,N,F,I,A,A,H,-,C,A,0,,,,,Y,Y,-,,1,0,1,0,0,0,0,0,0,"- ","- ",34.260100000000001,-119.40560000000001,"SANTA BARBARA","SANTA BARBARA",-119.68239191000001,34.433802980000003
6703450,2014,2015-01-08,4203,2014-11-06,0717,2520,,4,5,5,4203,0,0,0,,0,001,"VOLUNTARIO ST","INDIO MUERTO",0.00,,Y,A,-,N,,,,,,,,,,N,3,0,1,2,A,-,"- ",,,N,G,B,D,A,H,-,A,D,0,Y,,,,Y,,-,,0,1,0,0,1,0,0,0,0,"- ","- ",34.254600000000003,-119.40860000000001,"SANTA BARBARA","SANTA BARBARA",-119.67281991,34.420920080000002
6703454,2014,2015-01-08,4203,2014-11-08,1530,1497,4203,6,5,5,4203,0,0,0,,0,005,"MCCAW AV","LAS POSITAS RD",36.00,E,N,A,-,N,,,,,,,,,,N,4,0,1,2,A,-,09,21804,A,N,D,C,A,A,H,-,A,D,0,,,,,Y,,-,,0,0,1,0,0,0,0,0,0,"- ","- ",36.261899999999997,-119.44103,"SANTA BARBARA","SANTA BARBARA",-119.73394,34.43853
6703458,2014,2015-01-08,4203,2014-11-06,1556,2661,,4,5,5,4203,0,0,0,,0,004,"VICTORIA ST","STATE ST",0.00,,Y,A,-,N,,,,,,,,,,N,3,0,1,2,A,-,10,21950,A,N,G,B,B,A,H,-,A,A,0,Y,,,,Y,,-,,0,1,0,0,1,0,0,0,0,"- ","- ",34.252600000000001,-119.422,"SANTA BARBARA","SANTA BARBARA",-119.70573998,34.424300090000003
6703462,2014,2015-01-08,4203,2014-11-06,0950,3197,,4,5,5,4203,0,0,0,,0,001,"MILPAS ST","QUINIENTOS ST",45.00,S,N,A,-,N,,,,,,,,,,Y,4,0,1,2,A,-,09,21801,A,N,D,C,A,A,H,-,A,D,0,,,,,Y,,-,,0,0,1,0,0,0,0,0,0,"- ","- ",34.2517,-119.40430000000001,"SANTA BARBARA","SANTA BARBARA",-119.6789,34.421619999999997
6703466,2014,2015-01-21,4203,2014-11-12,0057,3597,,3,5,5,4203,0,0,0,,0,006,"SAN ANDRES ST","MISSION ST",64.00,S,N,A,-,N,,,,,,,,,,N,4,0,1,2,D,-,00,,,M,C,E,A,A,H,-,C,D,0,,Y,,,Y,Y,-,"- ",0,0,1,0,0,0,1,0,0,"- ","- ",34.252380000000002,-119.43207,"SANTA BARBARA","SANTA BARBARA",-119.72231983,34.423244840000002
6703470,2014,2015-01-08,4203,2014-11-10,1604,6969,,1,5,5,4203,0,0,0,,0,004,"W GUTIERREZ ST","CHAPALA ST",180.00,E,N,A,-,N,,,,,,,,,,N,4,0,1,2,A,-,07,21658,A,N,B,G,A,A,H,-,A,D,0,,Y,,,Y,Y,L,04,0,0,1,0,0,0,1,0,0,"- ","- ",34.253100000000003,-119.4203,"SANTA BARBARA","SANTA BARBARA",-119.69493131999999,34.415167510000003
6703682,2014,2015-01-08,4203,2014-11-04,1000,6970,,2,5,5,4203,0,0,0,,0,002,"W DE LA GUERRA ST","ORANGE AV",15.00,W,N,A,-,N,,,,,,,,,,N,3,0,1,2,A,-,09,21804,A,N,D,G,A,A,H,-,A,D,0,,Y,,,Y,,L,04,0,1,0,0,0,0,1,0,0,"- ","- ",34.244889999999998,-119.42204,"SANTA BARBARA","SANTA BARBARA",-119.7056832,34.413619349999998
6690667,2014,2014-12-29,4203,2014-10-24,2040,7568,,5,5,5,4203,0,0,0,,0,005,"STATE ST","CALLE PALO COLORADO",0.00,,Y,A,-,N,,,,,,,,,,Y,3,0,1,2,A,-,01,23152,,F,A,C,A,A,H,-,C,A,0,,,,,Y,Y,-,,0,1,0,0,0,0,0,0,0,"- ","- ",34.440399999999997,-119.73099999999999,"SANTA BARBARA","SANTA BARBARA",-119.73100986,34.440380019999999
6690671,2014,2014-12-29,4203,2014-10-21,1208,1497,4203,2,5,5,4203,0,0,0,,0,003,"E VICTORIA ST","SANTA BARBARA ST",0.00,,Y,A,-,N,,,,,,,,,,N,4,0,1,2,A,-,12,21453,A,N,D,C,A,A,H,-,A,A,0,,,,,Y,,-,,0,0,1,0,0,0,0,0,0,"- ","- ",34.253500000000003,-119.4213,"SANTA BARBARA","SANTA BARBARA",-119.70346986,34.426440040000003
6690675,2014,2014-12-29,4203,2014-10-20,1247,6700,33,1,5,5,4203,0,0,0,,0,004,"MICHELTORENA ST","DE LA VINA ST",0.00,,Y,A,-,N,,,,,,,,,,N,3,0,1,2,A,-,09,21801,A,N,D,G,A,A,H,-,A,A,0,,Y,,,Y,,A,01,0,1,0,0,0,0,1,0,0,"- ","- ",34.252630000000003,-119.4238,"SANTA BARBARA","SANTA BARBARA",-119.71055995,34.42405007
6690712,2014,2014-12-29,9750,2014-10-15,0548,16469,,3,3,9,4200,0,3,5,,2,010,"BETTERAVIA RD","BROWN RD",0.00,,Y,A,-,N,,,,,,,,,,Y,4,0,1,2,A,-,09,21802,A,N,D,C,A,B,H,-,D,A,0,,,,,Y,,A,07,0,0,1,0,0,0,0,0,0,"- ","- ",34.935049999999997,-120.54638,"SANTA BARBARA",UNINCORPORATED,-120.54642995,34.935200080000001
6690716,2014,2016-06-22,9750,2014-10-17,0520,16469,,5,3,9,4200,0,1,2,,2,002,"RT 101","CLARK AV",8448.00,S,N,A,-,Y,SB,5,101,-,-,80.500,H,-,N,Y,3,0,1,1,A,-,08,22107,,N,F,A,A,A,H,-,D,D,1,,,,,Y,,A,01,0,1,0,0,0,0,0,0,0,"- ","- ",34.84554,-120.37872,"SANTA BARBARA",UNINCORPORATED,-120.37876869,34.845553250000002
6690720,2014,2016-06-22,9750,2014-10-19,1910,17616,,7,2,5,4204,0,1,2,,2,001,"RT 101","STOWELL RD",2112.00,N,N,A,-,Y,SB,5,101,-,-,88.000,H,-,S,Y,2,0,2,2,A,-,03,22350,,N,C,C,A,A,H,-,D,D,0,,,,,Y,,A,01,1,0,1,0,0,0,0,0,0,"- ","- ",34.944780000000002,-120.41789,"SANTA BARBARA","SANTA MARIA",-120.41786003999999,34.944089900000002
6690801,2014,2014-12-29,4204,2014-10-27,0822,22104,29,1,5,5,4204,0,0,0,,0,002,"COLLEGE DR",FESLER,0.00,,Y,A,-,N,,,,,,,,,,N,3,0,1,2,A,-,09,21800,A,N,D,G,A,A,H,-,A,A,0,,Y,,,Y,,A,01,0,1,0,0,0,0,1,0,0,"- ","- ",,,"SANTA BARBARA","SANTA MARIA",-120.42495992000001,34.956680009999999
6690807,2014,2014-12-29,4204,2014-10-28,1618,22104,52,2,5,5,4204,0,0,0,,0,002,COOK,MCCLELLAND,0.00,,Y,A,-,N,,,,,,,,,,Y,4,0,1,1,A,-,08,22107,,N,E,I,A,A,H,-,A,A,0,,,,,Y,,A,01,0,0,1,0,0,0,0,0,0,"- ","- ",,,"SANTA BARBARA","SANTA MARIA",-120.43427996,34.949860000000001
6690842,2014,2015-01-22,4204,2014-10-23,1642,90271,SMPD,4,5,5,4204,0,0,0,,0,003,"UNION VALLEY PKWY","FOXENWOOD LN",0.00,,Y,A,-,N,,,,,,,,,,Y,4,0,1,2,A,-,12,22450,A,N,D,C,A,A,H,-,A,D,0,,,,,Y,,A,01,0,0,1,0,0,0,0,0,0,"- ","- ",,,"SANTA BARBARA","SANTA MARIA",-120.43874995,34.87962005
6690846,2014,2014-12-30,4204,2014-10-28,1753,90276,,2,5,5,4204,0,0,0,,0,B02,SCHOOL,ORANGE,166.00,N,N,A,-,N,,,,,,,,,,N,4,0,1,2,A,-,09,21804,A,N,B,G,A,A,H,-,A,D,0,,Y,,,Y,,A,01,0,0,1,0,0,0,1,0,0,"- ","- ",,,"SANTA BARBARA","SANTA MARIA",-120.43003553,34.949335929999997
6690874,2014,2016-02-17,4204,2014-10-27,1408,22104,29,1,5,5,4204,0,0,0,,0,002,MAIN,"PALISADE DR",135.00,W,N,A,-,N,,,,,,,,,,Y,4,0,2,3,A,-,03,22350,,N,C,C,A,A,H,-,A,A,0,,,,,Y,,A,07,0,0,2,0,0,0,0,0,0,"- ","- ",,,"SANTA BARBARA","SANTA MARIA",-120.41254035999999,34.9529
6690878,2014,2014-12-30,4204,2014-10-22,2230,90338,72,3,5,5,4204,0,0,0,,0,003,"SONYA LN","BLOSSER RD",0.00,,Y,A,-,N,,,,,,,,,,N,3,0,1,2,A,-,03,22350,,M,G,B,D,A,H,-,C,A,0,Y,,,,Y,,A,01,0,1,0,0,1,0,0,0,0,"- ","- ",,,"SANTA BARBARA","SANTA MARIA",-120.45400988,34.927880020000003
6691801,2014,2014-11-20,4204,2014-09-09,1748,90273,50,2,5,5,4204,0,0,0,,0,002,"BLOSSER RD",BOONE,0.00,,Y,A,-,N,,,,,,,,,,Y,4,0,2,3,A,-,09,21801,A,N,D,C,A,A,H,-,A,A,0,,,,,Y,,A,01,0,0,2,0,0,0,0,0,0,"- ","- ",,,"SANTA BARBARA","SANTA MARIA",-120.4538199,34.947510049999998
6694495,2014,2015-01-07,4204,2014-11-01,1644,90269,80,6,5,5,4204,0,0,0,,0,003,"SKYWAY DR","MCCOY LN",0.00,,Y,A,-,N,,,,,,,,,,Y,3,0,2,2,A,-,12,21453,A,N,D,C,A,A,H,-,A,A,0,,,,,Y,,D,22,0,1,1,0,0,0,0,0,0,"- ","- ",,,"SANTA BARBARA","SANTA MARIA",-120.4541299,34.916820029999997
6695725,2014,2015-01-06,4200,2014-10-22,1507,3683,14,3,5,4,4214,0,0,0,,0,080,"PLACER DR","BASSANO DR",0.00,,Y,A,-,N,,,,,,,,,,N,4,0,2,2,A,-,09,21801,A,N,A,C,A,A,H,-,A,D,0,,,,,Y,,A,08,0,0,2,0,0,0,0,0,0,"- ","- ",,,"SANTA BARBARA",GOLETA,-119.88306993,34.439610029999997
6695726,2014,2015-01-06,4200,2014-10-16,1040,3683,14,4,5,4,4214,0,0,0,,0,050,"BERKELEY RD","KELLOGG AV",0.00,,Y,A,-,N,,,,,,,,,,N,3,0,1,2,A,-,12,22450,A,N,H,G,A,A,H,-,A,A,0,,Y,,,Y,,L,04,0,1,0,0,0,0,1,0,0,"- ","- ",,,"SANTA BARBARA",GOLETA,-119.81853993,34.446040089999997
6695727,2014,2016-06-22,4200,2014-10-22,0838,3683,14,3,5,4,4214,0,0,0,,0,080,"RT 101","STORKE RD",10.00,W,N,A,-,Y,SB,5,101,-,-,24.980,R,4,S,N,4,0,1,2,A,-,05,21650,1,N,H,G,A,A,H,-,A,A,0,,Y,,,Y,,L,04,0,0,1,0,0,0,1,0,0,SF,"- ",,,"SANTA BARBARA",GOLETA,-119.87439979,34.433303410000001
6695728,2014,2015-01-06,4200,2014-10-22,1927,4707,14,3,5,4,4214,0,0,0,,0,050,"CALLE REAL","ENCINA RD",106.00,W,N,A,-,N,,,,,,,,,,N,4,0,1,2,A,-,03,22350,,N,C,C,A,A,H,-,C,A,0,,,,,Y,,A,07,0,0,1,0,0,0,0,0,0,"- ","- ",,,"SANTA BARBARA",GOLETA,-119.82808023,34.441502970000002
6697442,2014,2016-06-18,9750,2014-10-22,2255,012697,,3,3,9,4200,0,1,3,,1,022,"RT 1","GRACIOSA RD",3359.00,S,N,A,-,Y,SB,5,1,-,R,31.130,H,-,N,Y,2,0,1,1,A,-,01,23152,A,N,E,I,A,A,H,-,D,D,0,,,,,Y,Y,A,07,1,0,0,0,0,0,0,0,0,"- ","- ",34.80339,-120.44293,"SANTA BARBARA",UNINCORPORATED,-120.44342111,34.802303440000003
6697513,2014,2014-11-19,9750,2014-10-30,1455,013267,,4,2,9,4200,0,2,4,,1,024,"SANTA MARIA WY","COLLEGE DR",0.00,,Y,A,-,N,,,,,,,,,,Y,4,0,1,2,A,-,12,21453,A,N,D,C,A,A,H,-,A,A,0,,,,,Y,,A,01,0,0,1,0,0,0,0,0,0,"- ","- ",34.89537,-120.42243999999999,"SANTA BARBARA",UNINCORPORATED,-120.42241989999999,34.89541011
6712384,2014,2016-06-18,9750,2014-11-11,0910,016469,,2,1,9,4200,0,1,3,,1,022,"RT 1","SAN ANTONIO ROAD EAST",3696.00,N,N,B,-,Y,SB,5,1,-,M,33.670,H,-,N,Y,4,0,1,1,A,-,08,22107,,N,F,A,A,A,H,-,A,D,1,,,,,Y,,A,01,0,0,1,0,0,0,0,0,0,"- ","- ",,,"SANTA BARBARA",UNINCORPORATED,-120.47616275999999,34.779076490000001
6712529,2014,2015-06-29,4202,2014-11-06,2225,277,LOMPO,4,5,4,4202,0,0,0,,0,,"APRICOT AV","T ST",124.00,W,N,A,-,N,,,,,,,,,,N,4,0,1,2,A,-,08,22107,,N,C,E,A,A,H,-,C,D,0,,Y,,,Y,Y,L,04,0,0,1,0,0,0,1,0,0,"- ","- ",,,"SANTA BARBARA",LOMPOC,-120.47349211,34.639977870000003
6705810,2014,2014-11-20,4202,2014-10-27,0942,292,,1,5,4,4202,0,0,0,,0,,"CENTRAL AV","H ST",292.00,W,N,A,-,N,,,,,,,,,,N,4,0,1,2,A,-,09,21804,,N,D,G,A,A,H,-,A,A,0,,Y,,,Y,,A,07,0,0,1,0,0,0,1,0,0,"- ","- ",,,"SANTA BARBARA",LOMPOC,-120.45866052,34.660784630000002
6705811,2014,2014-11-20,4202,2014-10-26,2003,234,,7,5,4,4202,0,0,0,,0,,"PINE AV","L ST",880.00,E,N,A,-,N,,,,,,,,,,N,4,0,1,2,A,-,09,21804,A,N,D,C,A,A,H,-,C,D,0,,,Y,,Y,,A,01,0,0,1,0,0,0,0,0,1,"- ","- ",,,"SANTA BARBARA",LOMPOC,-120.46037173000001,34.650208309999996
6705960,2014,2016-06-22,9750,2014-10-18,1420,016773,,6,2,5,4204,0,1,2,,2,001,"RT 101","BETTERAVIA RD",1056.00,N,N,A,-,Y,SB,5,101,-,-,86.790,H,-,N,Y,3,0,2,1,A,-,08,22107,,N,E,I,A,A,H,-,A,D,0,,,,,Y,,A,01,0,1,1,0,0,0,0,0,0,"- ","- ",34.926729999999999,-120.41777999999999,"SANTA BARBARA","SANTA MARIA",-120.4178072,34.926528859999998
6705996,2014,2014-12-04,9750,2014-10-24,1840,017267,,5,2,9,4200,0,3,5,,2,020,"BRADLEY RD","RICE RANCH RD",295.00,S,N,A,-,N,,,,,,,,,,N,4,0,1,2,A,-,05,21650,1,N,H,G,A,A,H,-,A,D,0,,Y,,,Y,,L,04,0,0,1,0,0,0,1,0,0,"- ","- ",34.856769999999997,-120.41891,"SANTA BARBARA",UNINCORPORATED,-120.41883052,34.856759769999996
6707018,2014,2016-06-22,9750,2014-11-03,0640,016170,,1,1,9,4200,0,1,2,,2,003,"RT 101","ALISOS CANYON RD",4752.00,S,N,A,-,Y,SB,5,101,-,-,67.850,H,-,S,Y,4,0,1,2,A,-,03,22350,,N,C,C,A,A,H,-,A,D,1,,,,,Y,,D,22,0,0,1,0,0,0,0,0,0,"- ","- ",34.72589,-120.22141000000001,"SANTA BARBARA",UNINCORPORATED,-120.22214433000001,34.726013719999997
6707044,2014,2016-06-22,9750,2014-10-30,2033,018616,,4,2,9,4200,0,1,2,,2,001,"RT 101","SANTA MARIA WY",590.00,N,N,A,-,Y,SB,5,101,-,-,84.480,H,-,S,Y,4,0,1,1,A,-,01,23152,A,N,E,I,A,A,H,-,C,D,0,,,,,Y,Y,A,07,0,0,1,0,0,0,0,0,0,"- ","- ",34.893169999999998,-120.41839,"SANTA BARBARA",UNINCORPORATED,-120.41825722999999,34.893274499999997
6707161,2014,2015-01-07,9750,2014-11-08,1215,14820,,6,1,9,4200,0,3,5,,2,030,"FOXEN CANYON RD","BROOKS ST",3168.00,E,N,A,-,N,,,,,,,,,,Y,4,0,1,1,A,-,03,22350,,N,E,I,A,A,H,-,A,D,0,,,Y,,Y,,C,02,0,0,1,0,0,0,0,0,1,"- ","- ",34.864330000000002,-120.27749,"SANTA BARBARA",UNINCORPORATED,-120.28396134,34.860615240000001