CASE_ID,ACCIDENT_YEAR,PROC_DATE,JURIS,COLLISION_DATE,COLLISION_TIME,OFFICER_ID,REPORTING_DISTRICT,DAY_OF_WEEK,CHP_SHIFT,POPULATION,CNTY_CITY_LOC,SPECIAL_COND,BEAT_TYPE,CHP_BEAT_TYPE,CITY_DIVISION_LAPD,CHP_BEAT_CLASS,BEAT_NUMBER,PRIMARY_RD,SECONDARY_RD,DISTANCE,DIRECTION,INTERSECTION,WEATHER_1,WEATHER_2,STATE_HWY_IND,CALTRANS_COUNTY,CALTRANS_DISTRICT,STATE_ROUTE,ROUTE_SUFFIX,POSTMILE_PREFIX,POSTMILE,LOCATION_TYPE,RAMP_INTERSECTION,SIDE_OF_HWY,TOW_AWAY,COLLISION_SEVERITY,NUMBER_KILLED,NUMBER_INJURED,PARTY_COUNT,PRIMARY_COLL_FACTOR,PCF_CODE_OF_VIOL,PCF_VIOL_CATEGORY,PCF_VIOLATION,PCF_VIOL_SUBSECTION,HIT_AND_RUN,TYPE_OF_COLLISION,MVIW,PED_ACTION,ROAD_SURFACE,ROAD_COND_1,ROAD_COND_2,LIGHTING,CONTROL_DEVICE,CHP_ROAD_TYPE,PEDESTRIAN_ACCIDENT,BICYCLE_ACCIDENT,MOTORCYCLE_ACCIDENT,TRUCK_ACCIDENT,NOT_PRIVATE_PROPERTY,ALCOHOL_INVOLVED,STWD_VEHTYPE_AT_FAULT,CHP_VEHTYPE_AT_FAULT,COUNT_SEVERE_INJ,COUNT_VISIBLE_INJ,COUNT_COMPLAINT_PAIN,COUNT_PED_KILLED,COUNT_PED_INJURED,COUNT_BICYCLIST_KILLED,COUNT_BICYCLIST_INJURED,COUNT_MC_KILLED,COUNT_MC_INJURED,PRIMARY_RAMP,SECONDARY_RAMP,LATITUDE,LONGITUDE,COUNTY,CITY,POINT_X,POINT_Y
6707165,2014,2015-01-07,9750,2014-11-06,0645,13267,,4,1,9,4200,0,3,5,,2,020,"CHERRY AV","CLARK AV",0.00,,Y,A,-,N,,,,,,,,,,Y,4,0,1,2,A,-,09,21802,A,N,D,C,A,A,H,-,A,A,0,,,,,Y,,A,07,0,0,1,0,0,0,0,0,0,"- ","- ",34.865020000000001,-120.42708,"SANTA BARBARA",UNINCORPORATED,-120.42706990000001,34.865030070000003
6707169,2014,2015-01-07,9750,2014-11-02,2000,16469,,7,2,9,4200,0,3,5,,2,020,"E PARK AV","N BROADWAY ST",137.00,E,N,A,-,N,,,,,,,,,,N,3,0,1,2,A,-,09,21801,A,F,B,C,A,A,H,-,D,D,0,,,,,Y,,A,01,0,1,0,0,0,0,0,0,0,"- ","- ",34.86627,-120.44647000000001,"SANTA BARBARA",UNINCORPORATED,-120.44675346,34.86625652
6707479,2014,2015-01-05,4202,2014-10-29,1706,239,LOMPO,3,5,4,4202,0,0,0,,0,010,"O ST","LAUREL AV",0.00,,Y,A,-,N,,,,,,,,,,N,3,0,1,2,A,-,05,21650,,N,D,G,A,-,H,-,A,A,0,,Y,,,Y,,L,04,0,1,0,0,0,0,1,0,0,"- ","- ",,,"SANTA BARBARA",LOMPOC,-120.46671996000001,34.643900029999998
6708116,2014,2014-12-26,4202,2014-10-30,1229,TORRES,LOMPO,4,5,4,4202,0,0,0,,0,003,"CENTRAL AV","O ST",86.00,E,N,A,-,N,,,,,,,,,,N,3,0,1,1,A,-,03,22350,,N,F,J,A,A,H,-,A,A,0,,,Y,,Y,,C,02,0,1,0,0,0,0,0,0,1,"- ","- ",,,"SANTA BARBARA",LOMPOC,-120.46612417999999,34.660894759999998
6630739,2014,2016-05-04,4202,2014-09-06,1319,,,6,5,4,4202,0,0,0,,0,,"COLLEEN AV","RT 1",0.00,,Y,A,-,Y,SB,5,1,-,-,21.119,I,6,S,N,4,0,1,3,A,-,04,21703,,N,C,C,A,A,H,-,A,A,0,,,,,Y,,D,23,0,0,1,0,0,0,0,0,0,"- ","- ",,,"SANTA BARBARA",LOMPOC,-120.45787188,34.647013610000002
6630751,2014,2016-05-09,9750,2014-09-16,1042,014449,,2,1,9,4200,0,1,2,,2,003,"RT 101","ALISOS CANYON RD",8448.00,N,N,A,-,Y,SB,5,101,-,-,70.300,H,-,N,Y,3,0,1,1,A,-,08,22107,,N,F,A,A,A,H,-,A,A,1,,,,,Y,,D,22,0,1,0,0,0,0,0,0,0,"- ","- ",34.738100000000003,-120.2638,"SANTA BARBARA",UNINCORPORATED,-120.26155661999999,34.737626769999999
6630770,2014,2016-05-09,9750,2014-09-19,0700,013267,,5,1,5,4204,0,1,2,,2,001,"RT 101","DONOVAN RD",1320.00,S,N,A,-,Y,SB,5,101,-,-,89.370,H,-,S,Y,3,0,1,1,A,-,08,22107,,N,F,A,A,A,H,-,A,D,0,,,,,Y,,D,22,0,1,0,0,0,0,0,0,0,"- ","- ",34.963200000000001,-120.42042000000001,"SANTA BARBARA","SANTA MARIA",-120.42049489,34.963516630000001
6630777,2014,2016-05-03,9750,2014-09-14,1830,017267,,7,2,9,4200,0,1,3,,2,061,"RT 166","THOMPSON RD",45.00,W,N,A,-,Y,SLO,5,166,-,-,8.950,H,-,W,Y,3,0,1,1,A,-,01,23152,A,N,E,I,A,A,H,-,A,A,0,,,,,Y,Y,A,01,0,1,0,0,0,0,0,0,0,"- ","- ",34.996270000000003,-120.43415,"SANTA BARBARA",UNINCORPORATED,-120.43473064,34.996260829999997
6630836,2014,2016-02-16,9750,2014-09-21,1010,014358,,7,1,9,4200,0,3,5,,2,020,"SOLOMON RD","RT 1",1056.00,E,N,A,-,N,,,,,,,,,,Y,4,0,1,1,A,-,03,22350,,N,E,I,A,A,H,-,A,D,0,,,,,Y,,A,01,0,0,1,0,0,0,0,0,0,"- ","- ",34.872039999999998,-120.46589,"SANTA BARBARA",UNINCORPORATED,-120.46499181999999,34.872459569999997
6630897,2014,2016-05-07,4204,2014-09-19,1642,20894,68,5,5,5,4204,0,0,0,,0,003,BROADWAY,"ENOS DR",200.00,S,N,A,-,Y,SB,5,135,-,-,14.430,H,-,S,N,4,0,1,2,A,-,03,22350,,N,C,C,A,A,H,-,A,A,0,,,,,Y,,A,01,0,0,1,0,0,0,0,0,0,"- ","- ",,,"SANTA BARBARA","SANTA MARIA",-120.43612704,34.933558220000002
6632167,2014,2016-05-09,9760,2014-09-01,1732,017307,,1,2,4,4214,0,1,2,,2,020,"RT 101","FAIRVIEW AV",150.00,S,N,A,-,Y,SB,5,101,-,-,22.290,R,1,N,N,4,0,1,2,A,-,03,22350,,N,C,C,A,A,H,-,A,D,1,,,,,Y,,A,01,0,0,1,0,0,0,0,0,0,TO,"- ",34.440370000000001,-119.82974,"SANTA BARBARA",GOLETA,-119.82819972999999,34.439959289999997
6632187,2014,2016-05-09,9755,2014-09-07,1555,015281,,7,2,9,4200,0,1,2,,2,004,"RT 101","GAVIOTA STATE RD",0.00,,Y,A,-,Y,SB,5,101,-,-,46.360,I,5,S,Y,3,0,2,2,A,-,09,21802,A,N,D,C,A,A,H,-,A,A,1,,,,,Y,,A,01,0,1,1,0,0,0,0,0,0,"- ","- ",34.477499999999999,-120.2205,"SANTA BARBARA",UNINCORPORATED,-120.22851780000001,34.477743740000001
6632195,2014,2016-05-03,9755,2014-09-07,1515,016999,,7,2,9,4200,0,1,3,,1,042,"RT 154","CACHUMA LAKE ENTRANCE",310.00,E,N,A,-,Y,SB,5,154,-,-,14.760,H,-,W,Y,4,0,1,1,A,-,08,22107,,N,E,I,A,A,H,-,A,D,0,,,,,Y,,A,07,0,0,1,0,0,0,0,0,0,"- ","- ",34.585459999999998,-119.99688,"SANTA BARBARA",UNINCORPORATED,-119.95780938999999,34.573238519999997
6632199,2014,2016-05-03,9755,2014-09-06,1210,016058,,6,1,9,4200,0,1,3,,1,042,"RT 154","RT 101",5280.00,E,N,A,-,Y,SB,5,154,-,-,1.060,H,-,W,Y,2,0,1,1,A,-,08,22107,,N,F,A,A,A,H,-,A,D,0,,,Y,,Y,,C,02,1,0,0,0,0,0,0,0,1,"- ","- ",34.676099999999998,-120.1323,"SANTA BARBARA",UNINCORPORATED,-120.13913083,34.680944879999998
6632422,2014,2014-10-20,4203,2014-09-01,1859,6978,10,1,5,5,4203,0,0,0,,0,002,"COAST VILLAGE RD","MIDDLE RD",93.00,W,N,-,-,N,,,,,,,,,,N,3,0,1,1,A,-,08,22107,,N,E,-,A,A,H,-,B,D,0,,Y,,,Y,,L,04,0,1,0,0,0,0,1,0,0,"- ","- ",,,"SANTA BARBARA","SANTA BARBARA",-119.64497685000001,34.42114316
6708563,2014,2015-01-08,4204,2014-11-04,1530,90273,66,2,5,5,4204,0,0,0,,0,003,"BATTLES RD",DEPOT,0.00,,Y,A,-,N,,,,,,,,,,N,4,0,1,2,A,-,09,21453,B,N,D,C,A,A,H,-,A,A,0,,,,,Y,,A,01,0,0,1,0,0,0,0,0,0,"- ","- ",,,"SANTA BARBARA","SANTA MARIA",-120.44455986,34.93178004
6708567,2014,2015-01-08,4204,2014-11-10,1549,22113,10,1,5,5,4204,0,0,0,,0,001,DONOVAN,LYNNE,0.00,,Y,A,-,N,,,,,,,,,,N,4,0,1,2,A,-,09,21802,A,N,D,C,A,A,H,-,A,A,0,,,,,Y,,A,01,0,0,1,0,0,0,0,0,0,"- ","- ",,,"SANTA BARBARA","SANTA MARIA",-120.42674999,34.967660049999999
6709609,2014,2014-11-26,4203,2014-10-23,1000,2520,,4,5,5,4203,0,0,0,,0,005,"FOOTHILL RD","CALLE LAURELES",0.00,,Y,A,-,N,,,,,,,,,,Y,4,0,1,2,A,-,03,22350,,N,C,C,A,A,H,-,A,D,0,,,,,Y,,-,,0,0,1,0,0,0,0,0,0,"- ","- ",34.253599999999999,-119.43389999999999,"SANTA BARBARA","SANTA BARBARA",-119.72812986,34.447949999999999
6709610,2014,2014-11-26,4203,2014-10-27,1436,3769,,1,5,5,4203,0,0,0,,0,005,"FOOTHILL RD","ONTARE RD",0.00,,Y,A,-,N,,,192,,,,,,,Y,4,0,1,2,A,-,12,21453,A,N,D,C,A,A,H,-,A,A,0,,,,,Y,,-,,0,0,1,0,0,0,0,0,0,"- ","- ",34.450499999999998,-119.73793000000001,"SANTA BARBARA","SANTA BARBARA",-119.73793037999999,34.450498639999999
6709611,2014,2014-11-26,4203,2014-10-29,0750,3769,,3,5,5,4203,0,0,0,,0,005,"CALLE REAL","JUNIPERO ST",27.00,E,N,A,-,N,,,,,,,,,,N,4,0,1,2,A,-,09,21804,A,N,D,G,A,A,H,-,A,A,0,,Y,,,Y,,L,04,0,0,1,0,0,0,1,0,0,"- ","- ",34.427199999999999,-119.7277,"SANTA BARBARA","SANTA BARBARA",-119.72764176,34.427167760000003
6709612,2014,2014-11-26,4203,2014-10-29,0749,6700,30,3,5,5,4203,0,0,0,,0,004,"DE LA VINA ST","HALEY ST",0.00,,Y,A,-,N,,,,,,,,,,Y,3,0,1,2,A,-,09,21801,A,N,D,C,A,A,H,-,A,A,0,,,,,Y,,A,01,0,1,0,0,0,0,0,0,0,"- ","- ",34.245269999999998,-119.4152,"SANTA BARBARA","SANTA BARBARA",-119.69778988,34.414680089999997
6709613,2014,2014-11-26,4203,2014-10-27,1759,7187,,1,5,5,4203,0,0,0,,0,003,"HALEY ST","OLIVE ST",0.00,,Y,A,-,N,,,,,,,,,,N,3,0,1,2,A,-,08,22107,,N,D,G,A,A,-,-,A,D,0,,Y,,,Y,,-,,0,1,0,0,0,0,1,0,0,"- ","- ",34.422060000000002,-119.68982,"SANTA BARBARA","SANTA BARBARA",-119.68982995,34.422140030000001
6709989,2014,2015-01-12,4204,2014-11-03,2252,22104,68,1,5,5,4204,0,0,0,,0,003,MILLER,"ENOS DR",0.00,,Y,A,-,N,,,,,,,,,,Y,2,0,3,2,A,-,01,23153,B,F,D,C,A,A,H,-,C,A,0,,,,,Y,Y,A,01,1,1,1,0,0,0,0,0,0,"- ","- ",,,"SANTA BARBARA","SANTA MARIA",-120.43162998,34.934060070000001
6724942,2014,2015-01-30,9750,2014-12-02,1535,15514,,2,2,9,4200,0,3,5,,2,030,"FOXEN CANYON RD","DOMINION RD",8448.00,E,N,B,-,N,,,,,,,,,,Y,3,0,1,1,A,-,01,23152,A,N,E,I,A,A,H,-,A,D,0,,,,,Y,Y,A,07,0,1,0,0,0,0,0,0,0,"- ","- ",34.904940000000003,-120.3182,"SANTA BARBARA",UNINCORPORATED,-120.31988122,34.90612024
6724950,2014,2016-06-22,9750,2014-12-04,1545,17267,,4,2,5,4204,0,1,2,,2,001,"RT 101","MAIN ST",900.00,S,N,B,-,Y,SB,5,101,-,-,88.410,H,-,N,Y,4,0,2,3,A,-,03,22350,,N,C,C,A,B,H,-,A,D,0,,,,,Y,,A,07,0,0,2,0,0,0,0,0,0,"- ","- ",34.950099999999999,-120.4173,"SANTA BARBARA","SANTA MARIA",-120.41737162,34.950047820000002
6724993,2014,2015-01-27,4203,2014-11-24,1429,2520,,1,5,5,4203,0,0,0,,0,001,"CARPINTERIA ST","ALISOS ST",0.00,,Y,A,-,N,,,,,,,,,,Y,4,0,2,2,A,-,"- ",,,N,-,C,A,A,H,-,A,D,0,,,,,Y,,-,,0,0,2,0,0,0,0,0,0,"- ","- ",34.251800000000003,-119.40349999999999,"SANTA BARBARA","SANTA BARBARA",-119.67647998,34.421720030000003
6632426,2014,2014-10-09,4203,2014-09-02,1107,6048,,2,5,5,4203,0,0,0,,0,004,"BATH ST","COTA ST",81.00,N,N,A,-,N,,,,,,,,,,N,3,0,1,1,A,-,16,24002,,N,F,-,A,A,H,-,A,D,0,,Y,,,Y,,L,04,0,1,0,0,0,0,1,0,0,"- ","- ",,,"SANTA BARBARA","SANTA BARBARA",-119.70032969,34.414738569999997
6632430,2014,2014-10-17,4203,2014-09-05,1046,6048,,5,5,5,4203,0,0,0,,0,004,"DE LA VINA ST","FIGUEROA ST",0.00,,Y,A,-,N,,,,,,,,,,N,3,0,2,2,A,-,08,22100,B,N,D,C,A,A,H,-,A,-,0,,,,,Y,,-,,0,1,1,0,0,0,0,0,0,"- ","- ",34.251309999999997,-119.42195,"SANTA BARBARA","SANTA BARBARA",-119.70544991,34.420300089999998
6633065,2014,2014-09-29,4204,2014-09-17,1150,21846,4204,3,5,5,4204,0,0,0,,0,002,LEMON,SMITH,0.00,,Y,A,-,N,,,,,,,,,,Y,2,0,1,2,A,-,09,21800,A,N,D,C,A,A,H,-,A,A,0,,,,,Y,,-,,1,0,0,0,0,0,0,0,0,"- ","- ",,,"SANTA BARBARA","SANTA MARIA",-120.44260998999999,34.94779011
6634032,2014,2014-11-03,4200,2014-09-06,1859,3993,14,6,5,4,4214,0,0,0,,0,080,"CATHEDRAL OAKS RD","ALAMEDA AV",30.00,E,N,A,-,N,,,,,,,,,,N,4,0,2,2,A,-,03,22350,,N,C,C,A,A,H,-,B,A,0,,,,,Y,,A,07,0,0,2,0,0,0,0,0,0,"- ","- ",,,"SANTA BARBARA",GOLETA,-119.88041058,34.440758709999997
6634036,2014,2014-11-26,4200,2014-09-06,2025,3993,14,6,5,4,4214,0,0,0,,0,080,"CALLE REAL","GLENN ANNIE RD",0.00,,Y,B,-,N,,,,,,,,,,Y,4,0,1,2,A,-,01,23152,B,N,D,C,A,A,H,-,C,A,0,,,,,Y,Y,A,07,0,0,1,0,0,0,0,0,0,"- ","- ",,,"SANTA BARBARA",GOLETA,-119.87115991,34.435180010000003
6634040,2014,2014-11-03,4200,2014-09-13,1523,3876,14,6,5,4,4214,0,0,0,,0,080,"HOLLISTER AV","GLENN ANNIE RD",30.00,W,N,A,-,N,,,,,,,,,,N,4,0,1,3,A,-,03,22350,,N,C,C,A,A,H,-,A,A,0,,,,,Y,,A,01,0,0,1,0,0,0,0,0,0,"- ","- ",,,"SANTA BARBARA",GOLETA,-119.87186941,34.430198920000002
6634043,2014,2014-11-03,4200,2014-09-23,1730,14-13889,14,2,5,4,4214,0,0,0,,0,050,"CALLE REAL","ORCHARD PARK LN",650.00,W,N,A,-,N,,,,,,,,,,Y,3,0,1,2,A,-,03,22350,,N,C,C,A,A,H,-,A,A,0,,,Y,,Y,,C,02,0,1,0,0,0,0,0,0,1,"- ","- ",,,"SANTA BARBARA",GOLETA,-119.81184700999999,34.442709110000003
6634051,2014,2014-11-03,4200,2014-09-14,1731,3083,14,7,5,4,4214,0,0,0,,0,080,"HOLLISTER AV","CORONADO DR",0.00,,Y,A,-,N,,,,,,,,,,N,3,0,1,2,A,-,09,21801,A,N,D,G,A,A,H,-,A,D,0,,Y,,,Y,,A,01,0,1,0,0,0,0,1,0,0,"- ","- ",,,"SANTA BARBARA",GOLETA,-119.88950998999999,34.429810060000001
6634713,2014,2014-09-30,4200,2014-09-12,1436,3116,14,5,5,4,4214,0,0,0,,0,060,"HOLLISTER AV","CORTONA DR",65.00,W,N,A,-,N,,,,,,,,,,N,2,0,1,2,A,-,08,22107,,N,D,G,A,A,H,-,A,D,0,,Y,,,Y,,A,01,1,0,0,0,0,0,1,0,0,"- ","- ",,,"SANTA BARBARA",GOLETA,-119.86824289,34.430109999999999
6635879,2014,2016-05-09,9760,2014-09-22,0640,014690,,1,1,3,4205,0,1,2,,2,010,"RT 101","FRANKLIN CREEK BRIDGE",50.00,S,N,A,-,Y,SB,5,101,-,-,3.290,H,-,N,Y,4,0,1,3,A,-,07,21658,A,N,B,C,A,A,H,-,A,D,1,,,,Y,Y,,A,01,0,0,1,0,0,0,0,0,0,"- ","- ",34.402200000000001,-119.52097000000001,"SANTA BARBARA",CARPINTERIA,-119.52036093,34.402203909999997
6741783,2014,2015-02-17,9750,2014-12-05,0615,013766,,5,1,9,4200,0,1,3,,1,011,"RT 166","BLACK RD",0.00,,Y,B,-,Y,,,166,,,,,,,Y,4,0,1,2,A,-,09,21802,A,N,D,C,A,A,H,-,D,A,0,,,,,Y,,A,07,0,0,1,0,0,0,0,0,0,"- ","- ",34.955109999999998,-120.48972000000001,"SANTA BARBARA",UNINCORPORATED,-120.48970488000001,34.955361459999999
6725001,2014,2015-01-21,4203,2014-11-25,1703,6967,,2,5,5,4203,0,0,0,,0,003,"ORTEGA ST","ANACAPA ST",276.00,W,N,A,-,N,,,,,,,,,,N,4,0,1,2,A,-,08,22102,,N,D,G,A,A,H,-,C,D,0,,Y,,,Y,,-,,0,0,1,0,0,0,1,0,0,"- ","- ",34.255000000000003,-119.4325,"SANTA BARBARA","SANTA BARBARA",-119.69747924000001,34.419207589999999
6725005,2014,2015-01-21,4203,2014-11-30,2053,6967,SBPD,7,5,5,4203,0,0,0,,0,005,"STATE ST","HOPE AV",230.00,E,N,A,-,N,,,,,,,,,,N,4,0,1,2,A,-,03,22350,,N,C,C,A,A,H,-,C,D,0,,,,,Y,,-,,0,0,1,0,0,0,0,0,0,"- ","- ",34.253100000000003,-119.42019999999999,"SANTA BARBARA","SANTA BARBARA",-119.74595775,34.440480000000001
6725228,2014,2015-01-22,9750,2014-11-25,0600,016773,,2,1,9,4200,0,3,5,,2,010,"BETTERAVIA RD","SIMAS RD",1584.00,S,N,A,-,N,,,,,,,,,,Y,2,0,3,2,A,-,08,22107,,F,A,C,A,A,H,-,D,D,0,,,,,Y,,A,07,1,1,1,0,0,0,0,0,0,"- ","- ",34.904179999999997,-120.55349,"SANTA BARBARA",UNINCORPORATED,-120.55451646,34.94081825
6725457,2014,2016-06-18,9750,2014-11-19,1230,14358,,3,1,9,4200,0,1,3,,1,022,"RT 1","CLARK AV",0.00,,Y,A,-,Y,SB,5,1,-,R,35.530,I,5,N,Y,4,0,1,2,A,-,12,22450,A,N,D,C,A,A,H,-,A,A,0,,,,,Y,,A,01,0,0,1,0,0,0,0,0,0,"- ","- ",34.864040000000003,-120.45695000000001,"SANTA BARBARA",UNINCORPORATED,-120.45695516000001,34.863962319999999
6725458,2014,2016-06-22,9750,2014-11-15,1310,16773,,6,1,5,4204,0,1,2,,2,001,"RT 101","MAIN ST",2112.00,S,N,A,-,Y,SB,5,101,-,-,8.200,H,-,N,N,4,0,3,2,A,-,03,22350,,N,C,C,A,A,H,-,A,D,0,,,,,Y,,A,07,0,0,3,0,0,0,0,0,0,"- ","- ",34.948619999999998,-120.41737999999999,"SANTA BARBARA","SANTA MARIA",-119.60015282000001,34.421164949999998
6725459,2014,2016-06-22,9750,2014-11-15,1255,15514,,6,1,5,4204,0,1,2,,2,001,"RT 101","DONOVAN RD",1584.00,S,N,A,-,Y,SB,5,101,-,-,89.390,H,-,N,Y,3,0,2,2,A,-,07,21658,A,N,E,I,A,A,H,-,A,D,0,,,,,Y,,A,07,0,1,1,0,0,0,0,0,0,"- ","- ",34.96331,-120.42006000000001,"SANTA BARBARA","SANTA MARIA",-120.42047079,34.96374883
6725460,2014,2015-01-13,9750,2014-11-14,1725,17379,,5,2,9,4200,0,2,4,,1,024,"BRADLEY RD","UNION VALLEY PKWY",30.00,N,N,A,-,N,,,,,,,,,,Y,4,0,1,2,A,-,01,23152,A,N,C,C,A,A,H,-,C,A,0,,,,,Y,Y,A,01,0,0,1,0,0,0,0,0,0,"- ","- ",34.879640000000002,-120.41875,"SANTA BARBARA",UNINCORPORATED,-120.41870279,34.87944237
6725463,2014,2015-01-13,4204,2014-11-14,2344,90026,32,5,5,5,4204,0,0,0,,0,002,"MARY DR",MAIN,340.00,N,N,A,-,N,,,,,,,,,,Y,3,0,1,1,A,-,01,23152,B,N,E,I,A,A,H,-,C,A,0,,,,,Y,Y,A,01,0,1,0,0,0,0,0,0,0,"- ","- ",,,"SANTA BARBARA","SANTA MARIA",-120.44808449,34.954183639999997
6726905,2014,2015-01-16,9750,2014-11-26,1720,017616,,3,2,9,4200,0,3,5,,2,010,"BETTERAVIA RD","SINTON RD",2112.00,W,N,A,-,N,,,,,,,,,,Y,4,0,1,2,A,-,08,22107,,M,B,C,A,A,H,-,D,D,0,,,,,Y,,-,99,0,0,1,0,0,0,0,0,0,"- ","- ",34.918669999999999,-120.51936000000001,"SANTA BARBARA",UNINCORPORATED,-120.52127737000001,34.919837059999999
6727960,2014,2015-01-15,9750,2014-11-26,2235,017379,,3,3,9,4200,0,1,3,,1,011,"RT 166","RAY RD",125.00,E,N,A,-,Y,,,166,,,,,,,Y,3,0,1,2,A,-,01,23152,A,N,C,C,A,A,H,-,D,D,0,,,,,Y,Y,A,01,0,1,0,0,0,0,0,0,0,"- ","- ",34.956200000000003,-120.49995,"SANTA BARBARA",UNINCORPORATED,-120.49995715999999,34.956108790000002
6728420,2014,2016-06-22,4203,2014-11-28,2320,6114,,5,5,5,4203,0,0,0,,0,005,"STATE ST","CALLE REAL",0.00,,Y,A,-,Y,SB,5,101,-,-,17.930,R,4,N,Y,3,0,2,2,A,-,12,21453,A,N,D,C,A,A,H,-,C,A,0,,,,,Y,,-,,0,1,1,0,0,0,0,0,0,"- ","- ",34.262599999999999,-119.45140000000001,"SANTA BARBARA","SANTA BARBARA",-119.75330672,34.438427480000001
6712564,2014,2016-06-18,4202,2014-10-28,2023,222,LOMPO,2,5,4,4202,0,0,0,,0,,"RT 1","HANCOCK DR",0.00,,Y,A,-,Y,SB,5,1,-,R,23.512,I,5,S,Y,4,0,2,2,A,-,12,21453,A,N,D,C,A,A,H,-,C,A,0,,,,Y,Y,,F,26,0,0,2,0,0,0,0,0,0,"- ","- ",,,"SANTA BARBARA",LOMPOC,-120.458135,34.681051719999999
6712572,2014,2015-01-15,9750,2014-11-07,2130,016773,,5,2,9,4200,0,1,3,,1,011,"RT 166","BONITA SCHOOL RD",6336.00,W,N,E,-,Y,,,166,,,,,,,Y,3,0,2,3,A,-,01,23152,A,N,A,C,A,A,H,-,D,D,0,,,,,Y,Y,D,22,0,1,1,0,0,0,0,0,0,"- ","- ",34.959359999999997,-120.52961000000001,"SANTA BARBARA",UNINCORPORATED,-120.52962048000001,34.959264359999999
6712935,2014,2015-01-06,4202,2014-10-31,1715,239,LOMPO,5,5,4,4202,0,0,0,,0,003,"CENTRAL AV","L ST",750.00,W,N,A,-,N,,,,,,,,,,N,4,0,1,3,A,-,03,22350,,N,C,C,A,A,H,-,-,A,0,,,,,Y,,A,01,0,0,1,0,0,0,0,0,0,"- ","- ",,,"SANTA BARBARA",LOMPOC,-120.46450265,34.660871520000001
6713078,2014,2015-01-21,4203,2014-11-12,1723,4732,,3,5,5,4203,0,0,0,,0,006,"COOK AV","SAN ANDRES ST",10.00,W,N,B,-,N,,,,,,,,,,N,3,0,1,2,A,-,10,21950,A,N,G,B,B,A,H,-,C,D,0,Y,,,,Y,,-,,0,1,0,0,1,0,0,0,0,"- ","- ",34.259,-119.431,"SANTA BARBARA","SANTA BARBARA",-119.71685137999999,34.419239019999999
6713094,2014,2015-01-15,4203,2014-11-12,2002,6967,,3,5,5,4203,0,0,0,,0,004,"CANON PERDIDO ST","CHAPALA ST",0.00,,Y,A,-,N,,,,,,,,,,N,3,0,1,2,A,-,10,21950,A,N,G,B,B,A,H,-,C,A,0,Y,,,,Y,,-,,0,1,0,0,1,0,0,0,0,"- ","- ",34.250999999999998,-119.425,"SANTA BARBARA","SANTA BARBARA",-119.70169997000001,34.419510039999999
6713098,2014,2015-01-15,4203,2014-11-10,1018,1497,4203,1,5,5,4203,0,0,0,,0,006,"MODOC RD","EUCALYPTUS AV",36.00,S,N,B,-,N,,,,,,,,,,N,3,0,1,2,D,-,00,,,F,B,G,A,A,H,-,A,D,0,,Y,,,Y,,-,"- ",0,1,0,0,0,0,1,0,0,"- ","- ",34.252899999999997,-119.43259999999999,"SANTA BARBARA","SANTA BARBARA",-119.72429903,34.424983570000002
6713287,2014,2015-01-09,4203,2014-11-18,1902,4937,,2,5,5,4203,0,0,0,,0,004,"CHAPALA ST","CANON PERDIDO ST",0.00,,Y,A,-,N,,,,,,,,,,Y,3,0,3,2,A,-,09,21801,A,N,D,C,A,A,H,-,C,A,0,,,,,Y,,-,,0,3,0,0,0,0,0,0,0,"- ","- ",34.250999999999998,-119.4264,"SANTA BARBARA","SANTA BARBARA",-119.70169997000001,34.419510039999999
6713556,2014,2015-01-15,4200,2014-11-05,1318,3683,14,3,5,4,4214,0,0,0,,0,060,"HOLLISTER AV","RUTHERFORD ST",0.00,,Y,A,-,N,,,,,,,,,,N,4,0,2,2,A,-,03,22350,,N,C,C,A,A,H,-,A,D,0,,,,,Y,,D,22,0,0,2,0,0,0,0,0,0,"- ","- ",,,"SANTA BARBARA",GOLETA,-119.82523999,34.43576006
6713888,2014,2015-01-07,4200,2014-11-14,1622,3116,14,5,5,4,4214,0,0,0,,0,050,"CALLE REAL","ENCINA RD",780.00,E,N,A,-,N,,,,,,,,,,N,3,0,1,2,A,-,09,21801,A,N,D,G,A,A,H,-,A,D,0,,Y,,,Y,Y,A,01,0,1,0,0,0,0,1,0,0,"- ","- ",,,"SANTA BARBARA",GOLETA,-119.82515289,34.441311089999999
6713892,2014,2015-01-07,4200,2014-11-12,1530,3116,14,3,5,4,4214,0,0,0,,0,060,"HOLLISTER AV","KELLOGG AV",230.00,W,N,A,-,N,,,,,,,,,,N,4,0,1,2,A,-,08,22107,,M,D,G,A,A,H,-,A,D,0,,Y,,,Y,,A,07,0,0,1,0,0,0,1,0,0,"- ","- ",,,"SANTA BARBARA",GOLETA,-119.82130615,34.43573043