CASE_ID,ACCIDENT_YEAR,PROC_DATE,JURIS,COLLISION_DATE,COLLISION_TIME,OFFICER_ID,REPORTING_DISTRICT,DAY_OF_WEEK,CHP_SHIFT,POPULATION,CNTY_CITY_LOC,SPECIAL_COND,BEAT_TYPE,CHP_BEAT_TYPE,CITY_DIVISION_LAPD,CHP_BEAT_CLASS,BEAT_NUMBER,PRIMARY_RD,SECONDARY_RD,DISTANCE,DIRECTION,INTERSECTION,WEATHER_1,WEATHER_2,STATE_HWY_IND,CALTRANS_COUNTY,CALTRANS_DISTRICT,STATE_ROUTE,ROUTE_SUFFIX,POSTMILE_PREFIX,POSTMILE,LOCATION_TYPE,RAMP_INTERSECTION,SIDE_OF_HWY,TOW_AWAY,COLLISION_SEVERITY,NUMBER_KILLED,NUMBER_INJURED,PARTY_COUNT,PRIMARY_COLL_FACTOR,PCF_CODE_OF_VIOL,PCF_VIOL_CATEGORY,PCF_VIOLATION,PCF_VIOL_SUBSECTION,HIT_AND_RUN,TYPE_OF_COLLISION,MVIW,PED_ACTION,ROAD_SURFACE,ROAD_COND_1,ROAD_COND_2,LIGHTING,CONTROL_DEVICE,CHP_ROAD_TYPE,PEDESTRIAN_ACCIDENT,BICYCLE_ACCIDENT,MOTORCYCLE_ACCIDENT,TRUCK_ACCIDENT,NOT_PRIVATE_PROPERTY,ALCOHOL_INVOLVED,STWD_VEHTYPE_AT_FAULT,CHP_VEHTYPE_AT_FAULT,COUNT_SEVERE_INJ,COUNT_VISIBLE_INJ,COUNT_COMPLAINT_PAIN,COUNT_PED_KILLED,COUNT_PED_INJURED,COUNT_BICYCLIST_KILLED,COUNT_BICYCLIST_INJURED,COUNT_MC_KILLED,COUNT_MC_INJURED,PRIMARY_RAMP,SECONDARY_RAMP,LATITUDE,LONGITUDE,COUNTY,CITY,POINT_X,POINT_Y
6714217,2014,2015-01-15,4204,2014-11-16,1210,23073,75,7,5,5,4204,0,0,0,,0,003,"BETTERAVIA RD",MILLER,18.00,E,N,A,-,N,,,,,,,,,,N,4,0,2,2,A,-,03,22350,,N,C,C,A,A,H,-,A,A,0,,,,,Y,,D,22,0,0,2,0,0,0,0,0,0,"- ","- ",,,"SANTA BARBARA","SANTA MARIA",-120.43123869,34.922625660000001
6714317,2014,2015-01-12,4204,2014-11-12,2105,23656,82,3,5,5,4204,0,0,0,,0,003,"BETTERAVIA RD",MILLER,0.00,,Y,A,-,N,,,,,,,,,,Y,3,0,2,2,A,-,12,21453,A,N,D,C,A,A,H,-,C,A,0,,,,,Y,,A,01,0,1,1,0,0,0,0,0,0,"- ","- ",,,"SANTA BARBARA","SANTA MARIA",-120.43128989,34.922600070000001
6714567,2014,2015-01-13,4200,2014-11-08,1632,3116,14,6,5,4,4214,0,0,0,,0,060,"SUMIDA GARDENS LN","HOLLISTER AV",620.00,N,N,A,-,N,,,,,,,,,,N,3,0,1,2,A,-,09,21804,A,N,D,C,A,A,H,-,A,D,0,,,,,Y,,A,01,0,1,0,0,0,0,0,0,0,"- ","- ",,,"SANTA BARBARA",GOLETA,-119.81377503,34.436804729999999
6714568,2014,2015-01-13,4200,2014-11-06,0819,4776,14,4,5,4,4214,0,0,0,,0,080,"DEL NORTE DR","GLENN ANNIE RD",0.00,,Y,A,-,N,,,,,,,,,,N,3,0,1,2,A,-,12,22450,A,N,D,C,A,A,H,-,A,A,0,,Y,,,Y,,A,01,0,1,0,0,0,0,1,0,0,"- ","- ",,,"SANTA BARBARA",GOLETA,-119.87140991,34.435720070000002
6716238,2014,2015-01-13,9750,2014-11-09,0127,018009,,7,3,9,4200,0,1,3,,1,021,"RT 135","LAKEVIEW RD",0.00,,Y,E,-,Y,,,135,,,,,,,Y,4,0,1,2,A,-,01,23152,A,N,D,C,A,B,H,-,C,A,0,,,,,Y,Y,A,01,0,0,1,0,0,0,0,0,0,"- ","- ",34.894449999999999,-120.43644999999999,"SANTA BARBARA",UNINCORPORATED,-120.43644700999999,34.894449950000002
6716741,2014,2015-06-25,4200,2014-11-04,1815,4246,10,2,5,3,4205,0,0,0,,0,030,"CARPINTERIA AV","WALNUT AV",20.00,W,N,A,-,N,,,,,,,,,,N,4,0,2,2,A,-,03,22350,,N,C,C,A,A,H,-,C,D,0,,,,,Y,,A,01,0,0,2,0,0,0,0,0,0,"- ","- ",,,"SANTA BARBARA",CARPINTERIA,-119.51653689,34.39738878
6717332,2014,2015-01-13,9750,2014-11-09,0128,018616,,7,3,9,4200,0,1,3,,1,021,"RT 135","LAKEVIEW RD",0.00,,Y,E,-,Y,,,135,,,,,,,Y,3,0,1,1,A,-,08,22107,,N,E,I,A,A,H,-,C,D,0,,,,,Y,,A,01,0,1,0,0,0,0,0,0,0,"- ","- ",34.894449999999999,-120.43644999999999,"SANTA BARBARA",UNINCORPORATED,-120.43644700999999,34.894449950000002
6717830,2014,2015-01-02,9755,2014-10-22,0855,15973,,3,1,9,4200,0,3,5,,2,050,"FLORADALE AV","CENTRAL AV",3696.00,S,N,A,-,N,,,,,,,,,,N,3,0,1,2,A,-,09,21801,A,N,F,A,A,A,H,-,A,D,0,,,Y,Y,Y,,G,25,0,1,0,0,0,0,0,0,1,"- ","- ",34.650840000000002,-120.49294,"SANTA BARBARA",UNINCORPORATED,-120.49297618,34.651058390000003
6717992,2014,2016-06-17,4204,2014-11-19,1217,22113,47,3,5,5,4204,0,0,0,,0,002,MAIN,ELIZABETH,150.00,E,N,A,-,Y,SB,5,166,-,-,8.300,H,-,E,N,4,0,1,2,A,-,09,21804,A,N,B,C,A,-,H,-,A,D,0,,,,,Y,,-,,0,0,1,0,0,0,0,0,0,"- ","- ",,,"SANTA BARBARA","SANTA MARIA",-120.42840047999999,34.953103079999998
6718024,2014,2015-01-23,4204,2014-11-14,1452,18261,68,5,5,5,4204,0,0,0,,0,003,BROADWAY,"ENOS DR",0.00,,Y,A,-,Y,SB,5,135,-,-,14.470,I,5,S,Y,1,1,2,3,A,-,"- ",,,N,D,C,F,A,H,-,A,A,0,Y,,,,Y,,A,01,0,1,1,0,1,0,0,0,0,"- ","- ",,,"SANTA BARBARA","SANTA MARIA",-120.4361296,34.93411596
6718145,2014,2015-03-11,9760,2014-09-08,0148,19464,,1,3,3,4205,0,1,2,,2,010,"RT 101","BATES RD",739.00,N,N,B,-,Y,SB,5,101,-,R,0.140,H,-,N,Y,1,1,1,2,A,-,01,23152,A,N,C,C,A,A,H,-,C,A,1,,,,,Y,Y,D,22,0,1,0,0,0,0,0,0,0,"- ","- ",34.377600000000001,-119.47977,"SANTA BARBARA",CARPINTERIA,-119.47980690999999,34.377656170000002
6718211,2014,2015-03-13,9750,2014-12-28,1725,14753,,7,2,5,4204,0,1,2,,2,001,"RT 101","DONOVAN RD",2112.00,S,N,A,-,Y,SB,5,101,-,-,89.450,H,-,S,Y,1,1,2,2,A,-,01,23152,A,N,E,I,A,A,H,-,B,D,0,,,,,Y,Y,B,07,2,0,0,0,0,0,0,0,0,"- ","- ",34.96134,-120.41927,"SANTA BARBARA","SANTA MARIA",-120.4211724,34.964545090000001
6728424,2014,2015-01-16,4203,2014-11-25,1921,6967,SBSC,2,5,5,4203,0,0,0,,0,005,"S LA CUMBRE RD","CALLE REAL RD",0.00,,Y,A,-,N,,,,,,,,,,N,4,0,1,2,A,-,"- ",,,N,D,C,A,A,H,-,C,A,0,,,,,Y,,-,,0,0,1,0,0,0,0,0,0,"- ","- ",34.261099999999999,-119.45010000000001,"SANTA BARBARA","SANTA BARBARA",-119.75102995,34.437230100000001
6728428,2014,2015-01-16,4203,2014-11-21,0710,2661,,5,5,5,4203,0,0,0,,0,001,"CANADA ST","ENSENADA ST",0.00,,Y,A,-,N,,,,,,,,,,N,3,0,1,2,A,-,11,21954,A,N,G,B,E,A,H,-,A,D,0,Y,,,,Y,,N,60,0,1,0,0,1,0,0,0,0,"- ","- ",34.252600000000001,-119.402,"SANTA BARBARA","SANTA BARBARA",-119.67231988,34.42429009
6729882,2014,2015-01-14,4204,2014-11-24,1823,90137,13,1,5,5,4204,0,0,0,,0,001,"RAABERG WY",BENWILEY,265.00,W,N,A,-,N,,,,,,,,,,N,3,0,1,2,A,-,05,21650,1,N,A,E,A,A,H,-,C,D,0,,Y,,,Y,Y,L,04,0,1,0,0,0,0,1,0,0,"- ","- ",,,"SANTA BARBARA","SANTA MARIA",-120.44628673,34.961936870000002
6732495,2014,2015-01-22,4204,2014-11-21,1220,22807,,5,5,5,4204,0,0,0,,0,003,"STOWELL RD","BLOSSER RD",0.00,,Y,A,-,N,,,,,,,,,,Y,4,0,1,3,A,-,01,23152,B,N,C,C,A,A,H,-,A,A,0,,,,,Y,Y,A,07,0,0,1,0,0,0,0,0,0,"- ","- ",,,"SANTA BARBARA","SANTA MARIA",-120.45389993000001,34.938780000000001
6733635,2014,2015-02-09,4203,2014-12-01,1016,6700,42,1,5,5,4203,0,0,0,,0,003,"ANACAPA ST","VICTORIA ST",0.00,S,N,B,-,N,,,,,,,,,,N,3,0,1,2,A,-,10,21950,A,N,G,B,B,A,H,-,A,A,0,Y,,,,Y,,D,22,0,1,0,0,1,0,0,0,0,"- ","- ",34.25311,-119.42164,"SANTA BARBARA","SANTA BARBARA",-119.70453996000001,34.425430089999999
6733639,2014,2015-01-28,4203,2014-11-26,2330,6973,,3,5,5,4203,0,0,0,,0,006,"RT 225","BARRANCA AV",0.00,,Y,A,-,Y,,,225,,,,,,,N,3,0,2,1,A,-,03,22350,,N,A,I,A,A,H,-,C,D,0,,,,,Y,Y,D,22,0,1,1,0,0,0,0,0,0,"- ","- ",34.403660000000002,-119.70639,"SANTA BARBARA","SANTA BARBARA",-119.70642340000001,34.403714239999999
6735244,2014,2016-06-22,9750,2014-12-29,1550,012697,,1,2,9,4200,0,1,2,,2,001,"RT 101","BATTLES RD",100.00,S,N,A,-,Y,SB,5,101,-,-,87.080,H,-,S,Y,4,0,1,2,A,-,03,22350,,N,C,C,A,A,H,-,A,D,0,,,,,Y,,D,22,0,0,1,0,0,0,0,0,0,"- ","- ",34.931150000000002,-120.41792,"SANTA BARBARA",UNINCORPORATED,-120.41796290000001,34.930737950000001
6735804,2014,2015-01-29,4204,2014-12-08,1626,90322,3,1,5,5,4204,0,0,0,,0,001,"BLOSSER RD",TAYLOR,0.00,,Y,A,-,N,,,,,,,,,,Y,4,0,1,2,A,-,09,21802,A,N,D,C,A,A,H,-,A,A,0,,,,,Y,,A,01,0,0,1,0,0,0,0,0,0,"- ","- ",,,"SANTA BARBARA","SANTA MARIA",-120.45347988,34.975140019999998
6735861,2014,2015-01-22,4203,2014-11-26,1635,5751,,3,5,5,4203,0,0,0,,0,,"OCEAN VIEW AV","OLD COAST HWY",336.00,E,N,A,-,N,,,,,,,,,,N,4,0,1,2,A,-,09,21804,A,N,D,C,A,A,H,-,A,D,0,,,,,Y,,-,,0,0,1,0,0,0,0,0,0,"- ","- ",34.252800000000001,-119.3959,"SANTA BARBARA","SANTA BARBARA",-119.66690118,34.424073120000003
6736375,2014,2015-01-29,4204,2014-12-03,1315,21199,075,3,5,5,4204,0,0,0,,0,003,"BATTLES RD",MCCLELLAND,0.00,,Y,A,-,N,,,,,,,,,,Y,4,0,1,2,A,-,09,21804,A,N,D,C,A,A,H,-,A,A,0,,,,,Y,,-,,0,0,1,0,0,0,0,0,0,"- ","- ",,,"SANTA BARBARA","SANTA MARIA",-120.43489993,34.931470099999999
6736379,2014,2015-01-29,4204,2014-12-08,2003,21578,68,1,5,5,4204,0,0,0,,0,003,MILLER,"ENOS DR",0.00,,Y,A,-,N,,,,,,,,,,Y,3,0,2,2,A,-,09,21801,A,N,A,C,A,A,H,-,C,A,0,,,,,Y,,A,01,0,2,0,0,0,0,0,0,0,"- ","- ",,,"SANTA BARBARA","SANTA MARIA",-120.43162998,34.934060070000001
6737389,2014,2015-01-28,4200,2014-11-08,1754,3934,11,6,5,2,4212,0,0,0,,0,,"E RT 246","MCMURRAY RD",0.00,,Y,A,-,Y,,,,,,,,,,N,4,0,2,2,A,-,03,22350,,N,C,C,A,A,H,-,C,A,0,,,,,Y,,A,08,0,0,2,0,0,0,0,0,0,"- ","- ",,,"SANTA BARBARA",BUELLTON,-120.18889996,34.611640049999998
6737452,2014,2015-01-20,4203,2014-11-27,1629,6968,27,4,5,5,4203,0,0,0,,0,006,"CLIFF DR","ALAN RD",1047.00,W,N,A,-,N,,,,,,,,,,N,3,0,1,1,A,-,03,22350,,N,E,I,A,A,H,-,A,D,0,,,,,Y,,-,,0,1,0,0,0,0,0,0,0,"- ","- ",34.241430000000001,-119.44381,"SANTA BARBARA","SANTA BARBARA",-119.74377693,34.403959999999998
6737456,2014,2015-01-20,4203,2014-11-25,0910,4937,,2,5,5,4203,0,0,0,,0,001,"CARPINTERIA ST",VOLUNTARIO,30.00,W,N,A,-,N,,,,,,,,,,N,4,0,1,2,A,-,03,22350,,N,C,C,A,A,H,-,A,A,0,,,,,Y,,-,,0,0,1,0,0,0,0,0,0,"- ","- ",34.252200000000002,-119.40309999999999,"SANTA BARBARA","SANTA BARBARA",-119.67543515,34.42271779
6737464,2014,2015-01-20,4203,2014-11-23,0207,7570,53,7,5,5,4203,0,0,0,,0,005,"STATE ST","ONTARE ST",172.00,E,N,A,-,N,,,,,,,,,,Y,2,0,2,1,A,-,08,22107,,N,E,I,A,A,H,-,C,D,0,,,,,Y,Y,A,01,1,0,1,0,0,0,0,0,0,"- ","- ",34.440440000000002,-119.73900999999999,"SANTA BARBARA","SANTA BARBARA",-119.73952011,34.44041
6737914,2014,2015-01-30,4203,2014-12-02,1508,2661,,2,5,5,4203,0,0,0,,0,004,"BRINKER HOFF AV","HALEY ST",156.00,N,N,B,-,N,,,,,,,,,,N,3,0,1,3,A,-,21,22106,,N,G,B,D,B,H,-,A,D,0,Y,,,,Y,,-,,0,1,0,0,1,0,0,0,0,"- ","- ",34.2453,-119.41540000000001,"SANTA BARBARA","SANTA BARBARA",-119.69772706000001,34.41539384
6737918,2014,2015-02-18,4203,2014-12-03,0945,4937,,3,5,5,4203,0,0,0,,0,004,"MISSION ST","STATE ST",9.00,W,N,B,-,N,,,,,,,,,,N,4,0,1,2,A,-,09,21801,A,N,-,-,A,B,H,-,A,-,0,,Y,,,Y,,-,,0,0,1,0,0,0,1,0,0,"- ","- ",34.255000000000003,-119.42529999999999,"SANTA BARBARA","SANTA BARBARA",-119.71472955999999,34.430811339999998
6737948,2014,2015-01-21,4200,2014-11-15,0959,3811,6,6,5,2,4206,0,0,0,,0,,"AALBORG WY","ELSINORE DR",187.00,W,N,A,-,N,,,,,,,,,,N,4,0,1,2,A,-,21,22106,,N,H,E,A,A,H,-,A,D,0,,,,,Y,,I,11,0,0,1,0,0,0,0,0,0,"- ","- ",,,"SANTA BARBARA",SOLVANG,-120.14468877,34.60327229
6737967,2014,2015-01-21,4203,2014-11-28,1046,3843,,5,5,5,4203,0,0,0,,0,004,"DE LA VINA ST","W CANON PERDIDO ST",0.00,,Y,A,-,N,,,,,,,,,,Y,3,0,1,2,A,-,09,21802,A,N,D,C,A,A,H,-,A,A,0,,,,,Y,,-,,0,1,0,0,0,0,0,0,0,"- ","- ",,,"SANTA BARBARA","SANTA BARBARA",-119.70284988,34.418399999999998
6739283,2014,2014-12-16,4204,2014-06-23,0623,20497,64,1,5,5,4204,0,0,0,,0,003,"STOWELL RD","HANSON WY",0.00,W,N,A,-,N,,,,,,,,,,Y,4,0,1,1,A,-,08,22107,,N,F,-,A,A,H,-,B,D,0,,,,,Y,,A,01,0,0,1,0,0,0,0,0,0,"- ","- ",,,"SANTA BARBARA","SANTA MARIA",-120.46106991000001,34.938740000000003
6739501,2014,2015-01-22,4204,2014-11-03,2247,18261,59,1,5,5,4204,0,0,0,,0,002,"STOWELL RD","COLLEGE DR",125.00,E,N,A,-,N,,,,,,,,,,Y,2,0,2,2,A,-,01,23153,A,N,C,C,A,A,H,-,C,A,0,,,,,Y,Y,A,07,1,0,1,0,0,0,0,0,0,"- ","- ",,,"SANTA BARBARA","SANTA MARIA",-120.42446316,34.938382689999997
6739505,2014,2015-01-22,4204,2014-11-26,1013,19101,75,3,5,5,4204,0,0,0,,0,003,"BETTERAVIA RD","COLLEGE DR",0.00,,Y,A,-,N,,,,,,,,,,Y,3,0,1,2,A,-,08,22107,,N,H,G,A,A,H,-,A,A,0,,Y,,,Y,,A,01,0,1,0,0,0,0,1,0,0,"- ","- ",,,"SANTA BARBARA","SANTA MARIA",-120.42563995,34.923750060000003
6718217,2014,2015-03-13,9750,2014-12-31,2228,18009,,3,3,5,4204,0,1,2,,2,001,"RT 101","RT 135",1056.00,N,N,A,-,Y,SB,5,101,-,-,90.950,H,-,S,N,1,1,0,7,A,-,11,21954,A,N,G,B,E,A,H,-,C,D,0,Y,,,,Y,,N,60,0,0,0,1,0,0,0,0,0,"- ","- ",34.984090000000002,-120.43288,"SANTA BARBARA","SANTA MARIA",-120.43279932,34.984141360000002
6718559,2014,2015-06-22,9755,2014-07-13,1604,18514,,7,2,9,4200,0,1,3,,1,055,"RT 1","SANTA LUCIA CANYON RD",1056.00,N,N,A,-,Y,SB,5,1,-,R,26.890,H,-,S,Y,1,1,2,1,A,-,07,21658,A,N,F,A,A,A,H,-,A,D,0,,,,,Y,,A,01,0,2,0,0,0,0,0,0,0,"- ","- ",,,"SANTA BARBARA",UNINCORPORATED,-120.48958904,34.71621219
6718890,2014,2015-01-12,4203,2014-11-14,1516,4464,,5,5,5,4203,0,0,0,,0,004,"DE LA VINA ST","CARRILLO ST",56.00,N,N,A,-,N,,,,,,,,,,N,4,0,1,2,A,-,03,22350,,N,C,C,A,A,H,-,A,A,0,,,,,Y,,A,01,0,0,1,0,0,0,0,0,0,"- ","- ",34.25103,-119.42153,"SANTA BARBARA","SANTA BARBARA",-119.7042781,34.41945269
6718953,2014,2015-01-12,4203,2014-11-17,1808,6967,,1,5,5,4203,0,0,0,,0,005,"STATE ST","DE LA VINA ST",243.00,E,N,A,-,N,,,,,,,,,,N,3,0,1,2,A,-,11,21956,,N,D,B,D,A,H,-,C,D,0,Y,,,,Y,Y,N,60,0,1,0,0,1,0,0,0,0,"- ","- ",34.253100000000003,-119.42019999999999,"SANTA BARBARA","SANTA BARBARA",-119.72981485,34.440376290000003
6718957,2014,2015-01-12,4203,2014-11-12,1529,6048,,3,5,5,4203,0,0,0,,0,005,"CALLE REAL","DE PAUL DR",180.00,W,N,A,-,N,,,,,,,,,,Y,3,0,1,1,A,-,03,22350,,N,H,I,A,A,H,-,A,D,0,,,,,Y,,-,,0,1,0,0,0,0,0,0,0,"- ","- ",34.262909999999998,-119.45505,"SANTA BARBARA","SANTA BARBARA",-119.76396618,34.441332469999999
6719081,2014,2015-01-05,4200,2014-10-28,1510,3886,10,2,5,3,4205,0,0,0,,0,030,"PALM AV","CARPINTERIA AV",0.00,,Y,A,-,N,,,,,,,,,,N,4,0,1,2,A,-,11,21950,B,N,G,B,B,A,H,-,A,A,0,Y,,,,Y,,N,60,0,0,1,0,1,0,0,0,0,"- ","- ",,,"SANTA BARBARA",CARPINTERIA,-119.51564992,34.396630070000001
6721028,2014,2015-01-13,9750,2014-11-19,1710,012697,,3,2,9,4200,0,3,5,,2,020,"RICE RANCH RD","PRINCETON DR",3.00,W,N,B,-,N,,,,,,,,,,Y,4,0,3,2,A,-,03,22350,,N,C,C,A,A,H,-,A,D,0,,,,,Y,,D,22,0,0,3,0,0,0,0,0,0,"- ","- ",34.857959999999999,-120.42932,"SANTA BARBARA",UNINCORPORATED,-120.42923999999999,34.857610000000001
6721313,2014,2016-06-22,9750,2014-11-13,1535,17379,,4,2,9,4200,0,1,2,,2,001,"RT 101","SANTA MARIA WAY",528.00,S,N,B,C,Y,SB,5,101,-,-,84.240,H,-,S,Y,3,0,1,2,A,-,07,21658,A,N,B,C,A,B,H,-,A,D,0,,,,,Y,,A,07,0,1,0,0,0,0,0,0,0,"- ","- ",34.88814,-120.41616999999999,"SANTA BARBARA",UNINCORPORATED,-120.41725368,34.889878459999998
6721608,2014,2015-01-13,4202,2014-11-06,1643,230,LOMPO,4,5,4,4202,0,0,0,,0,0CA,"J ST","HICKORY AV",0.00,,Y,A,-,N,,,,,,,,,,Y,3,0,1,2,A,-,09,21801,A,N,A,C,A,A,H,-,B,D,0,,,,,Y,,A,01,0,1,0,0,0,0,0,0,0,"- ","- ",,,"SANTA BARBARA",LOMPOC,-120.46048992999999,34.635720059999997
6721609,2014,2016-06-18,4202,2014-11-07,1550,22,,5,5,4,4202,0,0,0,,0,,"RT 1","COLLEGE AV",492.00,N,N,A,-,Y,SB,5,1,-,-,21.210,H,-,N,Y,4,0,1,3,A,-,04,21703,,N,C,C,A,A,H,-,A,D,0,,,,,Y,,A,01,0,0,1,0,0,0,0,0,0,"- ","- ",,,"SANTA BARBARA",LOMPOC,-120.45774088,34.648339
6721811,2014,2016-06-18,9755,2014-11-04,0700,15973,,2,1,9,4200,0,1,3,,1,051,"RT 1","RT 101",13200.00,N,N,A,-,Y,SB,5,1,-,R,2.500,H,-,S,N,4,0,1,2,A,-,03,22350,,N,C,C,A,A,H,-,A,D,0,,,,,Y,,A,01,0,0,1,0,0,0,0,0,0,"- ","- ",34.521720000000002,-120.27275,"SANTA BARBARA",UNINCORPORATED,-120.26705989,34.520037690000002
6757106,2014,2015-02-04,4204,2014-12-06,2101,90270,13,6,5,5,4204,0,0,0,,0,B01,BENWILEY,MCCELHANEY,35.00,S,N,A,-,N,,,,,,,,,,Y,4,0,1,2,A,-,03,22350,,N,C,E,A,A,H,-,D,A,0,,,,,Y,,D,22,0,0,1,0,0,0,0,0,0,"- ","- ",,,"SANTA BARBARA","SANTA MARIA",-120.44542851999999,34.962543869999998
6757114,2014,2015-02-05,4204,2014-08-18,1653,22076,60,1,5,5,4204,0,0,0,,0,003,"BLOSSER RD","LA BREA AV",175.00,N,N,A,-,N,,,,,,,,,,N,4,0,1,2,A,-,03,22350,,N,C,C,A,A,H,-,A,A,0,,,,,Y,,A,08,0,0,1,0,0,0,0,0,0,"- ","- ",,,"SANTA BARBARA","SANTA MARIA",-120.45393433,34.935680650000002
6757118,2014,2016-01-14,4204,2014-11-08,1200,90271,SMPD,6,5,5,4204,0,0,0,,0,002,MAIN,"WESTERN AV",243.00,W,N,A,-,Y,SB,5,166,-,-,7.070,H,-,W,Y,4,0,1,3,A,-,08,22107,,N,C,E,A,A,H,-,A,D,0,,,,Y,Y,,A,01,0,0,1,0,0,0,0,0,0,"- ","- ",,,"SANTA BARBARA","SANTA MARIA",-120.45028041,34.953334310000002
6757919,2014,2016-06-22,4203,2014-12-30,2124,6495,,2,5,5,4203,0,0,0,,0,004,"W MISSION ST","RT 101",30.00,E,N,B,-,Y,SB,5,101,-,R,15.650,R,4,N,N,4,0,1,2,A,-,08,22107,,N,D,C,A,A,H,-,C,A,0,,,,,Y,,-,,0,0,1,0,0,0,0,0,0,"- ",NF,34.425849999999997,-119.71983,"SANTA BARBARA","SANTA BARBARA",-119.71898109999999,34.424637230000002
6758656,2014,2015-02-04,4203,2014-12-09,1639,7187,3,2,5,5,4203,0,0,0,,0,003,"GARDEN ST","GUTIERREZ ST",150.00,N,N,A,-,N,,,,,,,,,,N,4,0,1,2,A,-,03,22350,,N,C,C,A,A,H,-,B,A,0,,,,,Y,,-,,0,0,1,0,0,0,0,0,0,"- ","- ",34.258870000000002,-119.41276000000001,"SANTA BARBARA","SANTA BARBARA",-119.69116261000001,34.419342829999998
6758660,2014,2015-02-03,4203,2014-12-07,1340,1584,20,7,5,5,4203,0,0,0,,0,002,"WENTWORTH AV","W ORTEGA ST",0.00,,Y,B,-,N,,,,,,,,,,Y,3,0,1,2,A,-,08,22103,,N,D,C,A,A,H,-,A,A,0,,,,,Y,,-,,0,1,0,0,0,0,0,0,0,"- ","- ",34.244669999999999,-119.42149999999999,"SANTA BARBARA","SANTA BARBARA",-119.70402994,34.413060029999997
6758664,2014,2015-02-10,4203,2014-12-03,1723,5751,3,3,5,5,4203,0,0,0,,0,003,"SANTA BARBARA ST","E CANON PERDIDO ST",0.00,,Y,A,-,N,,,,,,,,,,N,2,0,1,2,A,-,12,21453,A,N,D,C,A,-,H,-,A,-,0,,,,,Y,,-,"- ",1,0,0,0,0,0,0,0,0,"- ","- ",34.252099999999999,-119.4153,"SANTA BARBARA","SANTA BARBARA",-119.69829989,34.422650009999998
6760580,2014,2016-06-22,9750,2014-11-29,1156,014820,,6,1,5,4204,0,1,2,,2,001,"RT 101","STOWELL RD",2112.00,N,N,A,-,Y,SB,5,101,-,-,88.000,H,-,N,Y,4,0,1,2,A,-,08,22107,,N,B,C,A,A,H,-,A,D,0,,,,Y,Y,,A,07,0,0,1,0,0,0,0,0,0,"- ","- ",34.946770000000001,-120.04174,"SANTA BARBARA","SANTA MARIA",-120.41765939,34.944090770000003
6760588,2014,2015-02-03,9750,2014-12-15,1805,012697,,1,2,9,4200,0,2,4,,1,024,"CLARK AV","CHERRY AV",520.00,W,N,B,C,N,,,,,,,,,,Y,4,0,1,2,A,-,09,21801,A,N,D,C,A,B,H,-,D,D,0,,,,,Y,,A,01,0,0,1,0,0,0,0,0,0,"- ","- ",34.865029999999997,-120.4289,"SANTA BARBARA",UNINCORPORATED,-120.42880264,34.865049999999997
6762069,2014,2016-06-22,9755,2014-12-08,1450,015281,,1,2,9,4200,0,1,2,,2,004,"RT 101","SANTA ROSA RD",10032.00,S,N,A,-,Y,SB,5,101,-,-,54.560,H,-,N,Y,4,0,1,2,A,-,08,22107,,N,D,C,A,A,H,-,A,D,1,,,,,Y,,A,07,0,0,1,0,0,0,0,0,0,"- ","- ",34.574010000000001,-120.19370000000001,"SANTA BARBARA",UNINCORPORATED,-120.1938456,34.576618500000002
6762070,2014,2015-02-04,9755,2014-12-04,0212,018991,,4,3,9,4200,0,1,3,,1,042,"RT 154","CACHUMA VILLAGE",5280.00,E,N,B,-,Y,,,154,,,,,,,Y,4,0,1,1,A,-,08,22107,,N,E,I,A,A,H,-,D,D,0,,,,,Y,,D,22,0,0,1,0,0,0,0,0,0,"- ","- ",34.578060000000001,-119.98236,"SANTA BARBARA",UNINCORPORATED,-119.9823232,34.578205500000003
6762071,2014,2015-02-11,9755,2014-12-12,0839,017910,,5,1,9,4200,0,1,3,,1,042,"RT 154","EDISON ST",0.00,,Y,B,-,Y,,,154,,,,,,,Y,2,0,1,2,A,-,12,22450,A,N,D,C,A,B,H,-,A,D,0,,,,Y,Y,,G,25,1,0,0,0,0,0,0,0,0,"- ","- ",34.632779999999997,-120.08019,"SANTA BARBARA",UNINCORPORATED,-120.08021616000001,34.632757669999997
6762074,2014,2016-06-22,9755,2014-12-02,0850,012826,,2,1,9,4200,0,1,2,,2,004,"RT 101","OLD COAST HWY",528.00,S,N,C,-,Y,SB,5,101,-,R,52.280,H,-,S,Y,3,0,1,1,A,-,03,22350,,N,F,A,A,B,H,-,A,D,1,,,,,Y,,D,23,0,1,0,0,0,0,0,0,0,"- ","- ",34.545580000000001,-120.19377,"SANTA BARBARA",UNINCORPORATED,-120.19419933,34.54500942