CASE_ID,ACCIDENT_YEAR,PROC_DATE,JURIS,COLLISION_DATE,COLLISION_TIME,OFFICER_ID,REPORTING_DISTRICT,DAY_OF_WEEK,CHP_SHIFT,POPULATION,CNTY_CITY_LOC,SPECIAL_COND,BEAT_TYPE,CHP_BEAT_TYPE,CITY_DIVISION_LAPD,CHP_BEAT_CLASS,BEAT_NUMBER,PRIMARY_RD,SECONDARY_RD,DISTANCE,DIRECTION,INTERSECTION,WEATHER_1,WEATHER_2,STATE_HWY_IND,CALTRANS_COUNTY,CALTRANS_DISTRICT,STATE_ROUTE,ROUTE_SUFFIX,POSTMILE_PREFIX,POSTMILE,LOCATION_TYPE,RAMP_INTERSECTION,SIDE_OF_HWY,TOW_AWAY,COLLISION_SEVERITY,NUMBER_KILLED,NUMBER_INJURED,PARTY_COUNT,PRIMARY_COLL_FACTOR,PCF_CODE_OF_VIOL,PCF_VIOL_CATEGORY,PCF_VIOLATION,PCF_VIOL_SUBSECTION,HIT_AND_RUN,TYPE_OF_COLLISION,MVIW,PED_ACTION,ROAD_SURFACE,ROAD_COND_1,ROAD_COND_2,LIGHTING,CONTROL_DEVICE,CHP_ROAD_TYPE,PEDESTRIAN_ACCIDENT,BICYCLE_ACCIDENT,MOTORCYCLE_ACCIDENT,TRUCK_ACCIDENT,NOT_PRIVATE_PROPERTY,ALCOHOL_INVOLVED,STWD_VEHTYPE_AT_FAULT,CHP_VEHTYPE_AT_FAULT,COUNT_SEVERE_INJ,COUNT_VISIBLE_INJ,COUNT_COMPLAINT_PAIN,COUNT_PED_KILLED,COUNT_PED_INJURED,COUNT_BICYCLIST_KILLED,COUNT_BICYCLIST_INJURED,COUNT_MC_KILLED,COUNT_MC_INJURED,PRIMARY_RAMP,SECONDARY_RAMP,LATITUDE,LONGITUDE,COUNTY,CITY,POINT_X,POINT_Y
6767643,2014,2015-02-06,4203,2014-12-15,1905,7187,,1,5,5,4203,0,0,0,,0,001,"MILPAS ST","GUTIERREZ ST",273.00,S,N,C,-,N,,,,,,,,,,N,3,0,1,2,C,-,18,,,N,A,E,A,B,H,-,C,D,0,,Y,,,Y,,-,"- ",0,1,0,0,0,0,1,0,0,"- ","- ",34.253039999999999,-119.40579,"SANTA BARBARA","SANTA BARBARA",-119.68338301999999,34.424892880000002
6768081,2014,2016-06-22,9760,2014-11-28,1405,18019,,5,2,9,4200,0,1,2,,2,010,"RT 101","SHEFFIELD DR",112.00,S,N,A,-,Y,SB,5,101,-,-,8.980,H,-,N,Y,3,0,1,2,A,-,03,22350,,N,C,C,A,A,H,-,A,D,1,,,Y,,Y,,C,02,0,1,0,0,0,0,0,0,1,"- ","- ",34.422060000000002,-119.61272,"SANTA BARBARA",UNINCORPORATED,-119.61363933,34.421847929999998
6768082,2014,2016-06-22,9760,2014-11-26,2055,17097,,3,2,9,4200,0,1,2,,2,020,"RT 101","TURNPIKE RD",0.00,,Y,A,-,Y,SB,5,101,-,-,20.207,R,4,N,Y,4,0,2,2,A,-,01,23152,A,N,D,C,A,A,H,-,C,A,1,,,,,Y,Y,A,01,0,0,2,0,0,0,0,0,0,FR,"- ",34.442959999999999,-119.78937000000001,"SANTA BARBARA",UNINCORPORATED,-119.79187356,34.442176000000003
6768083,2014,2015-01-27,9760,2014-11-25,1450,14690,,2,2,9,4200,0,3,5,,2,001,"RT 192","HOT SPRINGS RD",0.00,,Y,A,-,Y,,,192,,,,,,,Y,4,0,2,2,A,-,09,21802,B,N,D,C,A,A,H,-,A,A,0,,,,,Y,,A,01,0,0,2,0,0,0,0,0,0,"- ","- ",34.435969999999998,-119.64146,"SANTA BARBARA",UNINCORPORATED,-119.64146009,34.435970830000002
6768099,2014,2015-01-27,9760,2014-11-30,0120,20029,9760,7,3,9,4200,0,1,3,,1,022,"RT 154","PAINTED CAVE RD",600.00,E,N,A,-,Y,,,154,,,,,,,Y,4,0,1,1,A,-,08,22107,,N,E,I,A,A,H,-,D,D,0,,,,,Y,,A,01,0,0,1,0,0,0,0,0,0,"- ","- ",34.490369999999999,-119.79415,"SANTA BARBARA",UNINCORPORATED,-119.79417687999999,34.490354150000002
6768100,2014,2015-01-27,9760,2014-11-29,2355,20211,,6,3,9,4200,0,3,5,,2,002,"ROBLE DR","LLANO AV",350.00,E,N,A,-,N,,,,,,,,,,Y,3,0,1,1,A,-,01,23152,A,N,E,I,A,A,H,-,D,D,0,,,,,Y,Y,A,01,0,1,0,0,0,0,0,0,0,"- ","- ",34.41451,-119.77081,"SANTA BARBARA",UNINCORPORATED,-119.77133001,34.414304989999998
6768122,2014,2015-01-29,9755,2014-11-08,1445,018264,,6,2,9,4200,0,3,5,,2,050,"APOLLO WY","CONSTELLATION WY",520.00,S,N,A,-,N,,,,,,,,,,Y,3,0,1,1,A,-,08,22107,,N,A,I,A,A,H,-,A,D,0,,,,,Y,,A,01,0,1,0,0,0,0,0,0,0,"- ","- ",34.698340000000002,-120.4665,"SANTA BARBARA",UNINCORPORATED,-120.46687675,34.698521169999999
6741802,2014,2015-01-23,4202,2014-11-15,0059,230,LOMPO,6,5,4,4202,0,0,0,,0,,"A ST","CHESTNUT AV",42.00,S,N,A,-,N,,,,,,,,,,Y,3,0,1,4,A,-,01,23152,F,N,C,E,A,A,H,-,C,D,0,,,,,Y,Y,A,07,0,1,0,0,0,0,0,0,0,"- ","- ",,,"SANTA BARBARA",LOMPOC,-120.44898000000001,34.642034629999998
6742094,2014,2014-12-31,9750,2014-11-24,1550,014449,,1,2,9,4200,0,3,5,,2,020,"CRESCENT AV","EL CERRITO",184.00,E,N,A,-,N,,,,,,,,,,Y,3,0,2,2,A,-,01,23152,A,M,E,I,A,A,H,-,A,A,0,,,,,Y,,A,01,0,1,1,0,0,0,0,0,0,"- ","- ",34.861730000000001,-120.42771999999999,"SANTA BARBARA",UNINCORPORATED,-120.43097693999999,34.861701490000002
6742835,2014,2015-01-26,4203,2014-11-25,2004,5751,,2,5,5,4203,0,0,0,,0,,"ANACAPA ST","EAST CANON PERDIDO ST",60.00,N,N,A,-,N,,,,,,,,,,N,4,0,2,2,A,-,07,21658,A,N,B,C,A,A,H,-,C,-,0,,,,,Y,,-,,0,0,2,0,0,0,0,0,0,"- ","- ",34.251800000000003,-119.4158,"SANTA BARBARA","SANTA BARBARA",-119.6995399,34.421748200000003
6742839,2014,2015-02-02,4203,2014-12-08,1104,6700,40,1,5,5,4203,0,0,0,,0,003,"STATE ST","GUTIERREZ ST",10.00,S,N,A,-,N,,,,,,,,,,N,4,0,1,2,A,-,10,21950,A,N,G,B,B,A,H,-,A,A,0,Y,,,,Y,,D,22,0,0,1,0,1,0,0,0,0,"- ","- ",34.245690000000003,-119.41388999999999,"SANTA BARBARA","SANTA BARBARA",-119.69419544,34.415851580000002
6745520,2014,2016-06-18,4202,2014-11-15,1921,230,LOMPO,6,5,4,4202,0,0,0,,0,,"RT 1","BARTON AV",0.00,,Y,B,-,Y,SB,5,1,-,-,21.810,I,5,S,Y,4,0,2,2,D,-,00,,,N,A,C,A,A,H,-,C,A,0,,,,,Y,,-,"- ",0,0,2,0,0,0,0,0,0,"- ","- ",,,"SANTA BARBARA",LOMPOC,-120.45766036000001,34.657058050000003
6745521,2014,2016-06-18,4202,2014-11-15,1607,230,LOMPO,6,5,4,4202,0,0,0,,0,,"RT 1","MAPLE AV",0.00,,Y,B,-,Y,SB,5,1,-,-,20.970,I,5,S,N,3,0,1,2,A,-,06,21951,,N,G,B,B,A,H,-,A,D,0,Y,,,,Y,,A,01,0,1,0,0,1,0,0,0,0,"- ","- ",,,"SANTA BARBARA",LOMPOC,-120.45789298,34.64543346
6745522,2014,2015-01-20,4202,2014-11-16,1324,292,,7,5,4,4202,0,0,0,,0,,"BARTON AV","LUPINE ST",0.00,,Y,A,-,N,,,,,,,,,,N,3,0,1,2,A,-,09,21804,,N,D,G,A,A,H,-,A,A,0,,Y,,,Y,,L,04,0,1,0,0,0,0,1,0,0,"- ","- ",,,"SANTA BARBARA",LOMPOC,-120.44402989,34.657030040000002
6745523,2014,2015-01-20,4202,2014-11-15,2141,230,LOMPO,6,5,4,4202,0,0,0,,0,,"K ST","CHESTNUT AV",3.00,S,N,A,-,N,,,,,,,,,,N,4,0,4,2,A,-,08,22100,B,N,D,C,A,A,H,-,C,A,0,,,,,Y,,A,01,0,0,4,0,0,0,0,0,0,"- ","- ",,,"SANTA BARBARA",LOMPOC,-120.4616801,34.642251760000001
6745913,2014,2015-03-06,4201,2014-11-06,1949,6558,,4,5,2,4201,0,0,0,,0,051,"11TH ST","OBISPO ST",93.00,E,N,A,-,N,,,,,,,,,,Y,4,0,1,2,C,-,18,,,N,B,E,A,A,H,-,C,D,0,,,,Y,Y,,-,"- ",0,0,1,0,0,0,0,0,0,"- ","- ",,,"SANTA BARBARA",GUADALUPE,-120.56805763,34.971227560000003
6746151,2014,2015-01-29,9750,2014-12-10,1830,18616,,3,2,9,4200,0,1,3,,1,011,"RT 166","SIMAS RD",1056.00,W,N,B,-,Y,,,166,,,,,,,Y,4,0,1,3,A,-,01,23152,A,F,C,C,A,A,H,-,D,D,0,,,,,Y,Y,A,01,0,0,1,0,0,0,0,0,0,"- ","- ",34.957520000000002,-120.56244,"SANTA BARBARA",UNINCORPORATED,-120.56244104,34.957448169999999
6746619,2014,2016-02-16,9750,2014-11-30,1215,016170,,7,1,9,4200,0,3,5,,2,020,"HARRIS GRADE RD","RT 135",10560.00,S,N,B,-,N,,,,,,,,,,Y,4,0,1,2,A,-,03,22350,,N,A,C,A,B,H,-,A,D,0,,,,,Y,,A,08,0,0,1,0,0,0,0,0,0,"- ","- ",34.755830000000003,-120.44067,"SANTA BARBARA",UNINCORPORATED,-120.43856855999999,34.744416270000002
6747938,2014,2015-01-30,4202,2014-12-07,1356,292,,7,5,4,4202,0,0,0,,0,,"ARMSTRONG ST","ARCHER ST",325.00,N,N,B,-,N,,,,,,,,,,Y,2,0,1,2,A,-,09,21804,A,N,D,G,A,A,H,-,A,D,0,,Y,,,Y,,L,04,1,0,0,0,0,0,1,0,0,"- ","- ",,,"SANTA BARBARA",LOMPOC,-120.47444,34.655740000000002
6768123,2014,2015-01-29,9755,2014-11-21,0510,017910,,5,3,9,4200,0,1,3,,1,042,"RT 154","ZACA STATION RD",1056.00,E,N,A,-,Y,,,154,,,,,,,Y,3,0,1,1,A,-,01,23152,A,N,F,A,A,B,H,-,D,D,0,,,,,Y,Y,A,01,0,1,0,0,0,0,0,0,0,"- ","- ",34.683770000000003,-120.15606,"SANTA BARBARA",UNINCORPORATED,-120.15614187,34.683784809999999
6768124,2014,2015-01-29,9755,2014-11-27,1421,017378,,4,2,9,4200,0,3,5,,2,040,"BALLARD CANYON RD","VIENDRA DR",22.00,E,N,A,-,N,,,,,,,,,,N,3,0,1,2,A,-,05,21650,,F,F,A,A,A,H,-,A,D,0,,,Y,,Y,,-,99,0,1,0,0,0,0,0,0,1,"- ","- ",34.613720000000001,-120.16076,"SANTA BARBARA",UNINCORPORATED,-120.16132809,34.61367079
6768125,2014,2015-01-29,9755,2014-11-24,1420,017884,,1,2,9,4200,0,1,3,,2,041,"RT 246","OLD HWY 246",10.00,W,N,A,-,Y,,,246,,,,,,,Y,4,0,2,2,A,-,03,22350,,N,C,C,A,A,H,-,A,D,0,,,,,Y,,A,01,0,0,2,0,0,0,0,0,0,"- ","- ",34.608179999999997,-120.09129,"SANTA BARBARA",UNINCORPORATED,-120.09124679999999,34.608080819999998
6768701,2014,2016-06-22,9760,2014-12-29,1730,20908,,1,2,9,4200,0,1,2,,2,020,"RT 101","LA CUMBRE RD",800.00,S,N,A,-,Y,SB,5,101,-,-,17.630,H,-,S,Y,4,0,3,3,A,-,03,22350,,N,C,C,A,A,H,-,D,D,1,,,,,Y,,D,22,0,0,3,0,0,0,0,0,0,"- ","- ",34.430909999999997,-119.74415,"SANTA BARBARA",UNINCORPORATED,-119.74982227,34.435051190000003
6768702,2014,2016-06-22,9760,2014-12-26,0851,020528,,5,1,9,4200,0,1,2,,2,010,"RT 101","NORTH PADARO LN",443.00,S,N,B,-,Y,SB,5,101,-,R,7.060,H,-,S,Y,2,0,1,1,A,-,08,22107,,N,E,I,A,A,H,-,A,D,1,,,,,Y,,D,22,1,0,0,0,0,0,0,0,0,"- ","- ",34.416089999999997,-119.58046,"SANTA BARBARA",UNINCORPORATED,-119.5812797,34.416238290000003
6768703,2014,2015-02-17,9760,2014-12-27,1050,018019,,6,1,9,4200,0,1,3,,1,022,"RT 154","W CAMINO CIELO",2112.00,E,N,A,-,Y,,,154,,,,,,,Y,4,0,1,2,A,-,03,22350,,N,D,C,A,A,H,-,A,D,0,,,,,Y,,D,22,0,0,1,0,0,0,0,0,0,"- ","- ",34.503660000000004,-119.80539,"SANTA BARBARA",UNINCORPORATED,-119.80539111,34.50366545
6795070,2014,2015-02-17,9760,2014-12-31,2330,18431,,3,3,9,4200,0,3,5,,2,005,"EMBARCADERO DEL MAR","TRIGO RD",30.00,S,N,A,-,N,,,,,,,,,,N,3,0,1,1,A,-,08,22107,,N,F,I,A,A,H,-,C,D,0,,Y,,,Y,Y,L,04,0,1,0,0,0,0,1,0,0,"- ","- ",34.411099999999998,-119.85675999999999,"SANTA BARBARA",UNINCORPORATED,-119.8567834,34.411077550000002
6795074,2014,2015-02-17,9760,2014-12-27,1030,20511,,6,1,9,4200,0,3,5,,2,001,"CHANNEL DR","CABRILLO BL",1500.00,E,N,A,-,N,,,,,,,,,,N,4,0,1,2,A,-,05,21650,1,N,B,G,A,A,H,-,A,D,0,,Y,,,Y,,L,04,0,0,1,0,0,0,1,0,0,"- ","- ",34.421509999999998,-119.65300999999999,"SANTA BARBARA",UNINCORPORATED,-119.65281743,34.420276479999998
6795682,2014,2015-02-04,4204,2014-07-10,1432,20904,82,4,5,5,4204,0,0,0,,0,003,MILLER,"DANIEL DR",0.00,,Y,A,-,N,,,,,,,,,,N,4,0,2,2,A,-,09,21801,A,N,D,C,A,A,H,-,A,D,0,,,,,Y,,A,01,0,0,2,0,0,0,0,0,0,"- ","- ",,,"SANTA BARBARA","SANTA MARIA",-120.43172998999999,34.923850109999997
6797966,2014,2016-06-18,4202,2014-12-08,1843,239,LOMPC,1,5,4,4202,0,0,0,,0,,"RT 1","HANCOCK DR",250.00,N,N,A,-,Y,SB,5,1,-,R,23.560,H,-,S,Y,3,0,1,2,A,-,03,22350,,N,C,C,A,A,H,-,C,A,0,,,,,Y,,A,01,0,1,0,0,0,0,0,0,0,"- ","- ",,,"SANTA BARBARA",LOMPOC,-120.45855949,34.681658890000001
6801991,2014,2015-02-24,4204,2014-01-18,1737,90278,22,6,5,5,4204,0,0,0,,0,001,"SUEY RD","ALVIN AV",0.00,,Y,A,-,N,,,,,,,,,,N,4,0,1,2,A,-,09,21800,C,N,D,C,A,A,H,-,C,D,0,,,,,Y,,A,01,0,0,1,0,0,0,0,0,0,"- ","- ",,,"SANTA BARBARA","SANTA MARIA",-120.40894991,34.960130030000002
6804444,2014,2015-06-23,4200,2014-12-18,1641,3116,14,4,5,4,4214,0,0,0,,0,060,"PATTERSON AV","DEBBIE RD",275.00,S,N,A,-,N,,,,,,,,,,Y,4,0,1,2,A,-,09,21801,A,N,D,C,A,A,H,-,A,D,0,,,,,Y,,D,22,0,0,1,0,0,0,0,0,0,"- ","- ",,,"SANTA BARBARA",GOLETA,-119.8088401,34.437258710000002
6805762,2014,2015-02-18,4200,2014-12-08,0814,3709,,1,5,3,4205,0,0,0,,0,030,"CARPINTERIA AV","DUMP RD",430.00,W,N,A,-,N,,,,,,,,,,N,2,0,1,2,A,-,11,21954,A,N,G,B,D,A,H,-,A,D,0,Y,,,,Y,,N,60,1,0,0,0,1,0,0,0,0,"- ","- ",,,"SANTA BARBARA",CARPINTERIA,-119.50989817,34.392085270000003
6805833,2014,2016-06-22,4200,2014-12-11,1723,3640,1030,4,5,3,4205,0,0,0,,0,14-177,"LINDEN AV","RT 101",0.00,,Y,B,-,Y,SB,5,101,-,-,2.760,R,4,S,Y,4,0,2,3,A,-,00,12500,A,N,C,C,A,A,H,-,C,D,0,,,,,Y,,A,07,0,0,2,0,0,0,0,0,0,"- ",NF,,,"SANTA BARBARA",CARPINTERIA,-119.51275690999999,34.398247580000003
6806375,2014,2015-02-11,4200,2014-11-24,0802,3683,14,1,5,4,4214,0,0,0,,0,060,"HOLLISTER AV","TECOLOTE AV",58.00,W,N,A,-,N,,,,,,,,,,Y,4,0,1,2,A,-,09,21804,A,N,D,C,A,A,H,-,A,D,0,,,,,Y,,A,07,0,0,1,0,0,0,0,0,0,"- ","- ",,,"SANTA BARBARA",GOLETA,-119.82590156000001,34.435803210000003
6806376,2014,2015-02-11,4200,2014-11-11,0637,3683,14,2,5,4,4214,0,0,0,,0,050,"N FAIRVIEW AV","BERKELEY RD",177.00,N,N,A,-,N,,,,,,,,,,Y,2,0,2,2,A,-,09,21801,A,N,A,C,A,A,H,-,B,D,0,,,Y,,Y,,A,01,1,1,0,0,0,0,0,0,1,"- ","- ",,,"SANTA BARBARA",GOLETA,-119.83065999999999,34.446706020000001
6806377,2014,2015-02-18,4200,2014-11-20,2208,4622,10,4,5,3,4205,0,0,0,,0,040,"VIA REAL","CRAVENS LN",0.00,,Y,C,-,N,,,,,,,,,,Y,4,0,2,2,A,-,01,23153,B,N,D,C,A,B,H,-,C,D,0,,,,,Y,Y,A,01,0,0,2,0,0,0,0,0,0,"- ","- ",,,"SANTA BARBARA",CARPINTERIA,-119.53980986000001,34.40612007
6807775,2014,2015-02-17,4200,2014-12-12,1342,3077,14,5,5,4,4214,0,0,0,,0,050,"CALLE REAL","VEGA DR",0.00,,Y,A,-,N,,,,,,,,,,Y,3,0,3,2,A,-,09,21802,A,N,D,C,A,A,H,-,A,A,0,,,,,Y,,A,07,0,1,2,0,0,0,0,0,0,"- ","- ",,,"SANTA BARBARA",GOLETA,-119.83446995,34.439590029999998
6807776,2014,2015-02-17,4200,2014-12-08,0004,3083,14,1,5,4,4214,0,0,0,,0,080,"STORKE RD","MARKET PLACE DR",0.00,,Y,A,-,N,,,,,,,,,,Y,4,0,1,2,A,-,09,21801,A,N,D,C,A,A,H,-,C,A,0,,,,,Y,,A,01,0,0,1,0,0,0,0,0,0,"- ","- ",,,"SANTA BARBARA",GOLETA,-119.86977997,34.428660069999999
6807782,2014,2016-06-22,4200,2014-12-23,1039,3475,14,2,5,4,4214,0,0,0,,0,080,"STORKE RD","RT 101",245.00,S,N,A,-,Y,SB,5,101,-,-,24.980,R,4,S,Y,4,0,1,3,A,-,03,22350,,N,C,C,A,A,H,-,A,D,0,,,,,Y,,A,08,0,0,1,0,0,0,0,0,0,"- ",SF,,,"SANTA BARBARA",GOLETA,-119.87439979,34.433303410000001
6807784,2014,2015-02-17,4200,2014-12-13,1750,4776,14,6,5,4,4214,0,0,0,,0,080,"HOLLISTER AV","STORKE RD",384.00,W,N,A,-,N,,,,,,,,,,Y,4,0,1,2,A,-,03,22350,,N,C,C,A,A,D,-,C,A,0,,,,,Y,,A,01,0,0,1,0,0,0,0,0,0,"- ","- ",,,"SANTA BARBARA",GOLETA,-119.87102161999999,34.430063140000001
6807785,2014,2016-06-22,4200,2014-12-08,1445,3683,14,1,5,4,4214,0,0,0,,0,060,"PATTERSON AV","RT 101",12.00,S,N,A,-,Y,SB,5,101,-,-,21.540,R,4,S,N,3,0,1,2,A,-,05,21650,,N,H,G,A,A,H,-,A,D,0,,Y,,,Y,,L,04,0,1,0,0,0,0,1,0,0,"- ",SF,,,"SANTA BARBARA",GOLETA,-119.81512033999999,34.441071669999999
6807786,2014,2016-06-22,4200,2014-12-05,2200,3077,14,5,5,4,4214,0,0,0,,0,050,"FAIRVIEW AV","RT 101",98.00,W,N,A,-,Y,SB,5,101,-,-,22.480,R,2,N,Y,2,0,3,2,A,-,08,22107,,N,D,C,A,-,G,-,C,D,0,,,,,Y,,A,01,1,2,0,0,0,0,0,0,0,"- ",NO,,,"SANTA BARBARA",GOLETA,-119.83150654000001,34.439671349999998
6775370,2014,2015-02-11,9750,2014-12-30,1400,014358,,2,2,9,4200,0,3,5,,2,030,"FOXEN CANYON RD","ALISOS CANYON RD",24816.00,N,N,A,-,N,,,,,,,,,,Y,4,0,1,1,A,-,08,22107,,N,F,A,A,A,H,-,A,D,0,,,Y,,Y,,C,02,0,0,1,0,0,0,0,0,1,"- ","- ",34.814900000000002,-120.21982,"SANTA BARBARA",UNINCORPORATED,-120.21896683999999,34.815362139999998
6779580,2014,2015-03-02,4204,2014-12-20,1700,90139,51,6,5,5,4204,0,0,0,,0,002,ORANGE,SMITH,0.00,,Y,A,-,N,,,,,,,,,,N,3,0,1,2,A,-,09,21800,,N,D,C,A,A,H,-,A,D,0,,,Y,,Y,,-,"- ",0,1,0,0,0,0,0,0,1,"- ","- ",,,"SANTA BARBARA","SANTA MARIA",-120.44257998,34.948820040000001
6779582,2014,2015-02-12,4204,2014-12-15,1201,90242,69,1,5,5,4204,0,0,0,,0,003,"BATTLES RD","COLLEGE DR",0.00,,Y,B,-,N,,,,,,,,,,N,4,0,2,2,A,-,03,22350,,N,C,C,A,A,H,-,A,A,0,,,,,Y,,A,07,0,0,2,0,0,0,0,0,0,"- ","- ",,,"SANTA BARBARA","SANTA MARIA",-120.42493992999999,34.93134002
6779672,2014,2015-01-28,4204,2014-11-30,1934,90278,2,7,5,5,4204,0,0,0,,0,041,MAIN,"SMITH WEST",0.00,,Y,A,-,N,,,,,,,,,,Y,4,0,1,2,A,-,09,21801,A,M,D,C,A,A,H,-,C,D,0,,,Y,,Y,Y,-,,0,0,1,0,0,0,0,0,1,"- ","- ",,,"SANTA BARBARA","SANTA MARIA",-120.44289994,34.95320006
6784423,2014,2016-05-07,4204,2014-09-07,1843,90137,16,7,5,5,4204,0,0,0,,0,001,BROADWAY,ORCHARD,210.00,N,N,A,-,Y,SB,5,135,-,-,16.700,H,-,N,N,4,0,1,2,A,-,10,21954,B,F,G,B,D,A,H,-,A,A,0,Y,,,,Y,,A,01,0,0,1,0,1,0,0,0,0,"- ","- ",,,"SANTA BARBARA","SANTA MARIA",-120.43563363,34.966561179999999
6784965,2014,2015-02-18,9760,2014-12-18,0805,012263,,4,1,4,4214,0,1,3,,2,027,"RT 217","HOLLISTER AV",3854.00,W,N,C,-,Y,,,217,,,,,,,Y,4,0,3,2,A,-,07,21658,A,N,C,C,A,B,H,-,A,D,0,,,,Y,Y,,F,27,0,0,3,0,0,0,0,0,0,"- ","- ",34.427959999999999,-119.82368,"SANTA BARBARA",GOLETA,-119.82374197,34.428010120000003
6784967,2014,2016-06-22,9760,2014-12-30,1205,15658,,2,1,4,4214,0,1,2,,1,030,"RT 101","GLENN ANNIE RD",1500.00,S,N,A,-,Y,SB,5,101,-,-,24.480,H,-,N,Y,4,0,4,2,B,-,22,,,N,B,C,A,A,H,-,A,D,1,,,,,Y,,J,48,0,0,4,0,0,0,0,0,0,"- ","- ",34.435479999999998,-119.86503999999999,"SANTA BARBARA",GOLETA,-119.86599802000001,34.43525709
6786046,2014,2016-06-22,9760,2014-12-27,1740,19464,,6,2,9,4200,0,1,2,,2,010,"RT 101","NORTH PADARO LN",1300.00,S,N,A,-,Y,SB,5,101,-,R,6.890,H,-,N,N,4,0,1,2,A,-,03,22350,,N,C,C,A,A,H,-,C,D,1,,,,,Y,,A,01,0,0,1,0,0,0,0,0,0,"- ","- ",34.415939999999999,-119.57821,"SANTA BARBARA",UNINCORPORATED,-119.57845822,34.415859070000003
6786047,2014,2016-06-22,9760,2014-12-20,0927,19831,,6,1,5,4203,0,1,2,,2,011,"RT 101","CARRILLO ST",519.00,S,N,B,-,Y,SB,5,101,-,R,14.630,R,2,N,Y,2,0,2,1,A,-,08,22107,,N,E,I,A,A,H,-,A,D,1,,,,,Y,,A,07,2,0,0,0,0,0,0,0,0,TO,"- ",34.245609999999999,-119.4221,"SANTA BARBARA","SANTA BARBARA",-119.70585512,34.415368600000001
6786048,2014,2016-06-22,9760,2014-12-19,1820,19446,,5,2,5,4203,0,1,2,,2,011,"RT 101","MILPAS ST",1056.00,S,N,A,-,Y,SB,5,101,-,-,12.530,H,-,S,Y,4,0,1,2,A,-,03,22350,,N,C,C,A,A,H,-,C,A,1,,,,,Y,,A,01,0,0,1,0,0,0,0,0,0,"- ","- ",34.420639999999999,-119.66745,"SANTA BARBARA","SANTA BARBARA",-119.67338774,34.419790020000001
6786049,2014,2016-06-22,9760,2014-12-27,0650,20511,,6,1,3,4205,0,1,2,,2,010,"RT 101","NORTH PADARO LN",2000.00,S,N,A,-,Y,SB,5,101,-,R,6.760,H,-,S,Y,4,0,1,1,A,-,08,22107,,N,E,I,A,A,H,-,B,D,1,,,,,Y,,A,01,0,0,1,0,0,0,0,0,0,"- ","- ",34.415860000000002,-119.57167,"SANTA BARBARA",CARPINTERIA,-119.57621002,34.415409490000002
6811042,2014,2015-02-13,4200,2014-12-22,1846,3116,14,1,5,4,4214,0,0,0,,0,050,"FAIRVIEW AV","CATHEDRAL OAKS RD",0.00,,Y,A,-,N,,,,,,,,,,Y,3,0,1,2,A,-,17,21451,A,N,D,C,A,A,H,-,C,A,0,,,,,Y,,A,01,0,1,0,0,0,0,0,0,0,"- ","- ",,,"SANTA BARBARA",GOLETA,-119.83070993,34.451380059999998
6811046,2014,2015-02-13,4200,2014-12-29,1145,3116,14,1,5,4,4214,0,0,0,,0,050,"CALLE REAL","ENCINA LN",116.00,E,N,A,-,N,,,,,,,,,,Y,4,0,2,2,A,-,09,21804,A,N,D,C,A,A,H,-,A,D,0,,,,,Y,,A,01,0,0,2,0,0,0,0,0,0,"- ","- ",,,"SANTA BARBARA",GOLETA,-119.827347,34.441452249999998
6814324,2014,2015-03-16,9760,2014-10-25,1315,19464,,6,1,9,4200,0,3,5,,2,002,"E CAMINO CIELO","PAINTED CAVE RD",5808.00,E,N,A,-,N,,,,,,,,,,N,3,0,1,2,A,-,17,21662,A,N,F,A,A,A,H,-,A,D,0,,Y,,,Y,,L,04,0,1,0,0,0,0,1,0,0,"- ","- ",34.518859999999997,-119.79102,"SANTA BARBARA",UNINCORPORATED,-119.79112099,34.518898499999999
6814328,2014,2015-03-16,9760,2014-10-21,1530,16739,,2,2,9,4200,0,3,5,,2,002,"BERKELEY RD","WAKEFIELD RD",0.00,,Y,A,-,N,,,,,,,,,,N,3,0,1,2,A,I,"- ",,,N,D,G,A,A,H,-,A,A,0,,Y,,,Y,,L,04,0,1,0,0,0,0,1,0,0,"- ","- ",34.446150000000003,-119.8265,"SANTA BARBARA",UNINCORPORATED,-119.82647999,34.44595004
6834286,2014,2016-06-22,9760,2014-12-12,0635,20302,,5,1,9,4200,0,1,2,,2,011,"RT 101","HERMOSILLO RD",600.00,S,N,C,-,Y,SB,5,101,-,-,10.920,H,-,N,N,4,0,1,1,A,-,03,22350,,N,E,I,A,B,H,-,D,D,1,,,,,Y,,D,22,0,0,1,0,0,0,0,0,0,"- ","- ",34.421410000000002,-119.64891,"SANTA BARBARA",UNINCORPORATED,-119.64631481000001,34.420318049999999
6834287,2014,2016-06-22,9760,2014-12-16,1740,17097,,2,2,5,4203,0,1,2,,2,020,"RT 101","LAS POSITAS RD",500.00,N,N,B,-,Y,SB,5,101,-,-,16.640,H,-,N,N,4,0,1,3,A,-,03,22350,,M,C,C,A,B,H,-,D,D,1,,,,,Y,,D,22,0,0,1,0,0,0,0,0,0,"- ","- ",34.428579999999997,-119.73847000000001,"SANTA BARBARA","SANTA BARBARA",-119.73521749,34.428218970000003