CASE_ID,ACCIDENT_YEAR,PROC_DATE,JURIS,COLLISION_DATE,COLLISION_TIME,OFFICER_ID,REPORTING_DISTRICT,DAY_OF_WEEK,CHP_SHIFT,POPULATION,CNTY_CITY_LOC,SPECIAL_COND,BEAT_TYPE,CHP_BEAT_TYPE,CITY_DIVISION_LAPD,CHP_BEAT_CLASS,BEAT_NUMBER,PRIMARY_RD,SECONDARY_RD,DISTANCE,DIRECTION,INTERSECTION,WEATHER_1,WEATHER_2,STATE_HWY_IND,CALTRANS_COUNTY,CALTRANS_DISTRICT,STATE_ROUTE,ROUTE_SUFFIX,POSTMILE_PREFIX,POSTMILE,LOCATION_TYPE,RAMP_INTERSECTION,SIDE_OF_HWY,TOW_AWAY,COLLISION_SEVERITY,NUMBER_KILLED,NUMBER_INJURED,PARTY_COUNT,PRIMARY_COLL_FACTOR,PCF_CODE_OF_VIOL,PCF_VIOL_CATEGORY,PCF_VIOLATION,PCF_VIOL_SUBSECTION,HIT_AND_RUN,TYPE_OF_COLLISION,MVIW,PED_ACTION,ROAD_SURFACE,ROAD_COND_1,ROAD_COND_2,LIGHTING,CONTROL_DEVICE,CHP_ROAD_TYPE,PEDESTRIAN_ACCIDENT,BICYCLE_ACCIDENT,MOTORCYCLE_ACCIDENT,TRUCK_ACCIDENT,NOT_PRIVATE_PROPERTY,ALCOHOL_INVOLVED,STWD_VEHTYPE_AT_FAULT,CHP_VEHTYPE_AT_FAULT,COUNT_SEVERE_INJ,COUNT_VISIBLE_INJ,COUNT_COMPLAINT_PAIN,COUNT_PED_KILLED,COUNT_PED_INJURED,COUNT_BICYCLIST_KILLED,COUNT_BICYCLIST_INJURED,COUNT_MC_KILLED,COUNT_MC_INJURED,PRIMARY_RAMP,SECONDARY_RAMP,LATITUDE,LONGITUDE,COUNTY,CITY,POINT_X,POINT_Y
6834288,2014,2016-06-22,9760,2014-11-21,1739,018991,,5,2,5,4203,0,1,2,,2,011,"RT 101","MICHELTORENA ST",300.00,N,N,A,-,Y,SB,5,101,-,R,15.330,H,-,S,N,4,0,1,2,A,-,03,22350,,N,C,C,A,A,H,-,D,D,1,,,,,Y,,A,01,0,0,1,0,0,0,0,0,0,"- ","- ",34.421340000000001,-119.71478999999999,"SANTA BARBARA","SANTA BARBARA",-119.71491976,34.421470220000003
6834289,2014,2015-03-16,9760,2014-11-21,0755,017674,,5,1,9,4200,0,3,5,,2,002,"UNIVERSITY DR","NORTH SAN MARCOS RD",0.00,,Y,A,-,N,,,,,,,,,,Y,4,0,1,2,A,-,09,21802,A,N,B,C,A,A,H,-,A,A,0,,,,,Y,,A,01,0,0,1,0,0,0,0,0,0,"- ","- ",34.44509,-119.79701,"SANTA BARBARA",UNINCORPORATED,-119.79704996,34.445190050000001
6834290,2014,2015-03-16,9760,2014-11-20,2100,017314,,4,2,9,4200,0,1,3,,1,022,"RT 154","EAST CAMINO CIELO",1584.00,E,N,F,-,Y,,,154,,,,,,,Y,3,0,1,1,C,-,18,,,N,E,I,A,B,H,-,D,D,0,,,,,Y,,-,"- ",0,1,0,0,0,0,0,0,0,"- ","- ",34.51437,-119.82550000000001,"SANTA BARBARA",UNINCORPORATED,-119.82542289,34.514465420000001
6834291,2014,2016-06-22,9760,2014-11-16,1350,019831,,7,1,5,4203,0,1,2,,2,011,"RT 101","CABRILLO BL",167.00,N,N,A,-,Y,SB,5,101,-,-,11.490,H,-,S,Y,4,0,2,1,A,-,08,22107,,N,E,I,A,A,H,-,A,D,1,,,,Y,Y,,F,25,0,0,2,0,0,0,0,0,0,"- ","- ",34.422580000000004,-119.65606,"SANTA BARBARA","SANTA BARBARA",-119.65583187999999,34.42263784
6834292,2014,2016-06-22,9760,2014-11-12,1715,017314,,3,2,9,4200,0,1,2,,2,020,"RT 101","RT 154",1584.00,N,N,B,-,Y,SB,5,101,-,-,18.660,H,-,S,N,4,0,1,2,D,-,00,,,N,C,C,A,A,H,-,D,D,1,,,,,Y,,-,"- ",0,0,1,0,0,0,0,0,0,"- ","- ",33.440739999999998,-119.76864999999999,"SANTA BARBARA",UNINCORPORATED,-119.76512904000001,34.440939450000002
6834293,2014,2016-06-22,9760,2014-11-07,1710,020029,9760,5,2,9,4200,0,1,2,,2,011,"RT 101","GARDEN ST",200.00,N,N,A,-,Y,SB,5,101,-,-,13.540,H,-,S,Y,4,0,1,3,A,-,03,22350,,N,C,C,A,A,H,-,C,D,1,,,,,Y,,D,22,0,0,1,0,0,0,0,0,0,"- ","- ",34.416910000000001,-119.68876,"SANTA BARBARA",UNINCORPORATED,-119.69023275000001,34.417695620000003
6834294,2014,2016-06-22,9760,2014-11-03,0915,018490,,1,1,9,4200,0,1,2,,2,010,"RT 101","SANTA CLAUS LN",3960.00,S,N,A,-,Y,SB,5,101,-,-,4.530,H,-,N,Y,4,0,2,2,C,-,18,,,N,E,J,A,A,H,-,A,D,1,,,,,Y,,-,"- ",0,0,2,0,0,0,0,0,0,"- ","- ",34.405970000000003,-119.54026,"SANTA BARBARA",UNINCORPORATED,-119.54134483999999,34.40596773
6834295,2014,2016-06-22,9760,2014-11-02,1010,017662,,7,1,5,4203,0,1,2,,2,011,"RT 101","ARRELLAGA ST",420.00,N,N,A,-,Y,SB,5,101,-,R,15.440,H,-,N,Y,4,0,1,2,A,-,03,22350,,N,C,C,A,A,H,-,A,D,1,,,,,Y,,A,01,0,0,1,0,0,0,0,0,0,"- ","- ",34.42277,-119.71617000000001,"SANTA BARBARA","SANTA BARBARA",-119.71624144,34.422631070000001
6834296,2014,2016-06-22,9760,2014-11-01,0210,020211,,6,3,5,4203,0,1,2,,2,011,"RT 101","SALINAS ST",175.00,N,N,B,-,Y,SB,5,101,-,-,12.110,H,-,N,Y,3,0,4,2,A,-,03,22350,,N,B,C,A,B,H,-,C,D,1,,,,Y,Y,Y,A,01,0,4,0,0,0,0,0,0,0,"- ","- ",34.421129999999998,-119.66710999999999,"SANTA BARBARA","SANTA BARBARA",-119.66624143,34.421330490000003
6834306,2014,2016-06-22,9760,2014-11-07,1625,019464,,5,2,9,4200,0,1,2,,2,010,"RT 101","NORTH PADARO LN",1105.00,N,N,A,-,Y,SB,5,101,-,R,7.350,H,-,N,Y,4,0,1,2,A,-,03,22350,,N,C,C,A,A,H,-,A,D,1,,,,,Y,,D,22,0,0,1,0,0,0,0,0,0,"- ","- ",34.417099999999998,-119.58629000000001,"SANTA BARBARA",UNINCORPORATED,-119.58629096999999,34.417137250000003
6834310,2014,2016-06-22,9760,2014-10-22,0745,017662,,3,1,9,4200,0,1,2,,2,010,"RT 101","CASITAS PASS RD",1056.00,S,N,A,-,Y,SB,5,101,-,-,2.440,H,-,N,Y,4,0,1,4,A,-,03,22350,,N,C,C,A,A,H,-,A,D,1,,,,,Y,,D,22,0,0,1,0,0,0,0,0,0,"- ","- ",34.393689999999999,-119.50964,"SANTA BARBARA",UNINCORPORATED,-119.50979028,34.39434146
6834311,2014,2016-06-22,9760,2014-10-23,1625,012518,,4,2,9,4200,0,1,2,,2,020,"RT 101","RT 154",455.00,N,N,A,-,Y,SB,5,101,-,-,18.450,H,-,S,Y,3,0,4,3,A,-,03,22350,,N,C,C,A,A,H,-,A,D,1,,,,,Y,,D,22,0,2,2,0,0,0,0,0,0,"- ","- ",34.441119999999998,-119.76188999999999,"SANTA BARBARA",UNINCORPORATED,-119.76148621999999,34.441082010000002
6834312,2014,2016-06-22,9760,2014-10-15,1545,017662,,3,2,9,4200,0,1,2,,2,010,"RT 101","CARPINTERIA AV",400.00,N,N,B,-,Y,SB,5,101,-,-,3.710,H,-,S,Y,4,0,1,3,A,-,03,22350,,N,C,C,A,A,H,-,A,D,1,,,,,Y,,A,01,0,0,1,0,0,0,0,0,0,"- ","- ",34.405839999999998,-119.54061,"SANTA BARBARA",UNINCORPORATED,-119.52757207000001,34.403388700000001
6834313,2014,2016-05-04,9760,2014-09-20,1125,019831,,6,1,5,4203,0,1,2,,2,011,"RT 101","W MICHELTORENA ST",1082.00,N,N,A,-,Y,SB,5,101,-,R,15.460,H,-,S,Y,4,0,2,2,A,-,03,22350,,N,C,C,A,A,H,-,A,D,1,,,,,Y,,A,07,0,0,2,0,0,0,0,0,0,"- ","- ",34.422809999999998,-119.71662999999999,"SANTA BARBARA","SANTA BARBARA",-119.71662237,34.422707189999997
6835744,2014,2016-06-22,9760,2014-11-30,1315,018019,,7,1,5,4203,0,1,2,,2,010,"RT 101","EVANS AV",78.00,N,N,B,-,Y,SB,5,101,-,R,8.300,H,-,N,N,4,0,1,3,A,-,03,22350,,N,C,C,A,A,H,-,A,D,1,,,,,Y,,A,01,0,0,1,0,0,0,0,0,0,"- ","- ",,,"SANTA BARBARA","SANTA BARBARA",-119.60204621,34.421337790000003
6835745,2014,2016-06-22,9760,2014-11-28,0755,019831,,5,1,5,4203,0,1,2,,2,011,"RT 101","MILPAS ST",310.00,S,N,A,-,Y,SB,5,101,-,-,12.560,H,-,N,Y,3,0,2,1,A,-,08,22107,,N,E,I,A,A,H,-,A,D,1,,,,,Y,,A,01,0,1,1,0,0,0,0,0,0,TO,"- ",,,"SANTA BARBARA","SANTA BARBARA",-119.67396342000001,34.42007031
6835746,2014,2016-06-22,9760,2014-11-29,0618,017674,,6,1,5,4203,0,1,2,,2,011,"RT 101","CASTILLO ST",1800.00,S,N,A,-,Y,SB,5,101,-,-,13.850,H,-,S,N,4,0,1,2,D,-,00,,,N,B,C,A,A,C,-,B,D,1,,,,,Y,,-,"- ",0,0,1,0,0,0,0,0,0,"- ","- ",34.413989999999998,-119.69412,"SANTA BARBARA","SANTA BARBARA",-119.69378168999999,34.414372069999999
6835747,2014,2016-06-22,9760,2014-11-23,0310,020029,,7,3,9,4200,0,1,2,,2,020,"RT 101","TURNPIKE RD",500.00,S,N,A,-,Y,SB,5,101,-,-,19.970,H,-,N,Y,3,0,2,2,A,-,01,23152,A,F,C,C,A,A,H,-,C,D,1,,,,,Y,Y,A,01,0,1,1,0,0,0,0,0,0,"- ","- ",34.442419999999998,-119.78922,"SANTA BARBARA",UNINCORPORATED,-119.78774975,34.442380479999997
6835748,2014,2016-06-22,9760,2014-11-23,0257,019656,,7,3,5,4203,0,1,2,,2,020,"RT 101","TURNPIKE RD",820.00,S,N,A,-,Y,SB,5,101,-,-,19.900,H,-,N,Y,3,0,1,1,A,-,01,23152,A,N,E,I,A,A,H,-,C,D,1,,,,,Y,Y,A,01,0,1,0,0,0,0,0,0,0,"- ","- ",,,"SANTA BARBARA","SANTA BARBARA",-119.78653881,34.442285550000001
6835749,2014,2016-06-22,9760,2014-11-21,0815,017674,,5,1,5,4203,0,1,2,,2,020,"RT 101","STATE ST",200.00,S,N,A,-,Y,SB,5,101,-,-,17.930,R,1,N,N,4,0,3,3,A,-,03,22350,,N,C,C,A,A,H,-,A,A,1,,,,,Y,,A,01,0,0,3,0,0,0,0,0,0,"- ","- ",34.43929,-119.75382999999999,"SANTA BARBARA","SANTA BARBARA",-119.75330672,34.438427480000001
6835750,2014,2016-06-22,9760,2014-11-20,1140,014690,,4,1,5,4203,0,1,2,,2,011,"RT 101","MISSION ST",5.00,N,N,B,-,Y,SB,5,101,-,R,15.760,H,-,N,Y,3,0,1,1,A,-,08,22107,,N,E,I,A,A,H,-,A,D,1,,,,,Y,,A,07,0,1,0,0,0,0,0,0,0,"- ","- ",34.425469999999997,-119.72047000000001,"SANTA BARBARA","SANTA BARBARA",-119.72054194,34.425540959999999
6835751,2014,2016-06-22,9760,2014-11-18,1130,012263,,2,1,5,4203,0,1,2,,2,011,"RT 101","LAS POSITAS RD",1198.00,S,N,B,-,Y,SB,5,101,-,-,16.320,R,1,S,Y,4,0,1,2,A,-,03,22350,,N,C,C,A,A,H,-,A,D,1,,,,,Y,,A,01,0,0,1,0,0,0,0,0,0,TO,"- ",,,"SANTA BARBARA","SANTA BARBARA",-119.72973184,34.427162189999997
6835752,2014,2016-06-22,9760,2014-11-17,1700,16739,,1,2,4,4214,0,1,2,,1,030,"RT 101","STORKE RD",1584.00,S,N,A,-,Y,SB,5,101,-,-,24.460,H,-,S,Y,4,0,1,1,A,-,08,22107,,N,E,I,A,A,H,-,A,D,1,,,,,Y,,A,08,0,0,1,0,0,0,0,0,0,"- ","- ",,,"SANTA BARBARA",GOLETA,-119.8656124,34.435163330000002
6835753,2014,2015-03-09,9760,2014-11-17,1224,020908,,1,1,9,4200,0,3,5,,2,005,"EL COLEGIO RD","CAMINO PESCADERO",2.00,E,N,A,-,N,,,,,,,,,,N,3,0,1,2,A,-,10,21950,A,F,G,B,B,A,H,-,A,A,0,Y,,,,Y,,-,,0,1,0,0,1,0,0,0,0,"- ","- ",,,"SANTA BARBARA",UNINCORPORATED,-119.85868336999999,34.417409999999997
6835754,2014,2015-03-09,9760,2014-11-14,1730,019464,,5,2,9,4200,0,1,2,,2,011,"RT 101","LAS POSITAS RD",1572.00,S,N,A,-,Y,,,,,,,,,,N,4,0,1,2,A,-,03,22350,,N,C,C,A,A,H,-,C,D,0,,,Y,,Y,,C,02,0,0,1,0,0,0,0,0,1,"- ","- ",,,"SANTA BARBARA",UNINCORPORATED,-119.7286783,34.427131930000002
6835755,2014,2015-03-09,9760,2014-11-14,1350,019831,,5,1,9,4200,0,3,5,,2,001,"GIBRALTAR RD","CIELITO LN",11088.00,E,N,A,-,N,,,,,,,,,,N,3,0,1,1,A,-,08,22107,,N,E,I,A,A,H,-,A,D,0,,,Y,,Y,,C,02,0,1,0,0,0,0,0,0,1,"- ","- ",,,"SANTA BARBARA",UNINCORPORATED,-119.675563,34.4644409
6835756,2014,2016-06-22,9760,2014-11-13,1715,018754,,4,2,5,4203,0,1,2,,2,011,"RT 101","MICHELTORENA ST",500.00,S,N,A,-,Y,SB,5,101,-,R,15.180,H,-,S,Y,4,0,1,2,A,-,03,22350,,N,C,C,A,A,H,-,C,D,1,,,,,Y,,A,01,0,0,1,0,0,0,0,0,0,"- ","- ",34.421689999999998,-119.71535,"SANTA BARBARA","SANTA BARBARA",-119.71295569999999,34.42003991
6786050,2014,2016-06-22,9760,2014-12-27,1221,17603,,6,1,4,4214,0,1,2,,1,030,"RT 101","FAIRVIEW AV",424.00,N,N,A,-,Y,SB,5,101,-,-,22.610,H,-,N,Y,4,0,1,1,A,-,08,22107,,N,E,I,A,A,D,-,A,D,1,,,,,Y,,A,01,0,0,1,0,0,0,0,0,0,"- ","- ",34.439540000000001,-119.83367,"SANTA BARBARA",GOLETA,-119.83376586999999,34.43948623
6786051,2014,2016-06-22,9760,2014-12-26,1955,20029,9760,5,2,9,4200,0,1,2,,2,020,"RT 101","PATTERSON AV",500.00,S,N,A,-,Y,SB,5,101,-,-,21.070,H,-,N,Y,4,0,2,3,A,-,21,22106,,N,C,C,A,A,H,-,C,D,1,,,,,Y,,A,01,0,0,2,0,0,0,0,0,0,"- ","- ",34.441749999999999,-119.81358,"SANTA BARBARA",UNINCORPORATED,-119.80692243,34.441879520000001
6786671,2014,2015-02-26,4204,2014-01-06,0955,22104,14,1,5,5,4204,0,0,0,,0,001,DONOVAN,PINE,200.00,W,N,A,-,N,,,,,,,,,,Y,4,0,1,2,A,-,08,22107,,N,C,E,A,A,H,-,A,A,0,,,,,Y,,A,07,0,0,1,0,0,0,0,0,0,"- ","- ",,,"SANTA BARBARA","SANTA MARIA",-120.43867733,34.967730000000003
6838043,2014,2016-06-22,9750,2014-11-18,2136,,,2,2,5,4204,0,1,2,,2,001,"RT 101","MAIN ST",200.00,N,N,A,-,Y,SB,5,101,-,-,88.670,H,-,S,Y,3,0,1,2,A,-,01,23152,E,N,C,C,A,A,H,-,C,D,0,,,Y,,Y,,C,02,0,1,0,0,0,0,0,0,1,"- ","- ",34.955460000000002,-120.41750999999999,"SANTA BARBARA","SANTA MARIA",-120.41733571,34.953805559999999
6842769,2014,2015-04-03,9760,2014-10-14,1300,16739,,2,1,9,4200,0,3,5,,2,005,"EL COLEGIO RD","EMBARCADERO DEL MAR",0.00,,Y,A,-,N,,,,,,,,,,N,4,0,1,2,A,-,12,22450,A,N,G,B,D,A,H,-,A,A,0,Y,,,,Y,,A,01,0,0,1,0,1,0,0,0,0,"- ","- ",34.417259999999999,-119.85719,"SANTA BARBARA",UNINCORPORATED,-119.85704991999999,34.417410050000001
6842773,2014,2015-04-03,9760,2014-10-14,1145,16739,,2,1,9,4200,0,3,5,,2,005,"EMBARCADERO DEL NORTE","EL COLEGIO RD",0.00,,Y,A,-,N,,,,,,,,,,N,3,0,1,2,A,-,09,21801,A,N,D,G,A,A,H,-,A,A,0,,Y,,,Y,,A,01,0,1,0,0,0,0,1,0,0,"- ","- ",34.417459999999998,-119.85553,"SANTA BARBARA",UNINCORPORATED,-119.85535998,34.417390089999998
6843508,2014,2015-03-25,9760,2014-12-16,1315,020323,,2,1,9,4200,0,1,3,,1,014,"RT 192","SAN YSIDRO RD",340.00,W,N,A,-,Y,,,192,,,,,,,Y,4,0,1,2,A,-,09,21804,A,N,D,C,A,A,H,-,A,D,0,,,,,Y,,A,01,0,0,1,0,0,0,0,0,0,"- ","- ",34.437040000000003,-119.6332,"SANTA BARBARA",UNINCORPORATED,-119.63319788,34.437011409999997
6843512,2014,2015-03-25,9760,2014-12-17,0955,015658,,3,1,9,4200,0,2,4,,2,024,"CALLE REAL","EL SUENO RD",0.00,,Y,A,-,N,,,,,,,,,,Y,3,0,1,2,A,-,09,21800,C,N,D,C,A,A,H,-,A,A,0,,,Y,,Y,,A,01,0,1,0,0,0,0,0,0,1,"- ","- ",34.441450000000003,-119.76952,"SANTA BARBARA",UNINCORPORATED,-119.76934986000001,34.441500099999999
6843516,2014,2015-03-25,9760,2014-12-18,0815,019831,,4,1,5,4203,0,3,5,,2,002,"CALLE REAL","OLD MILL RD",0.00,,Y,B,-,N,,,,,,,,,,Y,4,0,3,2,A,-,17,21461,A,N,D,C,A,B,H,-,A,A,0,,,,,Y,,A,07,0,0,3,0,0,0,0,0,0,"- ","- ",34.441450000000003,-119.7647,"SANTA BARBARA","SANTA BARBARA",-119.76464987,34.44131007
6843534,2014,2015-03-24,9760,2014-10-27,0845,19464,,1,1,9,4200,0,1,3,,1,015,"RT 150","RINCON HILL RD",1584.00,N,N,A,-,Y,,,150,,,,,,,Y,3,0,1,1,A,-,03,22350,,N,F,A,A,A,H,-,A,A,0,,,,,Y,,A,01,0,1,0,0,0,0,0,0,0,"- ","- ",34.385730000000002,-119.47091,"SANTA BARBARA",UNINCORPORATED,-119.47092343,34.385808480000001
6843538,2014,2016-06-22,9760,2014-10-29,1702,18754,,3,2,3,4205,0,1,2,,2,010,"RT 101","RT 150",3168.00,N,N,A,-,Y,SB,5,101,-,-,1.320,H,-,N,Y,2,0,1,2,A,-,01,23152,A,N,E,I,A,A,H,-,A,D,1,,,,,Y,Y,A,07,1,0,0,0,0,0,0,0,0,"- ","- ",34.38682,-119.49309,"SANTA BARBARA",CARPINTERIA,-119.49311844,34.38689437
6835757,2014,2015-03-12,9760,2014-11-14,0800,018490,,5,1,9,4200,0,3,5,,2,002,"TURNPIKE RD","HOLLISTER AV",250.00,N,N,A,-,N,,,,,,,,,,N,4,0,1,2,A,-,03,22350,,N,C,G,A,A,H,-,A,D,0,,Y,,,Y,,L,04,0,0,1,0,0,0,1,0,0,"- ","- ",34.437339999999999,-119.78967,"SANTA BARBARA",UNINCORPORATED,-119.78950823,34.437315939999998
6835758,2014,2015-03-09,9760,2014-11-10,1500,16739,,1,2,9,4200,0,1,3,,1,022,"RT 192","RT 154",9.00,E,N,A,-,Y,,,192,,,,,,,Y,2,0,1,2,A,-,09,21802,A,N,D,C,A,A,H,-,A,A,0,,,Y,,Y,,A,07,1,0,0,0,0,0,0,0,1,"- ","- ",34.450920000000004,-119.76272,"SANTA BARBARA",UNINCORPORATED,-119.76242027000001,34.451394440000001
6835759,2014,2016-06-22,9760,2014-11-10,1940,018754,,1,2,5,4203,0,1,2,,2,011,"RT 101","WEST CANON PERDIDO",500.00,S,N,A,-,Y,SB,5,101,-,R,14.420,H,-,N,Y,4,0,1,2,A,-,07,21658,A,N,B,C,A,A,H,-,C,D,1,,,,,Y,,A,01,0,0,1,0,0,0,0,0,0,"- ","- ",,,"SANTA BARBARA","SANTA BARBARA",-119.70346753,34.413325980000003
6835760,2014,2016-06-22,9760,2014-11-08,0030,020029,9760,6,3,5,4203,0,1,2,,2,011,"RT 101","TREASURE DR",116.00,N,N,A,-,Y,SB,5,101,-,-,16.310,H,-,N,Y,3,0,1,1,A,-,01,23152,A,N,E,I,A,A,H,-,C,D,1,,,,,Y,Y,A,01,0,1,0,0,0,0,0,0,0,"- ","- ",,,"SANTA BARBARA","SANTA BARBARA",-119.72953597,34.427264809999997
6853603,2014,2016-06-22,9760,2014-10-02,0810,019831,,4,1,5,4203,0,1,2,,2,020,"RT 101","TURNPIKE RD",914.00,S,N,A,-,Y,SB,5,101,-,-,19.890,H,-,S,Y,3,0,1,2,A,-,03,22350,,N,B,C,A,A,H,-,A,D,1,,,Y,,Y,,A,01,0,1,0,0,0,0,0,0,1,"- ","- ",34.441510000000001,-119.77327,"SANTA BARBARA","SANTA BARBARA",-119.78636326,34.442087700000002
6853620,2014,2015-04-01,9760,2014-10-13,1015,017662,,1,1,9,4200,0,1,3,,1,014,"RT 192","SAN YSIDRO RD",0.00,,Y,A,-,Y,,,192,,,,,,,Y,2,0,1,2,A,-,09,21801,A,N,D,C,A,A,H,-,A,A,0,,,Y,,Y,,A,01,1,0,0,0,0,0,0,0,1,"- ","- ",34.436750000000004,-119.6322,"SANTA BARBARA",UNINCORPORATED,-119.63216685,34.4369972
6859243,2014,2015-04-14,9760,2014-08-29,1510,17603,,5,2,9,4200,0,3,5,,2,005,"CAMINO PESCADERO","PICASSO RD",0.00,,Y,A,-,N,,,,,,,,,,N,3,0,1,2,A,-,12,22450,A,N,D,G,A,A,H,-,A,D,0,,Y,,,Y,,L,04,0,1,0,0,0,0,1,0,0,"- ","- ",34.415179999999999,-119.8587,"SANTA BARBARA",UNINCORPORATED,-119.85868992,34.41520002
6859247,2014,2016-05-09,9760,2014-08-30,1248,17603,,6,1,9,4200,0,1,2,,1,030,"RT 101","DOS PUEBLOS CREEK",100.00,N,N,A,-,Y,SB,5,101,-,-,30.130,H,-,S,Y,2,0,1,1,A,-,08,22107,,N,F,A,A,A,H,-,A,D,5,,,Y,,Y,,C,02,1,0,0,0,0,0,0,0,1,"- ","- ",34.443469999999998,-119.95502999999999,"SANTA BARBARA",UNINCORPORATED,-119.96039442999999,34.44821555
6876752,2014,2016-06-22,9760,2014-10-05,0637,18491,,7,1,5,4203,0,1,2,,2,010,"RT 101","SHEFFIELD DR",28.00,N,N,A,-,Y,SB,5,101,-,-,9.030,H,-,N,Y,3,0,1,1,A,-,08,22107,,N,E,I,A,A,H,-,B,D,1,,,,,Y,,A,01,0,1,0,0,0,0,0,0,0,"- ","- ",34.421779999999998,-119.61457,"SANTA BARBARA","SANTA BARBARA",-119.61451015,34.421859419999997
6883218,2014,2015-04-20,4204,2014-09-18,1550,5770,59,4,5,5,4204,0,0,0,,0,002,"E STOWELL",CECELIA,236.00,E,N,A,-,N,,,,,,,,,,Y,4,0,2,1,A,-,03,22350,,M,E,I,A,A,H,-,A,D,0,,,,,Y,,-,,0,0,2,0,0,0,0,0,0,"- ","- ",,,"SANTA BARBARA","SANTA MARIA",-120.42717284,34.938429999999997
6883226,2014,2015-05-08,9760,2014-09-20,1236,17603,,6,1,4,4214,0,1,2,,1,030,"RT 101","GLENN ANNIE RD",200.00,S,N,A,-,Y,,,101,,,,,,,N,4,0,2,2,A,-,03,22350,,N,C,C,A,A,H,-,A,D,0,,,,,Y,,A,01,0,0,2,0,0,0,0,0,0,"- ","- ",34.438540000000003,-119.85284,"SANTA BARBARA",GOLETA,-119.85279558000001,34.437779710000001
6843542,2014,2016-06-22,9760,2014-10-28,0850,12518,,2,1,9,4200,0,1,2,,2,020,"RT 101","TURNPIKE RD",2640.00,S,N,A,-,Y,SB,5,101,-,-,19.560,H,-,S,Y,4,0,1,2,A,-,03,22350,,N,C,C,A,A,H,-,A,D,1,,,,,Y,,A,07,0,0,1,0,0,0,0,0,0,"- ","- ",34.442070000000001,-119.78113,"SANTA BARBARA",UNINCORPORATED,-119.78064236,34.442048270000001
6843546,2014,2016-06-22,9760,2014-10-22,1000,17662,,3,1,9,4200,0,1,2,,2,010,"RT 101","SOUTH PADARO LN",5016.00,N,N,A,-,Y,SB,5,101,-,R,6.230,H,-,S,Y,4,0,1,1,A,-,01,23152,E,N,E,I,A,A,H,-,A,D,1,,,,,Y,,A,01,0,0,1,0,0,0,0,0,0,"- ","- ",34.416449999999998,-119.56786,"SANTA BARBARA",UNINCORPORATED,-119.56718807,34.41658734
6843550,2014,2016-06-22,9760,2014-10-31,2145,19656,,5,2,5,4203,0,1,2,,2,011,"RT 101","OLIVE MILL RD",1100.00,N,N,C,-,Y,SB,5,101,-,-,10.750,H,-,S,Y,4,0,1,2,A,-,03,22350,,N,B,C,A,B,F,-,D,D,1,,,,,Y,,A,07,0,0,1,0,0,0,0,0,0,"- ","- ",34.419469999999997,-119.6442,"SANTA BARBARA","SANTA BARBARA",-119.64346179,34.419666309999997
6843558,2014,2015-03-25,9760,2014-10-19,2030,18995,,7,2,9,4200,0,3,5,,2,005,"EL COLEGIO RD","EMBARCADERO DEL NORTE",0.00,,Y,A,-,N,,,,,,,,,,N,2,0,1,2,A,-,05,21650,,N,D,G,A,A,H,-,C,A,0,,Y,,,Y,,L,04,1,0,0,0,0,0,1,0,0,"- ","- ",34.41733,-119.85871,"SANTA BARBARA",UNINCORPORATED,-119.85535998,34.417390089999998
6843562,2014,2016-06-22,9760,2014-10-14,0815,16739,,2,1,4,4214,0,1,2,,1,030,"RT 101","STORKE RD",2112.00,S,N,B,-,Y,SB,5,101,-,-,24.360,H,-,S,Y,3,0,1,3,A,-,07,21658,A,F,D,C,A,A,H,-,A,D,1,,,,,Y,,A,08,0,1,0,0,0,0,0,0,0,"- ","- ",34.436059999999998,-119.86118,"SANTA BARBARA",GOLETA,-119.86392746999999,34.435538510000001
6843566,2014,2015-03-25,9760,2014-10-16,2315,17097,,4,3,9,4200,0,3,5,,2,005,"EL COLEGIO RD","CAMINO DEL SUR",100.00,W,N,A,-,N,,,,,,,,,,N,3,0,1,1,A,-,01,21200,5,N,E,I,A,A,H,-,C,D,0,,Y,,,Y,Y,L,04,0,1,0,0,0,0,1,0,0,"- ","- ",34.417349999999999,-119.86333999999999,"SANTA BARBARA",UNINCORPORATED,-119.86287129,34.417314949999998
6843570,2014,2016-02-16,9760,2014-10-19,1820,20029,9760,7,2,9,4200,0,1,3,,1,022,"N SAN MARCOS RD","TWINRIDGE RD",8000.00,N,N,A,-,N,,,,,,,,,,N,3,0,1,2,A,-,03,22350,,N,D,C,A,A,H,-,B,D,0,,,Y,,Y,,C,02,0,1,0,0,0,0,0,0,1,"- ","- ",34.474519999999998,-119.79934,"SANTA BARBARA",UNINCORPORATED,-119.79760548,34.48191387