CASE_ID,ACCIDENT_YEAR,PROC_DATE,JURIS,COLLISION_DATE,COLLISION_TIME,OFFICER_ID,REPORTING_DISTRICT,DAY_OF_WEEK,CHP_SHIFT,POPULATION,CNTY_CITY_LOC,SPECIAL_COND,BEAT_TYPE,CHP_BEAT_TYPE,CITY_DIVISION_LAPD,CHP_BEAT_CLASS,BEAT_NUMBER,PRIMARY_RD,SECONDARY_RD,DISTANCE,DIRECTION,INTERSECTION,WEATHER_1,WEATHER_2,STATE_HWY_IND,CALTRANS_COUNTY,CALTRANS_DISTRICT,STATE_ROUTE,ROUTE_SUFFIX,POSTMILE_PREFIX,POSTMILE,LOCATION_TYPE,RAMP_INTERSECTION,SIDE_OF_HWY,TOW_AWAY,COLLISION_SEVERITY,NUMBER_KILLED,NUMBER_INJURED,PARTY_COUNT,PRIMARY_COLL_FACTOR,PCF_CODE_OF_VIOL,PCF_VIOL_CATEGORY,PCF_VIOLATION,PCF_VIOL_SUBSECTION,HIT_AND_RUN,TYPE_OF_COLLISION,MVIW,PED_ACTION,ROAD_SURFACE,ROAD_COND_1,ROAD_COND_2,LIGHTING,CONTROL_DEVICE,CHP_ROAD_TYPE,PEDESTRIAN_ACCIDENT,BICYCLE_ACCIDENT,MOTORCYCLE_ACCIDENT,TRUCK_ACCIDENT,NOT_PRIVATE_PROPERTY,ALCOHOL_INVOLVED,STWD_VEHTYPE_AT_FAULT,CHP_VEHTYPE_AT_FAULT,COUNT_SEVERE_INJ,COUNT_VISIBLE_INJ,COUNT_COMPLAINT_PAIN,COUNT_PED_KILLED,COUNT_PED_INJURED,COUNT_BICYCLIST_KILLED,COUNT_BICYCLIST_INJURED,COUNT_MC_KILLED,COUNT_MC_INJURED,PRIMARY_RAMP,SECONDARY_RAMP,LATITUDE,LONGITUDE,COUNTY,CITY,POINT_X,POINT_Y
6843574,2014,2015-03-25,9760,2014-10-18,1308,20211,,6,1,9,4200,0,3,5,,2,005,"TRIGO RD","EL EMBARCADERO RD",147.00,E,N,A,-,N,,,,,,,,,,N,3,0,2,3,A,-,21,22106,,N,G,B,F,A,H,-,A,D,0,Y,,,,Y,,A,01,0,2,0,0,2,0,0,0,0,"- ","- ",34.41093,-119.85586000000001,"SANTA BARBARA",UNINCORPORATED,-119.85577452,34.411003289999996
6843578,2014,2015-03-24,9760,2014-10-21,2020,17097,,2,2,9,4200,0,1,3,,1,022,"RT 154","STAGECOACH RD",1584.00,E,N,A,-,Y,,,154,,,,,,,Y,3,0,1,1,A,-,01,23152,A,N,E,I,A,A,H,-,D,D,0,,,,,Y,Y,A,01,0,1,0,0,0,0,0,0,0,"- ","- ",34.518349999999998,-119.82929,"SANTA BARBARA",UNINCORPORATED,-119.82920742,34.518346610000002
6843582,2014,2016-06-22,9760,2014-10-22,1535,12518,,3,2,9,4200,0,1,2,,2,010,"RT 101","SHEFFIELD DR",2640.00,N,N,A,-,Y,SB,5,101,-,-,9.520,H,-,S,N,4,0,2,2,A,-,03,22350,,N,C,C,A,A,H,-,A,D,1,,,,,Y,,A,01,0,0,2,0,0,0,0,0,0,"- ","- ",34.42089,-119.82254,"SANTA BARBARA",UNINCORPORATED,-119.62302526000001,34.420800010000001
6843586,2014,2016-06-22,9760,2014-10-24,1145,18491,,5,1,5,4203,0,1,2,,2,011,"RT 101","CABRILLO BL",1100.00,S,N,A,-,Y,SB,5,101,-,-,11.180,H,-,N,Y,4,0,1,2,A,-,03,22350,,N,C,C,A,A,H,-,A,D,1,,,,,Y,,A,07,0,0,1,0,0,0,0,0,0,"- ","- ",34.421120000000002,-119.64985,"SANTA BARBARA","SANTA BARBARA",-119.65066245,34.421435780000003
6749088,2014,2015-02-02,9755,2014-12-02,1254,015973,,2,1,9,4200,0,1,3,,1,042,"RT 154","LAKEVIEW DR",200.00,E,N,C,-,Y,,,,,,,,,,Y,4,0,2,1,A,-,03,22350,,N,E,I,A,B,H,-,A,D,0,,,,,Y,,A,07,0,0,2,0,0,0,0,0,0,"- ","- ",,,"SANTA BARBARA",UNINCORPORATED,-119.95815677,34.573165189999997
6749089,2014,2016-06-22,9755,2014-12-03,0750,015973,,3,1,9,4200,0,1,2,,2,004,"RT 101","GAVIOTA BEACH RD",5280.00,N,N,B,-,Y,SB,5,101,-,-,47.360,H,-,N,Y,3,0,1,1,A,-,08,22107,,N,F,A,A,B,H,-,A,D,1,,,,,Y,,A,01,0,1,0,0,0,0,0,0,0,"- ","- ",34.494109999999999,-120.22838,"SANTA BARBARA",UNINCORPORATED,-120.22596829,34.490606360000001
6749159,2014,2016-06-18,4201,2014-11-18,0830,3246,,2,5,2,4201,0,0,0,,0,,"GUADALUPE ST","10TH ST",0.00,,Y,A,-,Y,SB,5,1,-,-,50.180,H,-,N,N,4,0,2,2,A,-,03,22350,,N,C,D,A,A,H,-,A,A,0,,,,,Y,,-,,0,0,2,0,0,0,0,0,0,"- ","- ",,,"SANTA BARBARA",GUADALUPE,-120.5724405,34.971462150000001
6749372,2014,2015-01-29,9750,2014-12-05,1030,13766,,5,1,9,4200,0,2,4,,1,024,"BRADLEY RD","LAKEVIEW RD",0.00,,Y,B,-,N,,,,,,,,,,Y,4,0,1,2,D,-,00,,,N,D,C,A,A,H,-,A,A,0,,,,,Y,,-,"- ",0,0,1,0,0,0,0,0,0,"- ","- ",34.894550000000002,-120.42310999999999,"SANTA BARBARA",UNINCORPORATED,-120.42311995,34.894509999999997
6750272,2014,2015-01-29,4200,2014-12-06,1040,3811,6,6,5,2,4206,0,0,0,,0,,"VIBORG RD","ALISAL RD",0.00,W,N,A,-,N,,,,,,,,,,Y,4,0,1,2,A,-,08,22107,,N,H,E,A,A,H,-,A,D,0,,,,,Y,,A,07,0,0,1,0,0,0,0,0,0,"- ","- ",,,"SANTA BARBARA",SOLVANG,-120.1332199,34.605719999999998
6751708,2014,2016-02-16,4203,2014-12-24,0139,7775,,3,5,5,4203,0,0,0,,0,002,"MONTECITO ST","CHAPALA ST",288.00,W,N,A,-,N,,,,,,,,,,Y,3,0,1,3,A,-,08,22107,,N,C,E,A,A,H,-,C,D,0,,,,Y,Y,,A,01,0,1,0,0,0,0,0,0,0,"- ","- ",34.244819999999997,-119.41405,"SANTA BARBARA","SANTA BARBARA",-119.69466054999999,34.413346539999999
6752401,2014,2015-02-04,4203,2014-12-22,1909,6978,16,1,5,5,4203,0,0,0,,0,006,"CLIFF DR","LIGHTHOUSE RD",10.00,E,N,A,-,N,,,225,,,,,,,N,2,0,2,2,A,-,09,21802,A,N,A,C,A,A,H,-,C,A,0,,,Y,,Y,,A,07,1,1,0,0,0,0,0,0,1,"- ","- ",34.401330000000002,-119.72109,"SANTA BARBARA","SANTA BARBARA",-119.72108844,34.401337429999998
6752405,2014,2015-02-04,4203,2014-12-23,1727,6967,,2,5,5,4203,0,0,0,,0,004,"DE LA VINA ST","VICTORIA ST",33.00,W,N,A,-,N,,,,,,,,,,N,3,0,1,2,A,-,08,22100,B,N,F,C,A,A,H,-,C,D,0,,,,,Y,,-,,0,1,0,0,0,0,0,0,0,"- ","- ",34.251800000000003,-119.4203,"SANTA BARBARA","SANTA BARBARA",-119.7080926,34.42223937
6752409,2014,2015-02-04,4203,2014-12-24,2051,6983,,3,5,5,4203,0,0,0,,0,003,"CARRILLO ST","SANTA BARBARA ST",0.00,,Y,A,G,N,,,,,,,,,,Y,4,0,1,2,A,-,12,21453,A,N,D,C,A,A,H,-,C,A,0,,,,,Y,,-,,0,0,1,0,0,0,0,0,0,"- ","- ",34.232300000000002,-119.2624,"SANTA BARBARA","SANTA BARBARA",-119.69963989999999,34.423640089999999
6752413,2014,2015-02-04,4203,2014-12-26,1406,4937,,5,5,5,4203,0,0,0,,0,004,"CHAPALA ST","ORTEGA ST",270.00,S,N,A,-,N,,,,,,,,,,N,4,0,1,4,A,-,03,22350,,N,C,C,A,A,H,-,-,D,0,,,,,Y,,-,,0,0,1,0,0,0,0,0,0,"- ","- ",34.252400000000002,-119.41549999999999,"SANTA BARBARA","SANTA BARBARA",-119.69853197,34.417118960000003
6752449,2014,2015-02-05,4203,2014-12-15,1730,7193,,1,5,5,4203,0,0,0,,0,005,"CALLE REAL","LOS POSITAS RD",165.00,E,N,C,-,N,,,,,,,,,,Y,4,0,1,2,A,-,03,22350,,N,C,C,A,B,H,-,C,A,0,,,,,Y,,-,,0,0,1,0,0,0,0,0,0,"- ","- ",34.253149999999998,-119.42024000000001,"SANTA BARBARA","SANTA BARBARA",-119.73320624999999,34.428495869999999
6752453,2014,2015-02-05,4203,2014-12-18,1840,5086,,4,5,5,4203,0,0,0,,0,003,"SANTA BARBARA ST","ARRELLAGA ST",180.00,N,N,A,-,N,,,,,,,,,,N,4,0,1,2,A,-,07,21658,A,N,B,C,A,A,H,-,D,-,0,,,,,Y,,-,,0,0,1,0,0,0,0,0,0,"- ","- ",34.429679999999998,-119.70791,"SANTA BARBARA","SANTA BARBARA",-119.70772581999999,34.429548320000002
6752457,2014,2015-02-05,4203,2014-12-17,1820,7193,,3,5,5,4203,0,0,0,,0,005,"MODOC RD","CALLE DE LOS AMIGOS",0.00,,Y,A,-,N,,,,,,,,,,N,4,0,1,2,A,-,09,21804,A,N,D,G,A,A,H,-,C,A,0,,Y,,,Y,,-,,0,0,1,0,0,0,1,0,0,"- ","- ",34.255789999999998,-119.49590000000001,"SANTA BARBARA","SANTA BARBARA",-119.74807987,34.432780059999999
6752461,2014,2015-02-04,4203,2014-12-19,1028,2602,4203,5,5,5,4203,0,0,0,,0,005,"STATE ST","ONTARE RD",0.00,,Y,B,-,N,,,,,,,,,,N,4,0,1,2,A,-,08,22107,,F,C,A,A,A,H,-,A,A,0,,,,,Y,,-,,0,0,1,0,0,0,0,0,0,"- ","- ",,,"SANTA BARBARA","SANTA BARBARA",-119.74008987000001,34.440420039999999
6752855,2014,2015-02-17,4204,2014-12-27,0001,23028,79,6,5,5,4204,0,0,0,,0,003,"BETTERAVIA RD","BLOSSER RD",0.00,,Y,A,-,N,,,,,,,,,,N,4,0,2,2,A,-,12,21453,A,N,D,C,A,A,H,-,C,A,0,,,,,Y,,D,22,0,0,2,0,0,0,0,0,0,"- ","- ",,,"SANTA BARBARA","SANTA MARIA",-120.45408988,34.920630109999998
6753316,2014,2015-02-10,4203,2014-12-29,1245,6970,,1,5,5,4203,0,0,0,,0,003,"STATE ST","HALEY ST",6.00,S,N,A,-,N,,,,,,,,,,N,4,0,1,2,A,-,12,21453,A,F,D,G,A,A,H,-,A,A,0,,Y,,,Y,,-,,0,0,1,0,0,0,1,0,0,"- ","- ",34.253169999999997,-119.42042000000001,"SANTA BARBARA","SANTA BARBARA",-119.69552433,34.416779859999998
6753320,2014,2015-02-12,4203,2014-12-11,1709,6495,,4,5,5,4203,0,0,0,,0,004,"W ARRELLAGA ST","DE LA VINA ST",6.00,W,N,C,-,N,,,,,,,,,,N,3,0,1,2,A,-,10,21950,A,N,G,B,B,B,H,-,C,A,0,Y,,,,Y,,-,,0,1,0,0,1,0,0,0,0,"- ","- ",34.424930000000003,-119.71192000000001,"SANTA BARBARA","SANTA BARBARA",-119.71188275999999,34.424977370000001
6753336,2014,2015-02-19,4203,2014-12-29,1929,7187,,1,5,5,4203,0,0,0,,0,006,"CLIFF DR","LOMA ALTA",0.00,,Y,A,-,N,,,225,,,,,,,Y,4,0,1,2,A,-,"- ",,,N,D,C,A,A,H,-,C,A,0,,,,,Y,,-,"- ",0,0,1,0,0,0,0,0,0,"- ","- ",34.40654,-119.70157,"SANTA BARBARA","SANTA BARBARA",-119.70153898,34.40647869
6753340,2014,2015-02-10,4203,2014-12-29,1922,2736,,1,5,5,4203,0,0,0,,0,004,"CHAPALA ST","CANON PERDIDO ST",213.00,S,N,A,-,N,,,,,,,,,,N,3,0,1,2,A,-,03,22350,,N,C,C,A,A,H,-,C,A,0,,,,,Y,,-,,0,1,0,0,0,0,0,0,0,"- ","- ",34.250900000000001,-119.42046000000001,"SANTA BARBARA","SANTA BARBARA",-119.70118049,34.419114180000001
6753348,2014,2015-02-10,4203,2014-12-23,1025,6700,43,2,5,5,4203,0,0,0,,0,003,"COTA ST","SANTA BARBARA ST",5.00,W,N,A,-,N,,,,,,,,,,N,4,0,1,2,A,-,10,21950,A,N,G,B,B,A,H,-,A,A,0,Y,,,,Y,,A,07,0,0,1,0,1,0,0,0,0,"- ","- ",34.251130000000003,-119.41404,"SANTA BARBARA","SANTA BARBARA",-119.69451116,34.419879850000001
6753352,2014,2015-02-10,4203,2014-12-22,1904,7187,,1,5,5,4203,0,0,0,,0,003,"SANTA BARBARA ST","VALERIO ST",0.00,,Y,A,-,N,,,,,,,,,,N,4,0,2,2,A,-,12,22450,A,N,D,C,A,A,H,-,C,D,0,,,,,Y,,-,,0,0,2,0,0,0,0,0,0,"- ","- ",34.430169999999997,-119.70860999999999,"SANTA BARBARA","SANTA BARBARA",-119.70856993,34.430170070000003
6753356,2014,2016-06-22,4203,2014-12-22,1458,6700,21,1,5,5,4203,0,0,0,,0,006,"CARRILLO ST","RT 101",67.00,W,N,A,-,Y,SB,5,101,-,R,14.640,R,4,S,N,4,0,1,2,A,-,03,22350,,N,C,C,A,A,H,-,A,A,0,,,,,Y,,A,07,0,0,1,0,0,0,0,0,0,"- ",SO,34.245739999999998,-119.42278,"SANTA BARBARA","SANTA BARBARA",-119.70606809,34.41532419
6753360,2014,2015-02-10,4203,2014-12-25,0742,6110,,4,5,5,4203,0,0,0,,0,006,"CLIFF DR",MEIGS,312.00,W,N,A,-,Y,,,,,,,,,,Y,3,0,2,2,A,-,01,23152,,N,D,C,A,A,H,-,A,D,0,,,,,Y,Y,-,,0,2,0,0,0,0,0,0,0,"- ","- ",34.399999999999999,-119.72,"SANTA BARBARA","SANTA BARBARA",-119.72307123,34.401772309999998
6753678,2014,2015-02-10,4203,2014-12-22,1555,6978,12,1,5,5,4203,0,0,0,,0,002,"E YANONALI ST","GARDEN ST",588.00,E,N,-,-,N,,,,,,,,,,Y,4,0,1,3,A,-,01,23152,,N,E,E,A,A,H,-,A,D,0,,,,,Y,,D,22,0,0,1,0,0,0,0,0,0,"- ","- ",,,"SANTA BARBARA","SANTA BARBARA",-119.68707173,34.418362760000001
6753972,2014,2015-02-11,4204,2014-12-29,1155,90322,58,1,5,5,4204,0,0,0,,0,002,"PARK AV",ELIZABETH,0.00,,Y,A,-,N,,,,,,,,,,Y,3,0,2,2,A,-,08,22107,,N,A,C,A,A,H,-,A,D,0,,,,,Y,,A,01,0,1,1,0,0,0,0,0,0,"- ","- ",,,"SANTA BARBARA","SANTA MARIA",-120.42813992000001,34.94454004
6753974,2014,2015-02-11,4204,2014-12-19,1639,90081,54,5,5,5,4204,0,0,0,,0,002,"COLLEGE DR",BOONE,0.00,,Y,A,-,N,,,,,,,,,,Y,4,0,1,2,A,-,12,21453,A,N,D,C,A,A,H,-,C,A,0,,,,,Y,,A,01,0,0,1,0,0,0,0,0,0,"- ","- ",,,"SANTA BARBARA","SANTA MARIA",-120.42483989,34.946900050000004
6753975,2014,2015-02-11,4204,2014-12-15,0601,90228,60,1,5,5,4204,0,0,0,,0,002,"STOWELL RD","WESTERN AV",0.00,,Y,A,-,N,,,,,,,,,,Y,4,0,2,2,A,-,03,22350,,N,C,C,A,A,H,-,D,D,0,,,,,Y,,A,01,0,0,2,0,0,0,0,0,0,"- ","- ",,,"SANTA BARBARA","SANTA MARIA",-120.4495799,34.938720109999998
6753984,2014,2015-02-11,4203,2014-12-18,1610,2661,,4,5,5,4203,0,0,0,,0,005,"STATE ST","HOPE ST",69.00,W,N,A,-,N,,,,,,,,,,N,4,0,1,2,A,-,03,22350,,N,C,C,A,A,H,-,A,A,0,,,,,Y,,-,,0,0,1,0,0,0,0,0,0,"- ","- ",34.262500000000003,-119.44499999999999,"SANTA BARBARA","SANTA BARBARA",-119.74694866,34.440481839999997
6753995,2014,2015-02-11,4203,2014-12-27,0926,7774,,6,5,5,4203,0,0,0,,0,001,"NORTH MILPAS ST","EAST COTA ST",60.00,N,N,A,-,N,,,,,,,,,,Y,4,0,2,2,A,-,03,22350,,N,C,C,A,A,H,-,A,A,0,,,,,Y,,A,01,0,0,2,0,0,0,0,0,0,"- ","- ",34.253869999999999,-119.41127,"SANTA BARBARA","SANTA BARBARA",-119.68675797,34.427360030000003
6753996,2014,2016-02-17,4203,2014-12-24,1828,6973,,3,5,5,4203,0,0,0,,0,006,"WEST CARRILLO ST","RT 101",262.00,W,N,A,-,N,,,,,,,,,,N,2,0,1,2,A,-,07,21658,A,N,B,G,A,A,H,-,C,D,0,,Y,,,Y,,L,04,1,0,0,0,0,0,1,0,0,"- ","- ",34.415770000000002,-119.70809,"SANTA BARBARA","SANTA BARBARA",-119.70795886000001,34.415784909999999
6753998,2014,2015-02-11,4203,2014-12-30,0623,6374,,2,5,5,4203,0,0,0,,0,003,"STATE ST","EAST SOLA ST",0.00,,Y,A,-,N,,,,,,,,,,N,3,0,1,2,A,-,05,21650,,N,B,G,A,A,H,-,B,A,0,,Y,,,Y,,L,04,0,1,0,0,0,0,1,0,0,"- ","- ",34.283099999999997,-119.41249999999999,"SANTA BARBARA","SANTA BARBARA",-119.70702998,34.425240070000001
6754000,2014,2015-02-11,4203,2014-12-23,1810,6967,,2,5,5,4203,0,0,0,,0,004,"STATE ST","MISSION ST",252.00,S,N,A,-,N,,,,,,,,,,N,3,0,1,2,A,-,08,22100,B,N,D,G,A,A,H,-,C,D,0,,Y,,,Y,,-,,0,1,0,0,0,0,1,0,0,"- ","- ",34.253100000000003,-119.4203,"SANTA BARBARA","SANTA BARBARA",-119.71407201,34.430383669999998
6754744,2014,2016-02-16,9760,2014-11-03,1715,20029,9760,1,2,9,4200,0,1,2,,2,020,"UNIVERSITY DR","N SAN MARCOS RD",5.00,W,N,A,-,N,,,,,,,,,,N,4,0,1,2,A,-,03,22350,,N,C,C,A,A,H,-,C,A,0,,,,,Y,,A,01,0,0,1,0,0,0,0,0,0,"- ","- ",34.445230000000002,-119.79727,"SANTA BARBARA",UNINCORPORATED,-119.79706648,34.445191459999997
6843590,2014,2015-03-24,9760,2014-10-17,1155,20211,,5,1,9,4200,0,3,5,,2,002,"CALLE REAL","TURNPIKE RD",10.00,W,N,A,-,N,,,,,,,,,,N,3,0,1,2,A,-,10,21950,A,N,G,B,B,A,H,-,A,A,0,Y,,,,Y,,A,01,0,1,0,0,1,0,0,0,0,"- ","- ",34.443890000000003,-119.78946999999999,"SANTA BARBARA",UNINCORPORATED,-119.78941304,34.443862129999999
6843594,2014,2015-03-24,9760,2014-10-18,1025,18490,,6,1,9,4200,0,3,5,,2,001,"PARK LN","E MOUNTAIN DR",1056.00,N,N,A,-,N,,,,,,,,,,N,3,0,1,1,A,-,03,22350,,N,F,A,A,A,H,-,A,D,0,,Y,,,Y,,L,04,0,1,0,0,0,0,1,0,0,"- ","- ",34.264400000000002,-119.3652,"SANTA BARBARA",UNINCORPORATED,-119.6155893,34.445387500000002
6843598,2014,2015-03-25,9760,2014-10-19,1652,20211,,7,2,9,4200,0,3,5,,2,002,"CATHEDRAL OAKS RD","POINSETTIA WY",300.00,E,N,A,-,N,,,,,,,,,,Y,3,0,1,3,A,-,03,22350,,N,C,C,A,A,H,-,A,D,0,,,,,Y,,A,07,0,1,0,0,0,0,0,0,0,"- ","- ",34.451650000000001,-119.8021,"SANTA BARBARA",UNINCORPORATED,-119.80239572000001,34.451599999999999
6847122,2014,2016-06-22,9760,2014-12-12,0142,019884,,5,3,9,4200,0,1,2,,2,010,"RT 101","RINCON RD",1552.00,S,N,B,C,Y,SB,5,101,-,R,0.340,H,-,S,Y,4,0,1,2,A,-,07,21658,A,N,B,C,A,B,H,-,D,D,1,,,,,Y,Y,A,01,0,0,1,0,0,0,0,0,0,"- ","- ",34.378990000000002,-119.48130999999999,"SANTA BARBARA",UNINCORPORATED,-119.48195939999999,34.380262500000001
6847126,2014,2016-06-22,9760,2014-12-10,1240,012263,,3,1,9,4200,0,1,2,,1,030,"RT 101","EL CAPITAN STATE BEACH RD",1056.00,S,N,A,-,Y,SB,5,101,-,-,33.650,H,-,S,N,4,0,1,2,A,-,03,22350,,N,C,C,A,A,H,-,A,D,5,,,,,Y,,A,01,0,0,1,0,0,0,0,0,0,"- ","- ",34.462440000000001,-120.10686,"SANTA BARBARA",UNINCORPORATED,-120.01797091,34.462607589999998
6847166,2014,2015-04-08,9760,2014-12-04,1533,018490,,4,2,9,4200,0,3,5,,2,001,"SAN YSIDRO RD","LA VEREDA RD",0.00,,Y,A,-,N,,,,,,,,,,N,2,0,1,2,A,-,09,21802,A,N,D,G,A,A,H,-,A,A,0,,Y,,,Y,,A,07,1,0,0,0,0,0,1,0,0,"- ","- ",34.425040000000003,-119.63164999999999,"SANTA BARBARA",UNINCORPORATED,-119.6315599,34.425080059999999
6847170,2014,2015-04-08,9760,2014-12-07,0035,019656,,7,3,9,4200,0,3,5,,2,005,"CAMINO CORTO","FORTUNA LN",35.00,S,N,A,-,N,,,,,,,,,,N,3,0,2,2,A,-,11,21956,,N,G,B,E,A,H,-,C,D,0,Y,Y,,,Y,Y,N,60,0,2,0,0,1,0,1,0,0,"- ","- ",34.412089999999999,-119.86644,"SANTA BARBARA",UNINCORPORATED,-119.86642141,34.412303899999998
6847174,2014,2016-06-22,9760,2014-12-02,1807,018803,,2,2,4,4214,0,1,2,,2,020,"RT 101","PATTERSON AV",800.00,S,N,C,-,Y,SB,5,101,-,-,21.010,H,-,N,Y,4,0,1,2,A,-,03,22350,,N,C,C,A,B,H,-,C,D,1,,,,,Y,,A,01,0,0,1,0,0,0,0,0,0,"- ","- ",34.44182,-119.80534,"SANTA BARBARA",GOLETA,-119.80586735999999,34.441778720000002
6847178,2014,2015-04-08,9760,2014-12-08,1839,018803,,1,2,9,4200,0,3,5,,2,002,"HOLLISTER AV","TURNPIKE RD",0.00,,Y,A,-,N,,,,,,,,,,Y,3,0,1,2,A,-,01,23152,A,N,D,C,A,A,H,-,C,A,0,,,,,Y,Y,A,07,0,1,0,0,0,0,0,0,0,"- ","- ",34.436700000000002,-119.7895,"SANTA BARBARA",UNINCORPORATED,-119.78944992,34.436640079999997
6847182,2014,2015-04-08,9760,2014-12-10,1855,017097,,3,2,9,4200,0,3,5,,2,005,"CAMINO DEL SUR","PASADO RD",0.00,,Y,A,-,N,,,,,,,,,,N,3,0,1,2,A,-,09,21801,A,N,A,G,A,A,H,-,C,D,0,,Y,,,Y,,A,01,0,1,0,0,0,0,1,0,0,"- ","- ",34.411740000000002,-119.86259,"SANTA BARBARA",UNINCORPORATED,-119.86257998000001,34.411700099999997
6937977,2014,2015-09-19,4204,2014-11-26,2228,23323,49,3,5,5,4204,0,0,0,,0,002,"CYPRESS ST",SCHOOL,175.00,E,N,A,-,N,,,,,,,,,,N,4,0,1,2,A,-,08,22100,B,M,D,G,A,A,H,-,C,A,0,,Y,,,Y,,-,,0,0,1,0,0,0,1,0,0,"- ","- ",,,"SANTA BARBARA","SANTA MARIA",-120.42942621,34.950920000000004
6754752,2014,2016-06-22,9760,2014-11-04,1449,17374,,2,2,9,4200,0,1,2,,2,011,"RT 101","CARRILLO ST",3168.00,N,N,A,-,Y,SB,5,101,-,R,15.390,H,-,S,N,4,0,1,2,A,-,07,21658,A,N,B,C,A,A,H,-,A,A,1,,,,,Y,,A,01,0,0,1,0,0,0,0,0,0,"- ","- ",34.414920000000002,-119.71034,"SANTA BARBARA",UNINCORPORATED,-119.71569746999999,34.42204898
6755684,2014,2015-02-04,4202,2014-12-17,0811,292,,3,5,4,4202,0,0,0,,0,,"7TH ST","OCEAN AV",53.00,N,N,A,-,N,,,,,,,,,,Y,4,0,2,3,A,-,03,22350,,N,D,C,A,A,H,-,A,A,0,,,,,Y,,A,07,0,0,2,0,0,0,0,0,0,"- ","- ",,,"SANTA BARBARA",LOMPOC,-120.44029999999999,34.639015579999999
6755687,2014,2015-02-04,4203,2014-12-05,1753,6983,,5,5,5,4203,0,0,0,,0,,"HOLLISTER AV","LA PATERA LN",0.00,,Y,A,-,N,,,,,,,,,,Y,4,0,2,2,A,-,12,21453,A,N,D,C,A,A,H,-,B,A,0,,,,,Y,,-,,0,0,2,0,0,0,0,0,0,"- ","- ",34.255899999999997,-119.5029,"SANTA BARBARA","SANTA BARBARA",-119.84134988,34.432870110000003
6755691,2014,2016-06-22,4203,2014-12-06,2127,7775,,6,5,5,4203,0,0,0,,0,006,"W CARRILLO ST","CARRILLO ST RT 101",0.00,,Y,A,-,Y,SB,5,101,-,R,14.920,R,4,S,Y,4,0,3,2,A,-,12,21453,A,N,A,C,A,A,H,-,C,A,0,,,,,Y,,-,,0,0,3,0,0,0,0,0,0,"- ","- ",34.245730000000002,-119.42287,"SANTA BARBARA","SANTA BARBARA",-119.70951238000001,34.417590279999999
6755707,2014,2015-02-04,4202,2014-12-02,1912,277,LOMPO,2,5,4,4202,0,0,0,,0,,"LAUREL AV","R ST",0.00,,Y,C,-,N,,,,,,,,,,N,4,0,1,2,A,-,12,22450,,N,D,C,A,B,H,-,C,D,0,,,,,Y,,A,01,0,0,1,0,0,0,0,0,0,"- ","- ",,,"SANTA BARBARA",LOMPOC,-120.47050986000001,34.643930070000003
6755759,2014,2015-02-04,4202,2014-12-23,1138,292,,2,5,4,4202,0,0,0,,0,,"CENTRAL AV","H ST",40.00,E,N,A,-,N,,,,,,,,,,Y,4,0,1,2,A,-,04,21703,,N,C,C,A,A,H,-,A,A,0,,,Y,,Y,,A,01,0,0,1,0,0,0,0,0,0,"- ","- ",,,"SANTA BARBARA",LOMPOC,-120.45769,34.660769999999999
6755775,2014,2015-02-05,4203,2014-12-10,1547,2661,,3,5,5,4203,0,0,0,,0,005,"HITCHCOCK WY","STATE ST",115.00,S,N,B,-,N,,,,,,,,,,N,3,0,1,2,A,-,09,21801,A,N,D,G,A,A,H,-,A,D,0,,Y,,,Y,,-,,0,1,0,0,0,0,1,0,0,"- ","- ",34.262300000000003,-119.444,"SANTA BARBARA","SANTA BARBARA",-119.74444843000001,34.440164240000001
6755779,2014,2015-02-05,4203,2014-12-09,0743,3197,,2,5,5,4203,0,0,0,,0,001,"S VOLUNTARIO ST","CACIQUE ST",90.00,S,N,A,-,N,,,,,,,,,,N,3,0,1,2,A,-,09,21801,A,N,D,G,A,A,H,-,A,D,0,,Y,,,Y,,-,,0,1,0,0,0,0,1,0,0,"- ","- ",34.251800000000003,-119.4025,"SANTA BARBARA","SANTA BARBARA",-119.67386549,34.421677369999998
6755783,2014,2015-02-05,4203,2014-12-08,1524,5751,,1,5,5,4203,0,0,0,,0,001,"N MILPAS ST","E YANONALI ST",0.00,N,N,A,-,N,,,,,,,,,,Y,4,0,1,2,A,-,03,22350,,N,C,C,A,A,H,-,A,D,0,,,,,Y,,-,,0,0,1,0,0,0,0,0,0,"- ","- ",34.253100000000003,-119.42039,"SANTA BARBARA","SANTA BARBARA",-119.68147997,34.423480089999998